Q1,Q2,Q3,Q4,Q5,Q6,id
[1],[2],[2],[],[1],[1] ,abs06944
[1],[4],[],[0],[1],[1] ,abs11469
1,6,1,[0],1,1 ,abs21422
[1],[2],[2],[],[],[0] ,abs02195
[1],[4 5],[],[0],[],[0] ,abs14966
[1],[6],[],[],[],[0] ,abs08287
[0],[],[],[],[0],[1] ,abs04592
[1],[2],[],[3],[1],[1] ,abs22126
[1],[],[2],[0],[],[0] ,abs13808
[1],[5],[2],[0],[],[0] ,abs10282
[1],[4 5 6],[],[0],[1],[1] ,abs08127
[1],[6],[],[0],[],[0] ,abs05704
[1],[6],[],[0],[1],[1] ,abs04529
[1],[4],[],[],[1],[1] ,abs17942
[1],[4 5 6],[],[0],[],[0] ,abs07451
[1],[5 6],[],[0],[],[0] ,abs13419
[0],[],[],[],[1],[1] ,abs03624
[1],[4 5 6],[2],[0],[1],[1] ,abs06143
[1],[3],[2],[0],[],[0] ,abs18360
[1],[4 6 7],[],[0],[],[1] ,abs13573
[1],[6],[2],[0],[],[0] ,abs12505
[1],[6],[],[0],[],[0] ,abs21608
[1],[4 5 6 7],[],[0],[],[0] ,abs05990
[1],[5 6],[],[0],[],[0] ,abs12598
[1],[4 5 6],[1],[0],[],[0],abs05348
[1],[2],[],[],[0],[1] ,abs15106
[1],[],[],[],[1],[1] ,abs13643
[1],[],[],[],[],[0] ,abs05912
[1],[4 5 6 7],[],[0],[1],[1] ,abs19145
1,4 6,2,0,1,1 ,abs08498
[1],[5 6],[],[0],[],[0] ,abs13035
[1],[1 2],[],[],[],[0] ,abs14930
[0],[],[],[],[],[0] ,abs15667
[1],[],[2],[],[1],[1] ,abs17254
[0],[],[],[],[],[0] ,abs02509
[1],[4],[],[],[0],[0] ,abs08122
[1],[2],[2],[],[0],[1] ,abs06680
[1],[5 6],[],[0],[],[0] ,abs05731
[1],[5 6],[1],[],[1],[0] ,abs05662
[1],[4 5 6],[],[],[],[0] ,abs09347
[0],[],[],[],[0],[1] ,abs18089
[1],[1 2],[],[22],[],[0] ,abs03151
[1],[6],[],[0],[],[0] ,abs04128
[0],[],[],[],[0],[1] ,abs04964
[1],[4 5],[],[0],[],[0] ,abs15777
[1],[2],[],[],[0],[0] ,abs03011
[1],[6],[],[0],[],[0] ,abs03912
[1],[],[],[],[1],[1] ,abs13786
[1],[4 5 6],[2],[0],[],[0] ,abs08240
[1],[4 5 6],[],[0],[],[0] ,abs13535
[1],[5 6],[2],[0],[],[0] ,abs06351
[1],[2],[],[18],[1],[1] ,abs22238
[1],[0],[],[0],[],[0] ,abs14668
[1],[4 5 6],[2],[0],[],[0] ,abs09220
[1],[2],[],[],[0],[1] ,abs22021
[0],[],[],[],[1],[1] ,abs00698
[1],[2],[],[16],[0],[1] ,abs05012
[1],[6],[2],[0],[],[0] ,abs07488
[1],[1 2 5 6],[],[],[1],[0] ,abs13070
[0],[],[],[],[1],[1] ,abs17176
[1],[6],[],[0],[],[1] ,abs21441
[1],[5 6],[],[0],[],[0] ,abs14713
[0],[],[],[],[1],[1] ,abs01649
[1],[2 3 6],[2],[],[1],[1] ,abs18578
[1],[5],[],[],[0],[1] ,abs18733
[1],[5 6],[],[0],[],[0] ,abs09832
[1],[3],[],[0],[],[0] ,abs17561
[1],[],[],[],[0],[0] ,abs22168
[1],[2],[],[],[1],[1] ,abs18553
[1],[],[],[],[1],[1] ,abs20637
[1],[6],[2],[0],[1],[1] ,abs13776
[1],[5],[1],[0],[1],[0] ,abs16529
[0],[],[],[],[0],[0] ,abs03558
[1],[6],[2],[0],[],[0] ,abs00951
[1],[2],[],[],[1],[1] ,abs17165
[1],[6],[2],[0],[],[1] ,abs08936
[1],[3],[],[0],[1],[1] ,abs19580
[1],[3],[],[],[],[0] ,abs03346
[1],[4 5 6],[],[0],[],[0] ,abs12705
[1],[2],[],[0],[1],[0] ,abs19188
[1],[],[2],[0],[1],[1] ,abs10208
[1],[1 2],[2],[],[],[0] ,abs06597
[1],[2 4],[],[16],[1],[1] ,abs10871
[1],[5],[],[0],[1],[1] ,abs15504
[0],[],[],[],[0],[1] ,abs02902
[1],[3],[],[0],[],[0] ,abs22200
[1],[6],[],[0],[],[0] ,abs04706
[1],[2],[],[],[1],[1] ,abs21885
[1],[2],[],[],[1],[1] ,abs20186
1,3,2,[],1,1 ,abs14331
[1],[6],[],[0],[],[0] ,abs20019
[0],[],[],[],[],[0] ,abs13593
[1],[4 5 6 7],[],[],[1],[1] ,abs09388
[1],[4 5 6 7],[],[0],[],[0] ,abs07257
[0],[],[],[],[],[0] ,abs15323
[0],[],[],[],[],[0] ,abs05155
1,4 5 6,2,0,1,1 ,abs19318
[1],[4 5],[],[0],[],[0] ,abs12487
[1],[6],[2],[0],[],[0] ,abs03787
[1],[7],[],[0],[],[0] ,abs15045
[1],[2],[],[],[1],[1] ,abs17777
[0],[],[],[],[0],[1] ,abs14235
[0],[],[],[],[0],[1] ,abs03604
[1],[2],[2],[],[1],[1] ,abs00584
1,0,2,[],1,1 ,abs01730
[],[],[],[],[0] ,abs16355
[1],[6],[2],[0],[],[0] ,abs08870
[0],[],[],[],[1],[1] ,abs11004
1,4,2,[],1,1 ,abs04708
[1],[1 2],[],[34],[1],[1] ,abs20629
[1],[6],[],[0],[],[0] ,abs11398
[1],[5 6 7],[],[0],[],[0] ,abs07780
[1],[5 6],[],[0],[],[0] ,abs01792
[1],[6],[],[0],[1],[1] ,abs03021
[1],[2],[2],[12],[1],[1] ,abs14248
[1],[2],[],[0],[1],[1] ,abs11747
[1],[6],[1],[0],[1],[1] ,abs07507
[1],[1 2],[],[7],[1],[1] ,abs00065
[1],[6],[],[0],[0],[1] ,abs04488
[0],[],[],[],[1],[1] ,abs00321
[1],[],[],[0],[1],[1] ,abs22258
[1],[6],[2],[0],[],[0] ,abs09073
[1],[6],[],[0],[1],[0] ,abs09123
[1],[6],[],[0],[1],[1] ,abs03276
[1],[1 2],[],[7],[1],[1] ,abs15188
[0],[],[],[],[],[0] ,abs16400
[1],[2],[],[12],[1],[1] ,abs18608
[1],[5],[],[0],[],[0] ,abs07638
[1],[6],[],[0],[1],[1] ,abs19018
[1],[2],[],[22],[],[0] ,abs17738
[0],[],[],[],[0],[1] ,abs14191
[0],[],[],[],[0],[1] ,abs03337
[1],[4 5 6],[],[0],[],[0] ,abs05772
[1],[1 2],[],[22],[],[0] ,abs15232
[1],[4 5 6],[],[0],[],[0] ,abs13551
[1],[],[2],[],[1],[1] ,abs17416
[0],[],[],[],[1],[1] ,abs02241
[1],[2],[],[0],[0],[1] ,abs06917
[1],[0],[0],[0],[0],[1] ,abs14225
[1],[2],[2],[0],[1],[1] ,abs06934
[1],[4 5],[1],[0],[],[0] ,abs04310
[1],[],[2],[0],[1],[1] ,abs06605
[1],[5 6],[],[0],[],[0] ,abs15320
[1],[],[],[],[0],[1] ,abs03415
1,[],2,[],1,1 ,abs01433
[0],[],[],[],[0],[1] ,abs02521
1,5 6,1,0,1,1 ,abs07806
[1],[4],[],[0],[],[0] ,abs09729
[1],[5 6],[1],[0],[],[0],abs05338
[1],[1 2],[],[],[1],[1] ,abs11578
1,4,2,[0],1,1 ,abs20553
[1],[4 5 6],[2],[0],[],[0] ,abs05553
[0],[],[],[],[0],[1] ,abs05264
[1],[],[],[0],[1],[1] ,abs17043
[1],[],[],[0],[1],[1] ,abs00070
[1],[4 5 6],[2],[0],[],[0] ,abs07915
[1],[6],[],[0],[],[0] ,abs11597
[0],[],[],[],[],[0] ,abs18092
[1],[6],[2],[0],[0],[1] ,abs17060
[1],[6],[2],[0],[],[0] ,abs08120
[1],[5 6],[],[0],[],[0] ,abs06128
0,[],[],[],1,1 ,abs16378
[1],[6],[],[0],[0],[0] ,abs18824
[1],[2],[2],[0],[1],[1] ,abs14067
[1],[1 2],[],[9],[1],[1] ,abs02205
[1],[4 5 6],[1],[0],[1],[1] ,abs15024
[1],[4 5 6],[],[0],[],[0] ,abs15059
[1],[4 5 6],[],[0],[1],[0] ,abs07177
[0],[],[],[],[1],[1] ,abs14279
[0],[],[],[],[1],[1] ,abs18294
[1],[5 6],[1],[0],[1],[1] ,abs07746
[1],[1],[],[34],[0],[0] ,abs09826
[1],[2],[2],[],[],[0] ,abs03665
[0],[],[],[],[0],[1] ,abs04175
[0],[],[],[],[0],[0] ,abs15120
1,4 6 7,1,0,1,1 ,abs07873
[1],[4 5 6],[],[0],[],[0] ,abs11046
[1],[5 6],[],[0],[],[0] ,abs16456
[1],[4 5 6],[2],[0],[],[0] ,abs16566
[1],[7],[1],[0],[],[0],abs08994
[0],[],[],[],[1],[1] ,abs03052
[1],[],[],[],[0],[0] ,abs05267
[1],[],[],[],[],[1] ,abs01128
[1],[5],[1],[0],[],[0] ,abs13351
[1],[],[],[],[1],[1] ,abs01487
[1],[4 5],[],[0],[],[0] ,abs07950
[1],[2],[2],[],[1],[1] ,abs02504
[1],[5],[],[0],[],[0] ,abs16308
[1],[2],[],[0],[1],[1] ,abs06996
[1],[2],[2],[],[1],[0] ,abs08422
[1],[4 5],[],[0],[],[0] ,abs14944
[1],[5 6],[],[0],[],[0] ,abs02731
abs00873
[0],[],[],[],[0],[1] ,abs00975
[1],[2],[],[],[],[0] ,abs08095
[1],[3],[],[0],[],[0] ,abs20437
[1],[6],[2],[0],[],[0] ,abs07696
[0],[],[],[],[],[0] ,abs15764
[1],[4 5 6],[1],[0],[],[0] ,abs13347
[1],[6],[],[0],[],[0] ,abs02429
[1],[5],[1],[0],[1],[0] ,abs05597
[1],[6],[2],[0],[1],[0] ,abs19200
[1],[6],[],[0],[1],[1] ,abs09635
[1],[],[],[],[],[0] ,abs15672
[1],[6],[],[0],[1],[1] ,abs00416
[0],[],[],[],[0],[1] ,abs17468
[1],[6],[2],[0],[],[0] ,abs19554
[1],[4 5],[],[],[],[0] ,abs01230
[0],[],[],[],[1],[1] ,abs10057
[1],[5],[],[0],[],[0] ,abs17343
[1],[2],[2],[],[1],[1] ,abs14092
[0],[],[],[],[1],[1] ,abs10195
[1],[2],[],[],[1],[1] ,abs20658
[1],[4],[],[],[1],[1] ,abs00979
[1],[3],[2],[0],[1],[1] ,abs17040
[1],[4 5 6],[],[0],[],[0] ,abs08064
[1],[1 3 5 6],[],[],[],[0] ,abs19375
[1],[5],[],[0],[],[0] ,abs19826
[1],[3],[],[0],[1],[1] ,abs20789
[1],[],[2],[0],[],[1] ,abs06559
[1],[6],[2],[0],[],[1] ,abs10714
[1],[5 6],[],[0],[],[0] ,abs18986
[1],[4 5 6],[],[0],[],[0] ,abs08861
[0],[],[],[],[0],[1] ,abs14394
[1],[],[],[],[],[1] ,abs14438
[0],[],[],[],[1],[1] ,abs03250
[0],[],[],[0],[1] ,abs05055
1,4 5 6,2,[],1,0 ,abs11181
[0],[],[],[],[],[0] ,abs15980
[0],[],[],[],[0],[1] ,abs15968
1,6,1,0,1,1 ,abs07960
[1],[6 7],[1],[0],[],[0] ,abs15651
[1],[2],[],[3],[0],[1] ,abs06942
[1],[4],[],[0],[1],[1] ,abs15736
[1],[5 6],[1],[0],[],[0] ,abs16919
[1],[1 2],[],[],[1],[1] ,abs07087
1,[],[],[0],1,1 ,abs04416
[1],[6],[2],[0],[],[0] ,abs05664
[0],[],[],[],[1],[1] ,abs02170
[1],[5],[],[0],[],[0] ,abs15084
[1],[2 3],[],[0],[],[0] ,abs02777
[0],[],[],[],[0],[1] ,abs03993
1,1 2,2,3,1,1 ,abs10403
[1],[6],[1],[0],[],[0] ,abs13410
[1],[6],[2],[0],[],[1] ,abs10308
[1],[5 6],[2],[0],[],[0] ,abs09190
[1],[6],[],[0],[1],[1] ,abs15430
[1],[2],[2],[0],[1],[1] ,abs17300
[1],[],[],[0],[0],[1] ,abs21773
[1],[7],[2],[0],[1],[1] ,abs03997
[1],[2],[],[],[1],[0] ,abs18668
[1],[2],[],[18],[1],[1] ,abs10115
[1],[2],[1],[],[],[0] ,abs08535
[1],[4 5 6],[],[0],[1],[1] ,abs06034
[0],[],[],[],[1],[1] ,abs03373
[1],[6],[2],[0],[],[0] ,abs11824
[0],[],[],[],[1],[1] ,abs16996
[0],[],[],[],[1],[1] ,abs10187
[1],[4 5 6],[],[0],[],[0] ,abs10904
[1],[5],[],[0],[],[0] ,abs12286
[1],[4],[],[0],[],[0] ,abs05728
[0],[],[],[],[1],[1] ,abs16962
[0],[],[],[],[],[0] ,abs18009
[1],[4 5 6 7],[],[0],[],[0] ,abs14999
[1],[6],[2],[0],[],[0] ,abs04667
[0],[],[],[],[0],[1] ,abs06788
[1],[5 6],[],[0],[],[0] ,abs08054
[0],[],[],[],[],[0] ,abs17954
[1],[4 5 6],[2],[0],[],[0] ,abs05971
[0],[],[],[],[],[0] ,abs21519
[1],[4 5 6],[],[0],[1],[1] ,abs12135
[1],[4 5],[2],[0],[],[0] ,abs18018
[1],[2],[],[],[1],[1] ,abs21115
[1],[3],[],[],[1],[0] ,abs18747
[1],[6],[],[0],[],[0] ,abs03675
[1],[4 5 6 7],[],[0],[],[0] ,abs07369
[1],[6],[2],[0],[],[0] ,abs13392
[1],[4 5 6],[],[0],[],[0] ,abs09846
[1],[6],[2],[0],[],[0] ,abs09796
[1],[6],[],[0],[],[0] ,abs05279
[1],[5 6],[],[0],[],[0] ,abs12642
[1],[4 5 6],[1],[0],[],[0] ,abs12758
[1],[],[],[],[0],[1] ,abs15567
[1],[4],[2],[0],[],[0] ,abs08108
[1],[4],[],[0],[],[0] ,abs13173
1,2,2,[],1,1 ,abs17619
[1],[4 5 6],[1],[0],[],[0] ,abs14877
[1],[],[],[0],[0],[1] ,abs22075
[1],[6],[],[0],[1],[1] ,abs01904
[1],[2],[],[0],[1],[1] ,abs20310
[0],[],[],[],[0],[1] ,abs03561
[1],[4 6],[2],[0],[],[0] ,abs11495
[1],[6],[2],[0],[],[0] ,abs04444
[0],[],[],[],[0],[1] ,abs04956
[1],[6],[2],[0],[],[0] ,abs04803
[1],[4 6],[],[0],[],[0] ,abs11113
[1],[6],[],[0],[1],[1] ,abs12854
[1],[0],[],[0],[],[0] ,abs05784
[0],[],[],[],[],[0] ,abs16880
[1],[4 5 6],[2],[23],[],[0] ,abs16650
[1],[5 6],[],[0],[],[0] ,abs09438
[0],[],[],[],[1],[1] ,abs04236
[1],[6],[],[0],[],[0] ,abs12436
[1],[6],[],[0],[1],[1],abs07090
[1],[],[],[0],[],[0] ,abs03275
[1],[2],[],[],[1],[1] ,abs04859
[1],[],[2],[],[1],[1] ,abs06631
[1],[2],[],[],[],[0] ,abs15377
[1],[],[],[],[0],[1] ,abs02682
[1],[2],[],[],[1],[1] ,abs20907
[1],[4 6],[2],[0],[1],[1] ,abs08927
[0],[],[],[],[0],[0] ,abs04425
[1],[1 2],[],[],[],[1] ,abs22243
[1],[6],[],[0],[1],[1] ,abs01522
[1],[6],[],[0],[],[1] ,abs04078
[1],[4 5 6],[],[0],[],[0] ,abs10743
[0],[],[],[],[1],[1] ,abs17433
[1],[6],[2],[0],[],[0] ,abs01030
[1],[6],[],[0],[],[0] ,abs15333
[1],[6],[],[0],[],[0] ,abs17915
[1],[4],[],[],[0],[1] ,abs15930
[1],[4 6],[2],[0],[],[1] ,abs13424
abs14519
[1],[4 5 6],[],[0],[],[0] ,abs08121
[1],[6],[2],[0],[],[0] ,abs11620
[1],[5],[1],[0],[],[0] ,abs14703
[1],[5],[],[0],[],[0] ,abs19100
[1],[3],[2],[0],[],[0] ,abs20663
[1],[],[],[0],[0],[1] ,abs04249
1,2,2,3,1,1 ,abs19002
[1],[2],[],[24],[1],[1] ,abs15176
[0],[],[],[],[1],[1] ,abs03894
[1],[2],[2],[0],[1],[1] ,abs19049
[1],[5],[],[0],[],[0] ,abs16115
[1],[6],[],[0],[],[0] ,abs13125
[1],[1 2],[],[],[1],[0] ,abs12232
[1],[4 5 6],[],[0],[],[0] ,abs05767
[1],[],[1],[],[1],[1] ,abs19680
[1],[2],[2],[],[1],[0] ,abs10068
[1],[4 5],[],[0],[1],[0] ,abs20833
[1],[6 7],[],[],[],[0] ,abs19953
1,2,1,[],1,1 ,abs06890
[0],[],[],[],[0],[0] ,abs02512
[1],[6],[2],[0],[],[0] ,abs14933
[1],[3],[],[0],[],[0] ,abs20852
[1],[1 2],[],[],[],[0] ,abs12542
1,4 5 6 7,2,0,1,1 ,abs09134
[1],[6],[],[0],[],[0] ,abs04987
[1],[6],[2],[0],[],[0] ,abs11245
[1],[4 5],[],[0],[],[0] ,abs09839
[1],[6],[1],[0],[1],[1] ,abs01156
[0],[],[],[],[0],[1] ,abs21914
[1],[6],[],[0],[1],[1] ,abs20608
[1],[5],[1],[0],[1],[0] ,abs12211
[1],[4 5],[2],[0],[],[0] ,abs17882
[1],[2],[],[],[1],[1] ,abs00544
[1],[2],[],[0],[1],[1] ,abs01910
[1],[4],[],[],[1],[0] ,abs18822
[1],[2],[],[0],[1],[1] ,abs01937
[1],[],[2],[0],[1],[1] ,abs10644
[1],[6],[],[0],[1],[1] ,abs03737
[1],[2],[],[24],[],[0] ,abs16527
[1],[],[],[0],[],[0] ,abs08230
[1],[4 5 6],[2],[0],[1],[1] ,abs08249
[1],[2],[],[14 15 26],[1],[1] ,abs19780
[1],[4 6],[2],[0],[],[0] ,abs09916
[1],[4 5 6],[],[0],[],[0] ,abs13799
[1],[2],[],[],[1],[1] ,abs00057
[1],[4 5],[],[0],[],[0] ,abs08517
[1],[4 5],[2],[0],[],[0] ,abs05806
[1],[2],[],[],[],[0] ,abs14791
[0],[],[],[],[],[0] ,abs12426
[1],[4 5 6],[2],[0],[],[1] ,abs09888
[1],[4 5 6],[],[0],[],[0] ,abs10946
[1],[],[],[],[],[1] ,abs14081
[1],[1 2],[],[],[1],[0] ,abs04142
[1],[],[],[],[0],[1] ,abs22098
[1],[3],[],[0],[1],[1] ,abs02262
[1],[3],[],[0],[1],[1] ,abs20871
[1],[],[2],[0],[1],[1] ,abs06560
[1],[4 5],[2],[0],[],[0] ,abs17876
[1],[6],[],[0],[1],[0] ,abs14761
[1],[4 5 6],[2],[0],[1],[1] ,abs08062
[1],[6],[],[0],[1],[1] ,abs20261
[0],[],[],[],[1],[1] ,abs17488
[1],[3],[],[0],[1],[1] ,abs04557
[1],[6],[],[0],[1],[1] ,abs01955
[1],[6],[],[0],[],[0] ,abs16070
[1],[6],[2],[0],[],[0] ,abs10802
[1],[4 6],[2],[0],[],[0] ,abs14893
[0],[],[],[],[],[0] ,abs12255
[1],[4 5 6],[1],[0],[],[0] ,abs14860
abs06416
[1],[4 5 6],[],[0],[],[0] ,abs19324
1,3,1,0,1,1 ,abs06431
[1],[2],[],[],[0],[1] ,abs14686
[0],[],[],[],[1],[1] ,abs17170
[0],[],[],[],[1],[1] ,abs07053
[1],[6 7],[],[0],[1],[1] ,abs02033
[1],[5 6],[],[0],[1],[0] ,abs01431
[1],[3],[],[0],[1],[1] ,abs02262
[1],[5 6],[],[0],[],[0] ,abs10751
[1],[],[],[0],[1],[1] ,abs10539
[0],[],[],[],[1],[1] ,abs01876
[0],[],[],[],[1],[1] ,abs18259
[1],[1 2],[],[14 26],[],[0] ,abs11585
[1],[],[0],[0],[0],[1] ,abs22254
[0],[],[],[],[0],[1] ,abs00763
[1],[5],[1],[0],[],[0] ,abs17786
[1],[0],[0],[0],[0],[1] ,abs01951
[1],[],[],[],[1],[1] ,abs14442
[1],[4 5],[1],[0],[],[0],abs08409
[1],[],[2],[],[],[1] ,abs06648
[0],[],[],[],[0],[1] ,abs01456
[0],[],[],[],[0],[1] ,abs02451
[1],[2],[2],[0],[1],[1] ,abs18388
[1],[],[],[],[1],[1] ,abs18607
[1],[2],[],[],[],[0] ,abs18776
[1],[2],[],[21],[1],[1] ,abs00087
[1],[1 2],[1],[],[1],[1] ,abs20403
[1],[4 7],[],[0],[],[0] ,abs11367
[0],[],[],[],[1],[1] ,abs17690
[1],[2],[],[],[1],[1] ,abs17542
[1],[],[2],[],[0],[1] ,abs03959
[1],[5],[],[0],[],[0] ,abs12479
[1],[],[],[0],[0],[1] ,abs19263
[1],[],[],[],[0],[0] ,abs09666
[1],[4],[],[0],[],[0] ,abs00465
[1],[5],[],[0],[],[0] ,abs04470
[1],[],[],[],[1],[1] ,abs17654
[1],[4 5 6],[],[0],[],[0] ,abs05331
[0],[],[],[],[0],[1] ,abs03925
[1],[4 5 6],[1],[0],[1],[0] ,abs17576
[1],[4 5 6],[],[0],[1],[1] ,abs05707
[1],[6],[2],[0],[],[0] ,abs02726
1,3,1,0,1,1 ,abs13772
[1],[4 5 6],[],[0],[],[0] ,abs17862
0,[],[],[],1,1 ,abs06759
[1],[3],[],[0],[1],[1] ,abs03560
[1],[4 5 6],[],[0],[1],[1] ,abs02043
[0],[],[],[],[0],[1] ,abs06570
[1],[2],[],[0],[1],[1] ,abs22169
[1],[4 5 6],[],[0],[],[0] ,abs12772
[1],[5],[1],[0],[1],[0] ,abs14931
[1],[],[2],[0],[1],[1] ,abs18549
[0],[],[],[],[0],[0] ,abs05094
[1],[4],[],[0],[],[0] ,abs18115
[1],[6],[1],[0],[],[0] ,abs07786
[1],[1 2],[2],[],[1],[1] ,abs22261
[1],[6],[],[0],[],[0] ,abs21259
[1],[4 5 6],[],[0],[],[0] ,abs09564
[1],[2],[],[],[1],[0] ,abs19666
[1],[4 5 6],[],[0],[],[0] ,abs12258
1,1 2,2,7,1,1 ,abs03799
[1],[6],[2],[],[1],[1] ,abs00399
[0],[],[],[],[],[0] ,abs00329
[1],[4],[],[0],[0],[1] ,abs14951
[1],[4 5 6],[1],[0],[],[0] ,abs07896
[1],[],[],[],[1],[0] ,abs04737
[1],[2],[],[],[1],[1] ,abs04004
[1],[5],[],[0],[],[0] ,abs05872
[1],[3],[],[],[],[0] ,abs04394
[1],[5 6],[2],[0],[1],[0] ,abs05356
[1],[5],[1],[0],[1],[0] ,abs16493
[1],[],[2],[],[1],[1] ,abs06736
[0],[],[],[],[],[0] ,abs01190
[1],[4 6],[2],[0],[1],[1] ,abs09754
[0],[],[],[],[1],[1] ,abs03325
1,3,1,0,1,1 ,abs15036
[1],[],[2],[0],[],[1] ,abs10446
1,6,1,0,1,1 ,abs19638
[1],[2],[2],[],[1],[1] ,abs22060
[1],[],[],[],[0],[1] ,abs19527
[1],[1 2],[2],[7],[1],[1] ,abs01132
[1],[1 2],[],[22],[1],[1] ,abs20474
[1],[],[2],[0],[1],[1] ,abs06484
[1],[3],[],[0],[1],[0] ,abs11208
[1],[4 5],[],[0],[],[0] ,abs15464
[1],[1 2],[],[22],[],[0] ,abs19873
[1],[3],[],[0],[1],[1] ,abs06276
[1],[3 6],[],[0],[],[0] ,abs14870
[1],[4 5 6],[],[0],[],[0] ,abs15808
[0],[],[],[],[0],[0] ,abs02080
[1],[4 5 6],[2],[0],[],[0],abs17872
[1],[2],[],[],[],[0] ,abs16474
[1],[2],[],[],[1],[1] ,abs03795
[1],[4 5 6],[2],[0],[],[0] ,abs14728
[1],[2],[],[],[1],[1] ,abs21685
[0],[],[],[],[0],[1] ,abs01374
1,4 5 6,[],[],1,1 ,abs11541
1,1 2 3 4 5 6,1,7,1,1 ,abs21639
[1],[4],[],[0],[1],[0] ,abs14754
[1],[0],[],[0],[1],[1] ,abs20550
1,[],2,[],1,1 ,abs20359
[1],[5],[2],[0],[1],[1] ,abs06264
[0],[],[],[],[1],[1] ,abs02555
[1],[5],[1],[0],[1],[0] ,abs01678
[1],[4],[],[],[0],[1] ,abs18154
[1],[5],[1],[0],[],[0],abs09202
[1],[2],[],[],[0],[1] ,abs18467
[1],[4 5 6],[],[0],[1],[1] ,abs19321
[0],[],[],[],[0],[1] ,abs05214
[1],[5 6],[],[],[],[0] ,abs11327
[1],[],[2],[0],[1],[1] ,abs17623
[0],[],[],[],[],[0] ,abs06115
[1],[],[],[0],[1],[1] ,abs21975
[1],[],[],[],[1],[1] ,abs10105
[1],[6],[],[0],[],[0] ,abs16166
[1],[1 2],[2],[7 22],[],[1] ,abs16290
[1],[2],[],[],[1],[0] ,abs00361
[1],[5],[],[0],[],[0] ,abs07298
[0],[],[],[],[0],[1] ,abs04801
[1],[2],[],[0],[1],[1] ,abs00126
[1],[1],[2],[],[1],[1] ,abs21611
[1],[5 6],[],[],[],[0] ,abs12611
[1],[],[],[],[1],[1] ,abs10367
1,3 6,2,0,1,1 ,abs20225
[1],[4 5 6],[1],[0],[1],[1] ,abs08908
[0],[],[],[],[1],[1] ,abs03664
[1],[4 5],[],[],[],[0] ,abs09341
[1],[4 5 6],[],[0],[],[0] ,abs08700
[1],[4],[],[18],[1],[1] ,abs12110
[1],[4 5 6],[],[0],[0],[1] ,abs11294
[0],[],[],[],[1],[1] ,abs00705
abs15476
[1],[2],[],[],[0],[0] ,abs12035
1,5 6,1,0,[],0 ,abs09724
[1],[7],[],[0],[],[0] ,abs15951
[1],[5 6],[2],[0],[],[0] ,abs18075
[1],[6],[],[],[1],[1] ,abs05341
[1],[1 2],[],[22],[1],[1] ,abs21080
[0],[],[],[],[0],[1] ,abs10363
[1],[1 3 6],[],[],[],[0] ,abs08964
[0],[],[],[],[0],[0] ,abs04436
1,5 6,2,0,1,1 ,abs09465
[1],[2],[],[12],[1],[1] ,abs02490
[1],[2],[],[24],[1],[0] ,abs04624
[1],[4 5],[1],[0],[],[0] ,abs07942
[1],[],[],[],[1],[1] ,abs17529
[0],[],[],[],[],[0] ,abs11235
[0],[],[],[],[0],[0] ,abs04618
[1],[6],[],[0],[],[0] ,abs09175
[1],[],[2],[],[],[1] ,abs10408
[1],[0],[],[0],[1],[1] ,abs00177
[1],[2],[2],[0],[1],[1] ,abs14340
[1],[4 5],[],[0],[],[0] ,abs21311
[1],[4 5 6],[2],[],[],[0] ,abs09684
[0],[],[],[],[0],[0] ,abs13418
[1],[3],[2],[0],[],[0] ,abs19253
[1],[4 5 6],[],[0],[],[0] ,abs13375
[1],[6],[2],[0],[],[0] ,abs07353
[1],[4 5],[],[0],[],[0] ,abs08341
[0],[],[],[],[1],[1] ,abs17730
[1],[1 2],[],[],[1],[1] ,abs06521
[1],[6],[1],[0],[1],[1] ,abs13552
[1],[6],[],[0],[1],[1] ,abs06764
[1],[2],[2],[0],[0],[1] ,abs07030
[1],[6],[2],[0],[],[0] ,abs08753
[1],[2],[],[],[1],[1] ,abs03224
[0],[],[],[],[1],[1] ,abs06824
[1],[],[],[0],[1],[1] ,abs20967
[0],[],[],[],[0],[1] ,abs17086
[1],[5 6],[],[],[],[0] ,abs08116
[1],[6],[],[0],[1],[1] ,abs19490
[1],[4 6],[2],[0],[1],[1] ,abs09253
[1],[4 5 6],[2],[0],[],[0] ,abs09553
[0],[],[],[],[1],[1] ,abs17038
[1],[1 2],[],[26],[1],[0] ,abs04098
[0],[],[],[],[],[0] ,abs13516
[1],[2],[],[0],[1],[1] ,abs10116
[1],[4 5 6],[],[0],[],[0] ,abs12511
[1],[5],[],[0],[],[0] ,abs05571
[1],[6],[],[0],[],[0] ,abs01989
[1],[5],[],[0],[],[0] ,abs07684
[0],[],[],[],[0],[1] ,abs18426
[5 6],[],[0],[],[0] ,abs19252
[0],[],[],[],[],[0] ,abs13237
[1],[],[],[],[],[1] ,abs21658
[0],[],[],[],[1],[1] ,abs10128
[1],[4 5],[],[0],[],[0] ,abs07127
[1],[],[],[],[1],[1] ,abs10258
[1],[4 6],[],[0],[],[0] ,abs09878
[1],[4 5 6],[],[0],[],[0] ,abs07264
[1],[6],[2],[0],[],[1] ,abs12498
[1],[6],[],[0],[],[0] ,abs07598
1,3,2,[],1,1 ,abs01952
[1],[6],[2],[0],[],[0] ,abs09005
[1],[2 3],[],[],[1],[1] ,abs03173
[1],[2],[2],[17],[1],[1] ,abs00201
[1],[4],[0],[0],[0],[1],abs08485
[0],[],[],[],[1],[1] ,abs02172
[1],[2],[],[],[1],[1] ,abs03774
[1],[4 6],[],[0],[1],[1] ,abs08091
abs00047
[0],[],[],[],[0],[1] ,abs18078
[1],[2],[],[0],[],[0] ,abs00717
[1],[],[],[0],[1],[1] ,abs06422
[0],[],[],[],[],[0] ,abs09497
[0],[],[],[],[0],[1] ,abs01148
[1],[2],[],[0],[1],[1] ,abs21903
[1],[2],[2],[],[1],[1] ,abs14346
[1],[],[2],[0],[],[1] ,abs03261
[1],[2],[],[],[],[1] ,abs04739
[1],[6],[2],[0],[],[0] ,abs12213
[1],[5],[2],[0],[],[0] ,abs07518
[1],[0],[2],[0],[],[0] ,abs11508
1,2,2,0,1,1 ,abs13766
[1],[6],[2],[0],[],[0] ,abs09317
[0],[],[],[],[0],[1] ,abs02856
[1],[4],[],[0],[],[0] ,abs11668
[1],[6],[2],[0],[],[0] ,abs16291
[1],[0],[],[0],[1],[1] ,abs02349
[1],[5 6],[],[0],[],[0] ,abs16503
[1],[],[],[0],[1],[1] ,abs13644
[1],[],[2],[0],[0],[1] ,abs05107
[1],[2],[],[],[0],[1] ,abs22233
[0],[],[],[],[1],[1] ,abs08013
[1],[4 6],[2],[0],[],[0] ,abs11466
[1],[6],[2],[0],[],[0],abs17414
1,3,2,0,1,1 ,abs01398
[0],[],[],[],[1],[1] ,abs03424
1,[],2,[],1,1 ,abs20386
[0],[],[],[],[1],[0] ,abs05051
[0],[],[],[],[0],[1] ,abs14252
[0],[],[],[],[0],[1] ,abs13713
[1],[5],[],[0],[],[0] ,abs21372
[0],[],[],[],[1],[1] ,abs04983
[1],[6],[],[0],[],[0] ,abs16740
[1],[6],[2],[0],[],[0] ,abs12852
[0],[],[],[],[1],[1] ,abs11253
[1],[4 5],[],[0],[],[0] ,abs10733
[1],[2],[],[],[1],[1] ,abs07096
[1],[2],[],[],[0],[0] ,abs05030
[1],[],[0],[0],[0],[1] ,abs17240
[0],[],[],[],[1],[1] ,abs01940
[1],[6],[2],[0],[],[0] ,abs21783
1,6 7,1,0,1,1 ,abs19066
[0],[],[],[],[1],[1] ,abs10505
1,4 5 6,2,[],0,1 ,abs17993
[1],[6],[1],[0],[1],[1] ,abs02445
[1],[4 5 6],[],[],[1],[1] ,abs21087
[0],[],[],[],[],[0] ,abs16634
1,2 3,0,[],1,1 ,abs18688
[1],[2],[],[22],[1],[1] ,abs21699
[1],[4 5 6],[],[0],[],[0] ,abs15317
[0],[],[],[],[0],[1] ,abs11404
[1],[5],[2],[0],[1],[0] ,abs09660
[1],[6],[],[0],[],[0] ,abs09726
[0],[],[],[],[0],[1] ,abs02037
abs00671
[1],[6],[2],[0],[],[0] ,abs12459
[1],[5 6],[],[0],[],[0] ,abs05997
[1],[],[2],[0],[1],[1] ,abs09154
[1],[1 2],[],[],[1],[1] ,abs06520
[0],[],[],[],[1],[1] ,abs04472
[1],[4 5],[1],[0],[],[0] ,abs07514
[1],[2],[],[26],[],[0] ,abs02876
[1],[2],[],[],[1],[1] ,abs01265
[0],[],[],[],[0],[1] ,abs02250
1,2,2,[],1,1 ,abs13442
[1],[],[],[],[1],[1] ,abs17334
[1],[6],[],[0],[],[0] ,abs20500
[0],[],[],[],[1],[1] ,abs14154
[1],[2],[2],[],[1],[1] ,abs00461
[1],[6],[2],[0],[],[0] ,abs15295
[1],[1 2],[],[],[1],[1] ,abs05124
[0],[],[],[],[0],[1] ,abs18073
[4 5 6],[],[0],[],[0] ,abs07880
[1],[6],[],[0],[],[0] ,abs05675
[1],[],[2],[0],[1],[1] ,abs18291
[1],[3 4 5 6],[],[],[1],[1] ,abs11249
[0],[],[],[],[0],[1] ,abs05106
[1],[5 6],[],[0],[],[0] ,abs07591
[1],[2],[1],[],[1],[1] ,abs18857
abs07376
[0],[],[],[],[0],[1] ,abs01619
1,4 5,2,0,1,1 ,abs05404
[1],[5 6],[2],[0],[],[0] ,abs12328
[1],[0],[],[0],[1],[1] ,abs13825
[1],[4 5 6],[],[0],[],[0] ,abs06562
[1],[3],[],[0],[1],[1] ,abs03251
1,3 6,2,0,1,1 ,abs13077
[1],[2],[2],[0],[],[1] ,abs21605
1,4 5 6,2,[],1,1 ,abs08110
[1],[0],[2],[],[0],[1],abs15212
[1],[2],[2],[],[1],[1] ,abs17120
[1],[7],[],[],[],[0] ,abs16054
[1],[4 6],[2],[0],[],[0] ,abs11778
[1],[],[0],[],[0],[1] ,abs20185
[1],[4 6],[],[0],[],[0] ,abs09032
[1],[3],[],[0],[1],[1] ,abs01576
[1],[6],[2],[0],[1],[0] ,abs03755
[1],[4],[],[0],[],[0] ,abs16778
[1],[3],[],[0],[1],[1] ,abs03572
[1],[6],[2],[0],[1],[0] ,abs19917
[1],[4 5],[],[0],[1],[1] ,abs12929
[1],[4 5 6],[],[0],[],[0] ,abs14956
[1],[4 5 6],[2],[0],[],[0] ,abs18749
[1],[6],[2],[0],[1],[0] ,abs18100
[1],[6],[],[0],[1],[0] ,abs11832
[1],[2],[],[12],[1],[1] ,abs00393
[0],[],[],[],[1],[1] ,abs03615
0,[],[],[],0,1 ,abs18143
[1],[5 6],[2],[0],[],[0] ,abs13082
[1],[4 5 6],[],[0],[1],[1] ,abs16202
[1],[4 5],[],[0],[],[0] ,abs08883
[1],[6],[2],[],[],[0] ,abs01372
[1],[],[2],[0],[],[0] ,abs13090
[1],[4 5 6],[],[0],[],[0] ,abs13343
[1],[2],[2],[25],[0],[0] ,abs22028
[1],[6],[],[0],[1],[1] ,abs03393
[1],[6],[],[0],[],[0] ,abs12535
[0],[],[],[],[1],[1] ,abs00906
[1],[1],[],[],[],[0] ,abs15717
[1],[4],[],[0],[1],[0] ,abs18893
[0],[],[],[],[1],[1] ,abs18309
[1],[6],[2],[0],[],[0] ,abs14935
[1],[2],[],[],[1],[1] ,abs20747
[1],[5 6],[1],[0],[1],[1] ,abs16771
[1],[6],[2],[0],[],[0] ,abs15940
[1],[2],[],[],[1],[1] ,abs21709
[0],[],[],[],[],[0] ,abs15303
[1],[5],[],[0],[],[0] ,abs11901
[0],[],[],[],[1],[1] ,abs19135
[1],[5],[0],[0],[],[0],abs02446
[1],[2],[],[0],[1],[1] ,abs01739
1,4 6,2,[],1,1 ,abs09181
[1],[6],[],[0],[1],[1] ,abs19432
[1],[6],[],[],[],[0] ,abs00435
[1],[2],[2],[],[1],[1] ,abs02854
[1],[1 2 6],[2],[7],[],[0],abs18623
[1],[2],[2],[],[1],[1] ,abs08208
1,[],[],[],1,1 ,abs20976
[1],[3],[],[0],[],[0] ,abs16564
[1],[4],[],[0],[1],[1] ,abs21124
[0],[],[],[],[0],[1] ,abs02219
[0],[],[],[],[],[0] ,abs02119
[1],[6],[2],[0],[],[0] ,abs21288
[1],[5 6],[2],[0],[],[0] ,abs09871
[1],[1 2],[],[22],[1],[1] ,abs13438
[1],[7],[2],[0],[],[0] ,abs09413
[1],[6],[],[0],[],[0] ,abs08714
[1],[2],[],[26],[],[0] ,abs20180
[0],[],[],[],[0],[1] ,abs04985
[1],[6],[2],[0],[],[0] ,abs12109
[1],[],[],[],[1],[0] ,abs08528
[0],[],[],[],[1],[1] ,abs04829
1,3,2,[],1,1 ,abs18992
1,3 5,1,[],1,0 ,abs06139
[1],[2],[],[],[0],[1] ,abs21573
[1],[3 6],[2],[0],[],[1] ,abs00874
[1],[],[],[0],[1],[1] ,abs14019
[0],[],[],[],[1],[1] ,abs17747
[0],[],[],[],[0],[1] ,abs04279
[1],[6],[2],[],[],[0] ,abs13400
[1],[4 5],[],[0],[],[0] ,abs15576
[1],[],[],[0],[0],[1] ,abs03447
abs00355
[1],[5],[1],[0],[],[0] ,abs11702
1,[],2,[],[],1 ,abs01821
[0],[],[],[],[1],[1] ,abs04669
[1],[4 5 6],[1],[0],[],[0] ,abs07726
[1],[],[2],[0],[],[1] ,abs22265
[1],[5 6],[1],[0],[],[0] ,abs07404
[1],[4 7],[],[0],[],[0] ,abs18000
[1],[2],[],[],[1],[1] ,abs17435
1,4 5,2,0,1,1 ,abs11970
[0],[],[],[],[1],[0] ,abs02212
[1],[2],[],[],[0],[1] ,abs21632
[1],[4 6],[],[0],[],[0] ,abs11105
[0],[],[],[],[0],[0] ,abs01830
[1],[4],[],[0],[],[0] ,abs15488
[1],[3],[1],[0],[1],[1] ,abs19586
[0],[],[],[],[],[0] ,abs09515
[1],[6],[],[0],[1],[1] ,abs19792
[1],[5],[2],[0],[],[0] ,abs18431
[1],[4 5 6],[],[0],[],[0] ,abs14718
[1],[4 5 6],[2],[0],[],[0] ,abs18112
[1],[2],[2],[],[1],[1] ,abs20695
1,3,1,0,1,1 ,abs19228
[0],[],[],[],[],[0] ,abs16411
[1],[4 5 6],[],[0],[],[0] ,abs11931
[1],[2],[],[],[],[0] ,abs00268
[1],[4 5 6],[],[0],[],[0] ,abs16545
[1],[6],[2],[0],[],[0] ,abs18802
[1],[6],[],[0],[],[0] ,abs15845
[3],[1],[0],[1],[0] ,abs19567
[1],[],[2],[0],[1],[1] ,abs06823
[1],[],[],[0],[1],[1] ,abs04558
[1],[4],[],[],[1],[0] ,abs18704
[1],[],[],[0],[],[0] ,abs04231
[1],[3],[],[],[],[0] ,abs13329
[1],[4 5 6],[],[0],[1],[1] ,abs05482
[1],[6],[],[0],[],[0] ,abs14732
[1],[2],[2],[],[1],[1] ,abs03421
[0],[],[],[],[0],[1] ,abs07913
[1],[6],[2],[0],[1],[1] ,abs19924
[0],[],[],[],[],[0] ,abs12420
[1],[2],[],[],[],[0] ,abs19892
[1],[5 6],[],[0],[],[0] ,abs12030
[1],[1 2],[],[],[1],[1] ,abs22043
1,5 6,1,[],1,1 ,abs19665
[1],[5],[],[0],[],[0] ,abs10142
[1],[2],[2],[0],[1],[1] ,abs01972
[1],[5],[],[0],[],[0] ,abs12526
[1],[6],[2],[0],[],[0] ,abs16725
[1],[4 5 6],[2],[0],[],[0] ,abs05334
[1],[6],[],[0],[1],[1] ,abs19863
[1],[6],[],[0],[1],[1] ,abs15181
[1],[5],[],[0],[],[0] ,abs15524
[1],[6],[2],[0],[],[0] ,abs09352
[1],[4 5 6],[1],[],[],[0] ,abs05810
[1],[6],[],[0],[1],[0] ,abs03693
[1],[6],[1],[0],[],[0] ,abs15426
[1],[],[],[],[0],[1] ,abs04028
1,4 5 6,2,[0],1,1 ,abs05418
1,[],[],[],[],1 ,abs22125
[0],[],[],[],[1],[1] ,abs03117
[1],[6],[],[0],[],[0] ,abs00291
[1],[2],[],[],[],[0] ,abs20732
[1],[],[],[0],[1],[1] ,abs10588
[1],[2],[2],[],[],[0] ,abs01450
[1],[4 5 6],[],[0],[1],[1] ,abs12483
[1],[6],[],[0],[1],[1] ,abs20575
[1],[],[2],[],[1],[1] ,abs18538
1,4,2,[0],1,1 ,abs16259
[0],[],[],[],[1],[1] ,abs09456
[0],[],[],[],[],[0] ,abs14680
abs12928
[1],[4 5],[1],[0],[],[0] ,abs15390
[1],[3 6],[],[0],[],[0] ,abs16761
[0],[],[],[],[],[0] ,abs05290
[1],[],[2],[],[1],[1] ,abs04234
[1],[4 5 6],[],[0],[1],[1] ,abs13325
[1],[4 6],[2],[0],[],[0] ,abs08731
[0],[],[],[],[],[0] ,abs18063
[1],[6],[],[0],[1],[1] ,abs03119
[1],[4 5],[],[0],[],[0] ,abs21138
[1],[6],[2],[0],[],[0] ,abs14601
[1],[4 5],[1],[0],[],[0] ,abs12305
[1],[2],[2],[16],[1],[1] ,abs00351
1,4 5 6,1,0,1,1 ,abs14920
[0],[],[],[],[1],[1] ,abs16358
[0],[],[],[],[1],[1] ,abs14397
[1],[3],[],[0],[1],[1] ,abs12730
[1],[5 6],[2],[0],[1],[0] ,abs16807
1,6 7,2,[],1,1 ,abs20839
[0],[],[],[],[1],[1] ,abs02575
[1],[4 5 6],[],[0],[],[0] ,abs05660
[1],[],[],[0],[1],[1] ,abs13757
[1],[5],[1],[0],[],[0] ,abs07149
[1],[],[2],[0],[1],[1] ,abs14171
[1],[4 5 6],[1],[0],[],[0] ,abs09008
[0],[],[],[],[],[0] ,abs16533
[0],[],[],[],[0],[1] ,abs01210
[1],[6],[],[0],[],[0] ,abs04471
[1],[5],[1],[],[1],[0] ,abs07000
[1],[],[2],[0],[1],[1] ,abs10670
[1],[4 5 6],[],[0],[],[0] ,abs14685
[1],[6],[],[0],[],[0] ,abs01966
[1],[],[],[],[1],[0] ,abs19483
[1],[0],[1],[0],[],[0] ,abs12795
[1],[5 6 7],[],[0],[],[0] ,abs05650
[1],[6],[2],[0],[1],[0] ,abs21245
[1],[1 2],[],[7],[0],[0] ,abs03944
[1],[2],[],[],[0],[1] ,abs09338
abs01803
[1],[4 5 6],[2],[0],[1],[1] ,abs05463
[1],[],[2],[0],[],[0] ,abs10131
[0],[],[],[],[],[0] ,abs03361
1,4 5 6,2,0,1,1 ,abs13075
[1],[],[2],[],[1],[1] ,abs16999
[1],[],[2],[],[],[1] ,abs14230
[1],[1 2],[2],[],[],[0] ,abs09402
[1],[4 6],[],[0],[1],[1] ,abs20993
[1],[4 5 6 7],[2],[0],[],[0] ,abs05985
[2],[],[2],[],[0] ,abs19280
[1],[4 5 6],[1],[0],[],[0] ,abs20187
[0],[],[],[],[0],[1] ,abs12134
[1],[2],[],[0],[1],[1] ,abs04419
[1],[4 5 6],[],[0],[1],[1] ,abs07460
[1],[6],[2],[0],[],[0] ,abs04421
[1],[6 7],[2],[0],[],[0] ,abs08973
[1],[4 5 6],[1],[0],[],[1] ,abs07819
[1],[2],[],[0],[1],[1] ,abs20154
[0],[],[],[],[0],[0] ,abs21165
[1],[3],[],[0],[],[0] ,abs03118
[1],[4 6],[],[0],[],[0] ,abs19433
[1],[4 5 6],[1],[0],[],[0] ,abs10940
[0],[],[],[],[0],[1] ,abs03695
[1],[1 2],[],[22],[1],[0] ,abs15931
[0],[],[],[],[1],[1] ,abs11978
[1],[4],[],[],[0],[1] ,abs19443
1,3,2,0,1,1 ,abs12660
[1],[6],[],[0],[],[0] ,abs16413
[1],[],[2],[0],[1],[1] ,abs10330
[0],[],[],[],[0],[1] ,abs05038
[1],[0],[],[0],[0],[1] ,abs05237
[1],[6],[1],[0],[1],[1] ,abs01111
1,2,2,[],1,1 ,abs06639
[0],[],[],[],[1],[1] ,abs04186
[1],[5 6],[],[0],[],[0] ,abs12316
[0],[],[],[],[],[0] ,abs03046
[1],[4],[],[0],[],[0] ,abs16177
[1],[4],[],[0],[1],[1] ,abs09429
[0],[],[0],[0],[1] ,abs04684
[1],[],[2],[],[],[1] ,abs21958
[1],[4 6],[],[0],[],[0] ,abs14958
[1],[4 5 6],[],[0],[],[0] ,abs12123
1,2,0,5,1,1 ,abs10202
[1],[6],[2],[0],[1],[1] ,abs19387
1,[],2,[0],1,1 ,abs10681
[1],[3],[],[0],[1],[1] ,abs18907
[1],[3],[1],[0],[1],[1] ,abs18980
[1],[],[],[],[1],[1] ,abs00651
[1],[4 7],[],[0],[1],[1] ,abs16110
[1],[],[2],[0],[1],[1] ,abs10464
[1],[2],[],[0],[1],[1] ,abs13771
[1],[5],[],[0],[1],[0] ,abs10625
[1],[4 5],[1],[0],[],[0] ,abs15431
[1],[3 7],[],[0],[1],[1] ,abs00621
1,4 6,2,[],1,1 ,abs05403
[1],[1 2],[],[7],[1],[1] ,abs21623
[1],[2],[2],[0],[1],[1] ,abs03109
[0],[],[],[],[0],[1] ,abs10232
[1],[4 5 6],[],[],[],[0] ,abs13318
[1],[1 2],[],[],[],[0] ,abs18625
[0],[],[],[],[0],[1] ,abs18090
[1],[],[2],[0],[],[0] ,abs20830
[1],[4 5],[1],[0],[],[0] ,abs16170
[1],[3],[],[0],[],[0] ,abs16315
[1],[1 2],[],[],[],[0] ,abs19532
[0],[],[],[],[1],[1] ,abs02915
[1],[5 6],[],[0],[],[0] ,abs14679
1,2,2,[],1,1 ,abs18516
[1],[2],[],[26],[1],[1] ,abs01705
[1],[4 5 6 7],[],[],[1],[1] ,abs19355
[1],[1 2],[],[22 40],[1],[1] ,abs03082
[1],[2],[],[],[1],[1] ,abs20132
abs17035
[0],[],[],[],[0],[1] ,abs16895
1,3,1,[0],1,1 ,abs19679
[1],[],[],[],[1],[1] ,abs18556
[0],[],[],[],[],[0] ,abs20098
[0],[],[],[],[1],[1] ,abs21113
[1],[],[2],[],[1],[1] ,abs09931
[1],[6],[2],[0],[],[0] ,abs11239
[1],[],[2],[0],[1],[1] ,abs13933
[1],[3],[1],[0],[1],[1] ,abs16109
[1],[5 6],[2],[0],[1],[0] ,abs13109
[1],[],[],[0],[0],[1] ,abs05254
[1],[4 5 6],[2],[0],[],[0] ,abs19308
[1],[2 3 6],[],[16],[1],[1] ,abs04628
[1],[6],[2],[0],[1],[1] ,abs17476
[1],[4 6],[2],[0],[],[0] ,abs18097
[1],[],[],[],[0],[1] ,abs18288
[0],[],[],[],[],[0] ,abs15507
[1],[4 5 6],[],[],[],[0] ,abs11434
[1],[6],[],[0],[1],[1] ,abs11982
[1],[6],[1],[0],[],[1] ,abs08804
[0],[],[],[],[1],[1] ,abs01056
[1],[6],[],[],[1],[0] ,abs19446
[1],[6],[2],[0],[],[0] ,abs19889
[1],[7],[],[0],[],[0] ,abs19590
[0],[],[],[],[],[0] ,abs09464
[0],[],[],[],[1],[1] ,abs04494
[1],[4 5 6 7],[2],[0],[],[0] ,abs12645
[1],[],[2],[],[1],[1] ,abs06441
1,1 2,2,26,1,1 ,abs01015
[1],[],[2],[0],[1],[1] ,abs06688
[1],[4 5 6],[1],[0],[],[0] ,abs07637
[1],[3 6],[],[0],[1],[1] ,abs10642
[1],[],[2],[0],[1],[1] ,abs10231
[1],[4 5 6],[],[0],[],[0] ,abs19302
[1],[2],[],[],[],[0] ,abs20727
[1],[],[],[],[0],[1] ,abs00499
1,2,2,[],1,1 ,abs02991
[1],[],[],[0],[],[0] ,abs10629
[1],[4 5],[1],[0],[],[1] ,abs07104
[1],[5 6],[],[0],[],[0] ,abs12752
[1],[5],[1],[0],[],[0] ,abs05622
[1],[0],[],[0],[1],[1] ,abs03603
[1],[4 5 6],[],[0],[],[1] ,abs16041
[0],[],[],[],[1],[1] ,abs03440
[1],[],[2],[],[],[1] ,abs10604
[1],[],[],[0],[1],[1] ,abs06833
[0],[],[],[],[],[0] ,abs01826
[1],[6],[2],[0],[],[0] ,abs06085
[1],[2],[],[0],[1],[1] ,abs14246
[1],[2],[2],[],[0],[1] ,abs21835
[1],[4 5 6],[],[0],[],[0] ,abs11501
[1],[6],[],[],[],[0] ,abs02847
[1],[1 2],[],[26],[1],[1] ,abs19896
[1],[4],[],[0],[1],[1] ,abs03064
[1],[4 5],[],[0],[],[0] ,abs18682
[1],[6],[],[0],[1],[1] ,abs04868
[1],[4 5 6],[1],[0],[],[0] ,abs05510
[1],[4],[],[0],[],[0] ,abs11711
[1],[4],[],[0],[],[0] ,abs21110
[1],[4],[],[16],[1],[1] ,abs06971
[1],[4 5 6],[2],[0],[],[0] ,abs07205
[0],[],[],[],[],[0] ,abs03691
[1],[6],[],[],[1],[1] ,abs02914
[1],[4 5 6 7],[],[0],[],[0] ,abs16377
[0],[],[],[],[1],[1] ,abs09629
[1],[5],[],[0],[],[0] ,abs11771
[1],[1 2],[2],[],[1],[1] ,abs06951
[1],[1 2],[],[7],[],[0] ,abs06443
[1],[4 5 6 7],[],[0],[1],[0] ,abs16104
1,4 5 6,1,0,1,1 ,abs12835
[1],[4],[],[0],[],[0] ,abs05786
[1],[4 5],[1],[0],[],[0] ,abs07185
[1],[5],[],[0],[],[0] ,abs04435
[1],[4 5 6],[2],[0],[],[0] ,abs11536
[1],[6],[],[0],[],[0] ,abs11103
[1],[2],[],[18],[1],[1] ,abs09102
[1],[5],[1],[0],[],[0] ,abs11754
[1],[6],[],[0],[1],[1] ,abs03338
[1],[6],[],[0],[],[0] ,abs15788
[1],[6],[],[0],[1],[1] ,abs20397
[1],[1 2],[],[],[],[0] ,abs03161
[6],[],[0],[],[0] ,abs20970
[1],[6],[2],[0],[],[0] ,abs11562
[1],[6],[2],[0],[1],[1] ,abs02533
[1],[6],[2],[0],[],[0] ,abs08191
[0],[],[],[],[0],[1] ,abs04926
[1],[1 2],[],[],[1],[1] ,abs01870
[0],[],[],[],[1],[1] ,abs00639
[1],[4],[],[0],[1],[1] ,abs12011
[1],[4 6],[],[0],[1],[1] ,abs09800
[1],[3],[],[0],[],[0] ,abs09521
[1],[6],[],[0],[1],[1] ,abs19985
[1],[6],[2],[0],[],[0] ,abs12058
[1],[4],[2],[0],[1],[1] ,abs08096
[1],[6],[],[0],[],[0] ,abs17526
[0],[],[],[],[0],[1] ,abs04344
[1],[5],[],[0],[],[0] ,abs05840
[1],[6],[2],[0],[],[0] ,abs12383
[1],[6],[2],[0],[],[0] ,abs07391
[1],[6 7],[],[0],[],[0] ,abs12362
[1],[4 6],[],[0],[],[0] ,abs16410
[1],[2],[],[0],[],[0] ,abs15878
1,5 6,2,0,1,1 ,abs16656
[0],[],[],[],[],[0] ,abs14988
[1],[3],[],[],[1],[1] ,abs05075
[1],[6],[2],[0],[1],[1] ,abs01427
[0],[],[],[],[1],[1] ,abs18204
[1],[4 5],[],[0],[],[0] ,abs15569
[1],[2],[],[],[],[0] ,abs03816
[1],[3],[],[0],[1],[1] ,abs20226
[1],[4 5 6 7],[],[0],[0],[1] ,abs13427
[1],[5 6],[1],[0],[],[0] ,abs18048
[0],[],[],[],[],[0] ,abs03071
[1],[5],[],[0],[],[0] ,abs09199
[1],[2],[],[],[],[0] ,abs04317
[1],[1 2],[],[],[1],[0] ,abs22148
[1],[5],[],[0],[],[0] ,abs19044
[1],[4 5 6],[],[0],[],[0] ,abs07923
[1],[4 5 6],[],[0],[1],[1] ,abs07811
1,4,2,0,1,1 ,abs08508
[0],[],[],[],[0],[0] ,abs04676
[1],[4 5 6],[],[0],[],[0] ,abs09404
[1],[7],[2],[0],[],[0] ,abs07134
[1],[3],[],[],[0],[1] ,abs04207
[0],[],[],[],[1],[1] ,abs03600
[1],[6],[],[0],[1],[1] ,abs15393
abs10297
[1],[6],[],[0],[],[0] ,abs20306
[1],[6],[2],[0],[],[1] ,abs09121
1,6 7,2,0,1,1 ,abs04872
[1],[],[2],[0],[],[0] ,abs16140
[0],[],[],[],[0],[1] ,abs00157
1,2 3 6,2,7 26,1,1 ,abs06436
[1],[4 5 6 7],[],[0],[],[0] ,abs07148
[1],[6],[2],[],[1],[1] ,abs01279
[1],[2],[],[],[1],[1] ,abs08656
[1],[2],[],[],[0],[1] ,abs20933
[1],[6],[1],[0],[1],[1] ,abs20803
[1],[4 6],[],[],[1],[0] ,abs11561
[1],[6],[],[0],[],[0] ,abs20546
[1],[4 5 6],[],[0],[],[0] ,abs09789
[0],[],[],[],[0],[0] ,abs00196
[1],[5 6],[1],[0],[],[0] ,abs11148
[1],[5],[],[0],[],[0] ,abs06395
[1],[6],[2],[0],[],[1] ,abs21811
[1],[4 5 6],[],[0],[1],[1] ,abs05525
[1],[4 5],[1],[0],[],[0] ,abs16538
[1],[6],[],[0],[],[0] ,abs12390
[1],[6],[2],[0],[],[0] ,abs21318
[1],[5 6],[],[0],[],[0] ,abs00124
[1],[4],[2],[],[0],[1] ,abs14654
[1],[6],[],[0],[],[1] ,abs16449
[1],[6],[2],[0],[],[0] ,abs05193
abs16541
[0],[],[],[],[1],[1] ,abs17295
[1],[2],[],[7],[0],[1] ,abs04360
[1],[6],[],[],[],[0] ,abs15779
1,1 2,2,7,1,1 ,abs09989
[1],[5],[],[0],[],[0] ,abs07601
[1],[3],[],[0],[1],[1] ,abs19218
[0],[],[],[],[0],[1] ,abs03879
[0],[],[],[],[0],[1] ,abs17765
[1],[0],[0],[0],[0],[1] ,abs04595
0,[],[],[],1,1 ,abs03749
[1],[2],[],[],[1],[1] ,abs02000
[1],[6],[2],[0],[1],[0] ,abs12264
[1],[6 7],[],[0],[],[1] ,abs21317
[1],[2],[],[],[1],[1] ,abs02553
[1],[6],[],[0],[1],[1] ,abs19471
[1],[4 5 6 7],[],[0],[],[0] ,abs05839
[1],[4 5 6],[],[0],[],[0] ,abs21020
[1],[2],[2],[],[1],[1] ,abs00049
1,4 5 6,2,0,1,1 ,abs21500
[1],[4 5 6],[1],[0],[],[0] ,abs07428
[1],[5],[],[0],[],[0] ,abs09309
[1],[3 7],[],[0],[1],[0] ,abs15692
[1],[4 5 6],[],[0],[],[0] ,abs07781
[0],[],[],[],[1],[1] ,abs04480
1,[],2,[],1,1 ,abs14396
[1],[4 5 6],[],[],[],[0] ,abs09409
[1],[2],[],[],[],[0] ,abs14628
[1],[4 5],[],[0],[1],[0] ,abs08614
[1],[1 2],[],[],[1],[1] ,abs01513
[1],[5],[],[0],[],[0] ,abs02171
[0],[],[],[],[0],[1] ,abs03839
[1],[6],[2],[0],[],[1] ,abs14198
[1],[4 5],[1],[0],[],[0] ,abs13032
[1],[4 6],[],[0],[1],[1] ,abs15363
[1],[3],[],[0],[],[0] ,abs04401
[1],[6],[],[0],[],[1] ,abs00108
[1],[5],[1],[],[],[0] ,abs00282
[1],[4 5],[1],[0],[],[0] ,abs16063
[1],[2],[],[],[1],[1] ,abs00747
[0],[],[],[],[0],[1] ,abs20527
[1],[4 5 6],[2],[0],[],[1] ,abs10913
[0],[],[],[],[0],[1] ,abs04283
[1],[2],[],[26],[1],[1] ,abs00508
[1],[2],[],[],[1],[1] ,abs00311
[1],[4 5 6],[2],[0],[],[0] ,abs09834
[1],[],[],[0],[1],[1] ,abs10470
[1],[],[],[0],[1],[1] ,abs00302
1,5 6,1,0,1,0,abs08999
[1],[1 2],[],[22],[],[0] ,abs03580
[1],[4],[],[0],[1],[1] ,abs20994
[0],[],[],[],[1],[1] ,abs20008
[0],[],[],[],[1],[1] ,abs02208
1,3,2,0,1,1 ,abs03384
[1],[1 2],[],[7],[1],[1] ,abs03503
[1],[5 6],[],[0],[],[1] ,abs18945
[1],[4 5],[],[0],[],[0] ,abs15447
[1],[5],[],[0],[],[0] ,abs15324
[0],[],[],[],[0],[1] ,abs04169
[1],[],[],[0],[],[0] ,abs04501
[1],[2],[],[12],[0],[0] ,abs07520
[1],[5 6],[2],[0],[],[0] ,abs14912
[1],[5],[2],[0],[],[0] ,abs05399
[1],[4 5],[1],[0],[],[0],abs07832
[1],[3],[2],[0],[1],[1] ,abs03815
[1],[],[],[],[0],[1] ,abs13848
[1],[2],[],[26],[1],[1] ,abs00634
[],[],[],[],[0] ,abs00198
[0],[],[],[],[1],[1] ,abs01771
[1],[2],[],[12],[0],[1] ,abs02397
[0],[],[],[],[0],[1] ,abs02775
[1],[4 6],[],[0],[],[0] ,abs11456
1,4 5 6,1,[],1,1 ,abs05780
[1],[0],[],[0],[0],[1] ,abs01055
[0],[],[],[],[],[0] ,abs03199
[1],[5 6],[],[],[1],[0] ,abs21779
[1],[],[],[0],[],[0] ,abs17421
[1],[4 5 6],[1],[],[],[0] ,abs06083
[1],[5 6],[1],[0],[],[0] ,abs15827
[1],[4 5 6],[],[0],[],[0] ,abs20181
[1],[0],[0],[0],[0],[1] ,abs01978
[1],[],[],[],[1],[1] ,abs04241
[1],[0],[],[0],[],[0] ,abs07338
[1],[2],[],[],[1],[1] ,abs18913
[1],[4 6 7],[],[0],[1],[1] ,abs09291
1,[],2,[0],1,1 ,abs20149
[1],[2],[],[],[],[0] ,abs09563
[1],[6],[2],[0],[],[0] ,abs06259
[1],[3],[2],[0],[1],[1] ,abs02209
[1],[6],[],[],[0],[1] ,abs02146
[1],[],[],[],[],[1] ,abs13676
[1],[],[],[0],[1],[1] ,abs07075
[1],[6],[2],[0],[],[0] ,abs19374
[1],[],[0],[0],[0],[1] ,abs04113
[1],[6],[],[0],[1],[1] ,abs06644
[1],[4],[2],[0],[],[0] ,abs13584
[1],[4 6],[1],[0],[],[0] ,abs12222
[1],[2],[],[16],[1],[0] ,abs05015
[1],[],[],[0],[0],[1] ,abs02338
[1],[],[2],[],[],[1] ,abs17781
[0],[],[],[],[],[0] ,abs04193
[1],[4 5 6],[2],[0],[],[0] ,abs15939
[1],[4 5 6],[],[0],[],[0] ,abs16595
[1],[6],[2],[0],[],[0] ,abs13051
[1],[3],[],[0],[1],[1] ,abs00689
[1],[6],[2],[0],[],[0] ,abs13378
[1],[3],[],[],[1],[1] ,abs19854
[1],[5],[2],[0],[1],[0] ,abs07355
1,2,[],[],1,1 ,abs04420
[1],[2],[2],[],[],[0] ,abs19982
[1],[0],[],[0],[],[0] ,abs10577
[1],[6],[],[0],[],[0] ,abs20354
[1],[0],[],[0],[1],[1] ,abs20259
[1],[5 6],[2],[0],[],[0] ,abs14801
[1],[4 5 6],[2],[0],[],[0] ,abs15429
1,3,2,[],1,1 ,abs19162
[1],[2],[],[0],[1],[1] ,abs04758
[1],[6],[2],[0],[],[0] ,abs04751
[0],[],[],[],[1],[1] ,abs03092
[1],[6],[2],[0],[],[0],abs14170
[1],[],[2],[0],[1],[0] ,abs10242
[1],[6],[2],[0],[1],[1],abs18927
[0],[],[],[],[],[0] ,abs01693
[1],[2],[],[],[],[0] ,abs20748
[1],[4 5 6],[2],[0],[],[0] ,abs16671
[1],[0],[],[0],[1],[1] ,abs03467
[1],[4 7],[2],[0],[1],[1] ,abs13060
[1],[3],[],[0],[1],[1] ,abs01875
[1],[3],[],[0],[1],[0] ,abs01663
[1],[4],[2],[0],[],[1] ,abs14731
[0],[],[],[],[0],[1] ,abs17110
[1],[6],[],[],[],[0] ,abs05880
[1],[6 7],[],[0],[],[0] ,abs18766
[1],[6],[],[0],[],[0],abs08564
[1],[5],[],[0],[],[0] ,abs07543
[1],[],[2],[0],[1],[1] ,abs14449
[1],[4],[2],[0],[],[0] ,abs09152
[1],[5],[],[0],[],[0] ,abs14986
[1],[1 2],[],[40],[1],[1] ,abs00795
[1],[2],[2],[],[1],[1] ,abs00153
[1],[5 6],[1],[0],[],[0] ,abs11634
[1],[1 2],[],[14 22],[1],[1] ,abs19048
[1],[6],[],[0],[],[0] ,abs16569
[0],[],[],[],[1],[1] ,abs03657
[1],[4 6],[2],[0],[],[0] ,abs11058
[1],[5 6],[1],[0],[],[0] ,abs10868
1,3,2,[],1,1 ,abs20548
[1],[5],[],[0],[],[0] ,abs05608
[1],[2],[2],[],[1],[1] ,abs20690
[1],[6],[],[0],[1],[1] ,abs01543
[1],[6],[],[0],[],[0] ,abs17642
[1],[2 3],[],[0],[1],[1] ,abs19771
[1],[0],[],[0],[],[0] ,abs03724
[0],[],[],[],[1],[1] ,abs14356
[1],[5],[],[0],[1],[0] ,abs14537
[1],[5],[],[0],[],[0] ,abs16497
[1],[3],[],[0],[],[0] ,abs08066
[1],[4 6],[],[0],[1],[1] ,abs14546
[1],[4],[],[0],[1],[1] ,abs16203
[1],[2],[],[],[1],[1] ,abs21751
[1],[6],[],[0],[1],[1] ,abs14429
[1],[2],[],[],[0],[1] ,abs06925
[1],[6],[2],[0],[1],[1] ,abs11731
[0],[],[],[],[0],[0] ,abs03704
[0],[],[],[],[],[1] ,abs04587
[1],[6],[2],[],[],[0] ,abs00308
[1],[0],[],[0],[],[0] ,abs16440
[1],[1 2],[],[],[1],[0] ,abs13666
[0],[],[],[],[1],[1] ,abs20190
[1],[4 5],[],[0],[],[0] ,abs16066
[1],[],[],[],[1],[1] ,abs16994
[0],[],[],[],[0],[1] ,abs02511
[1],[6],[2],[0],[],[0] ,abs07099
[1],[0],[0],[0],[0],[1] ,abs00650
[1],[6],[2],[0],[],[0] ,abs08569
[0],[],[],[],[],[0] ,abs15330
[1],[5],[],[],[],[0] ,abs16021
[1],[4 5 6],[],[0],[],[0] ,abs11870
[1],[1 2],[],[],[],[0] ,abs13790
[1],[5],[1],[0],[],[0] ,abs16422
1,2 6,1,3,1,1 ,abs21936
[1],[6],[],[0],[],[0] ,abs02052
[1],[5 6],[],[0],[],[0] ,abs05779
[1],[4 5],[],[0],[],[0] ,abs07985
[1],[2],[2],[],[],[1] ,abs16972
[1],[4 5 6],[],[0],[],[0] ,abs07241
[1],[1 2],[],[],[1],[1] ,abs19511
[1],[0],[2],[0],[],[0],abs09039
[0],[],[],[],[0],[1] ,abs03068
[1],[4 5],[],[0],[],[0] ,abs19670
[1],[6],[],[0],[1],[1] ,abs13083
[1],[5 6],[],[0],[],[0] ,abs16295
[1],[],[],[],[0],[1] ,abs10587
[0],[],[],[],[1],[1] ,abs17194
[0],[],[],[],[],[0] ,abs18053
[1],[],[],[0],[],[1] ,abs20922
[1],[4 5 6],[1],[0],[],[0] ,abs05303
[1],[6],[],[0],[1],[0] ,abs19963
[1],[],[2],[0],[1],[1] ,abs06666
[1],[4],[],[0],[1],[0] ,abs16669
[1],[5 6],[1],[26],[],[0] ,abs06202
[1],[2],[],[],[],[0] ,abs01342
[1],[],[],[0],[1],[1] ,abs13891
[1],[2],[],[],[1],[1] ,abs03013
[1],[5],[1],[0],[],[0],abs07760
[1],[6],[1],[0],[1],[0] ,abs18966
[1],[6],[],[0],[],[0] ,abs03359
[0],[],[],[],[1],[1] ,abs10061
1,1 2,2,15 16,1,1 ,abs22114
[2],[2],[0],[1],[1] ,abs20352
[1],[6],[],[0],[],[0] ,abs07414
[0],[],[],[],[0],[1] ,abs10113
[0],[],[],[],[0],[0] ,abs00753
[],[2],[0],[],[0] ,abs12069
1,6,0,0,1,1 ,abs01460
[1],[4 6],[2],[0],[],[0] ,abs05709
[0],[],[],[],[1],[1] ,abs09814
[1],[5],[],[0],[],[0] ,abs13460
[1],[],[],[],[0],[1] ,abs13895
[1],[],[],[],[1],[1] ,abs21146
[1],[6],[1],[0],[],[0] ,abs21329
[1],[],[],[0],[1],[0] ,abs11774
[1],[6],[2],[0],[1],[1] ,abs18873
[1],[],[],[],[1],[1] ,abs17219
1,6,2,0,1,1 ,abs20253
1,3,1,[],1,1 ,abs20137
[1],[2],[2],[18],[1],[1] ,abs03355
[1],[4 5 6],[],[0],[],[0] ,abs09844
[1],[3],[],[0],[1],[1] ,abs19910
[0],[],[],[],[1],[1] ,abs18312
[1],[4 5],[],[0],[1],[1] ,abs18676
[1],[4 5],[],[0],[],[0] ,abs21251
[1],[4],[],[0],[],[0] ,abs13274
[1],[5 6],[],[0],[1],[1] ,abs11506
[1],[4 6],[],[0],[1],[1] ,abs16582
[1],[1],[],[0],[1],[0] ,abs18935
[1],[4 5],[1],[0],[],[0] ,abs14613
[0],[],[],[],[0],[1],abs14630
[1],[2],[],[0],[0],[1] ,abs19741
[1],[4],[],[0],[0],[1] ,abs13856
[1],[],[2],[],[1],[1] ,abs17075
[0],[],[],[],[1],[1] ,abs17491
[1],[5],[],[],[1],[0] ,abs06946
[1],[6],[2],[0],[],[0] ,abs03614
[1],[2],[],[],[],[0] ,abs13807
[1],[3],[],[0],[],[0] ,abs20089
[1],[5],[1],[0],[1],[0] ,abs07908
[0],[],[],[],[0],[1] ,abs10683
[1],[4 5 6],[1],[],[],[0] ,abs18104
[1],[4 5 6],[2],[0],[],[0] ,abs17987
[1],[],[],[],[1],[1] ,abs06868
[1],[],[2],[],[1],[1] ,abs18359
[1],[6],[],[0],[],[0] ,abs05793
[1],[5],[1],[0],[],[0] ,abs00826
[1],[1 2],[],[22],[],[0] ,abs19593
[1],[],[],[0],[1],[1] ,abs10426
[1],[1 2],[],[26],[1],[1] ,abs06901
[1],[2],[],[],[0],[1] ,abs10572
[1],[],[],[0],[1],[1] ,abs10417
[1],[4 5],[1],[0],[],[0] ,abs17992
[1],[3],[2],[0],[1],[1] ,abs00868
[1],[2 4 5 6],[],[],[1],[1] ,abs08935
[1],[4 5 6],[],[0],[],[0] ,abs09368
[1],[4 5 6 7],[],[0],[],[1] ,abs05968
[1],[1 2],[],[],[1],[1] ,abs22241
[1],[6],[],[0],[1],[1] ,abs20904
[1],[5 6],[],[],[],[0] ,abs05411
[1],[],[2],[0],[],[0] ,abs00757
[1],[5],[],[0],[],[0] ,abs13549
[1],[2],[],[7],[0],[0] ,abs04924
[1],[7],[],[0],[1],[1] ,abs09982
[1],[4],[],[0],[],[0] ,abs16298
[1],[3],[],[0],[],[0] ,abs19654
[1],[4 5 6],[2],[0],[],[0] ,abs12298
[1],[4 5],[],[0],[],[0] ,abs09278
[1],[6],[],[],[],[0] ,abs10964
[1],[2],[2],[],[1],[1] ,abs01758
[1],[4 5 6],[2],[0],[],[0] ,abs09163
[1],[7],[],[0],[1],[1] ,abs19988
[1],[4 5 6],[2],[0],[],[0] ,abs05894
[1],[],[2],[0],[1],[1] ,abs17802
[0],[],[],[],[],[0] ,abs15160
[1],[6],[2],[0],[],[0] ,abs07639
[1],[6],[0],[0],[],[0] ,abs09035
1,2 3,2,[],1,1 ,abs21881
[1],[5],[],[0],[1],[1] ,abs21023
[1],[1 2],[],[],[1],[0] ,abs15832
[0],[],[],[],[0],[0] ,abs20444
[1],[6],[2],[0],[],[0] ,abs14156
[1],[],[2],[0],[1],[1] ,abs06427
[1],[],[],[],[],[1] ,abs10082
[1],[4 5],[1],[0],[],[0] ,abs15760
[1],[6],[2],[0],[],[0] ,abs09702
[1],[6],[2],[],[],[0] ,abs01215
[1],[6],[],[0],[],[0] ,abs09926
1,4 5,1,[],[],0 ,abs05068
[1],[],[2],[0],[],[0] ,abs02978
[1],[2],[],[],[],[0] ,abs04861
[1],[],[],[0],[0],[1] ,abs20486
[1],[4 6],[],[0],[],[0] ,abs11707
[1],[6 7],[1],[0],[],[0] ,abs03919
[1],[6],[],[0],[1],[0] ,abs12310
[1],[],[],[],[0],[0] ,abs14788
[1],[6],[2],[0],[],[0] ,abs20547
[1],[2],[],[18],[1],[1] ,abs16461
[0],[],[],[],[1],[1] ,abs02537
[1],[5],[],[0],[],[0] ,abs06312
[1],[3],[],[0],[1],[1] ,abs09821
[1],[6],[],[0],[],[0] ,abs05297
1,3,1,0,1,1 ,abs18708
[1],[],[],[0],[1],[1] ,abs21868
[1],[5],[1],[0],[1],[0] ,abs11267
[1],[5 6],[],[0],[],[0] ,abs01525
[1],[],[2],[0],[1],[1] ,abs17232
[1],[4 5 6],[],[0],[],[0] ,abs11291
[1],[1 2],[],[7],[1],[1] ,abs06801
[1],[5 6],[1],[0],[1],[1] ,abs21279
[1],[5],[],[0],[1],[1] ,abs02793
[0],[],[],[],[0],[1] ,abs01365
[0],[],[],[],[0],[1] ,abs14122
[0],[],[],[],[2],[1] ,abs04267
[1],[6],[],[0],[],[0] ,abs12083
[0],[],[],[],[1],[1] ,abs01781
1,4 5 6,1,0,1,0 ,abs10695
[0],[],[],[],[],[0] ,abs09326
[1],[3],[],[0],[1],[1] ,abs20204
[0],[],[],[],[1],[1] ,abs03821
[1],[5],[],[0],[1],[1] ,abs03864
[1],[4],[1],[0],[1],[0] ,abs08720
[1],[0],[],[0],[1],[1] ,abs04071
[1],[6],[],[0],[],[0] ,abs04683
[1],[3],[],[0],[1],[1] ,abs20791
[0],[],[],[],[1],[1] ,abs00277
[1],[2],[2],[],[],[0] ,abs04953
[5],[1],[0],[],[0] ,abs07586
[1],[6],[2],[0],[],[0] ,abs17135
[1],[5 6],[1],[0],[],[0] ,abs16050
[1],[5],[],[0],[],[0] ,abs01563
[1],[2],[],[15],[1],[1] ,abs20874
[1],[],[],[0],[1],[1] ,abs09996
[1],[4],[2],[0],[],[0] ,abs11860
[1],[5 6],[2],[0],[],[0] ,abs14804
[1],[6],[2],[0],[0],[1] ,abs21163
[0],[],[],[],[],[0] ,abs11259
[1],[4 5 6],[2],[0],[],[0] ,abs05905
[1],[4 5 6],[],[0],[],[0] ,abs15058
[1],[2],[],[],[0],[1] ,abs17056
[1],[6],[],[],[1],[1] ,abs19690
[1],[4 5 6],[],[0],[],[0] ,abs12648
[1],[2],[],[],[1],[1] ,abs03921
[0],[],[],[],[0],[1] ,abs05211
[1],[6],[],[],[1],[0] ,abs07071
[1],[6],[],[0],[],[0] ,abs14560
[0],[],[],[],[1],[1] ,abs08919
[1],[6],[2],[0],[],[0] ,abs00564
[6],[2],[0],[],[0] ,abs22005
[1],[],[2],[0],[1],[1] ,abs18179
[1],[6],[],[0],[1],[1] ,abs19370
[1],[1 2],[2],[],[],[1] ,abs11576
[1],[6],[],[0],[],[0] ,abs21247
[0],[],[],[],[0],[1] ,abs22064
[1],[5 6],[],[],[1],[0] ,abs00907
[1],[5],[1],[0],[],[0] ,abs11271
[1],[4 5 6],[],[0],[],[0] ,abs05576
[1],[4],[],[],[0],[0] ,abs17852
[1],[5],[0],[0],[],[0] ,abs16026
1,3,2,0,1,1 ,abs18678
[1],[6],[2],[0],[],[0] ,abs11523
[1],[1 2],[2],[9],[1],[0] ,abs14116
[1],[3],[],[0],[1],[1] ,abs06017
[1],[3],[],[0],[1],[0] ,abs20281
[0],[],[],[],[0],[1] ,abs04966
[1],[5],[],[0],[],[0] ,abs21421
[1],[],[2],[],[],[0] ,abs21149
[1],[4 5 6 7],[],[0],[],[0] ,abs05318
[0],[],[],[],[1],[1] ,abs03837
[1],[5 6],[],[0],[1],[0] ,abs19304
[1],[2],[],[],[1],[0] ,abs05908
[1],[4 5 6],[],[0],[],[0] ,abs09658
[1],[2],[],[7],[1],[1] ,abs04103
[1],[3],[],[0],[1],[1] ,abs04638
1,2,1,[16],1,1 ,abs03970
[1],[2],[],[12],[0],[1] ,abs21236
[1],[4],[],[0],[],[0] ,abs08385
[0],[],[],[],[0],[1] ,abs06591
[1],[4 5],[1],[0],[],[0] ,abs08634
[1],[7],[],[0],[],[0] ,abs18651
[1],[4 5 6],[],[0],[],[0] ,abs12409
[1],[3],[2],[0],[1],[1] ,abs22012
[1],[2],[],[0],[1],[1] ,abs01729
[1],[5],[],[0],[],[0] ,abs20383
1,1 2,2,[],1,0 ,abs21762
[1],[5 6],[1],[0],[],[0] ,abs07286
[1],[3],[],[0],[1],[1] ,abs19716
1,1 2,2,[],1,1 ,abs10290
[0],[],[],[],[1],[1] ,abs00473
[0],[],[],[],[1],[1] ,abs09885
[1],[6],[],[0],[1],[1] ,abs05970
[1],[6],[],[0],[1],[1] ,abs09697
[1],[4 5 6],[1],[0],[],[0] ,abs12356
[1],[],[2],[0],[1],[1] ,abs17103
1,4 5 6,2,[],[],0 ,abs06220
[1],[6],[],[0],[],[0] ,abs00275
[1],[],[],[],[1],[1] ,abs13988
[1],[4],[],[0],[1],[1] ,abs09575
[1],[],[2],[0],[1],[1] ,abs14188
[1],[6],[2],[0],[],[0] ,abs12749
[1],[2],[],[26],[1],[1] ,abs15801
[1],[6],[],[0],[1],[1] ,abs19505
[1],[4 5 6],[],[0],[],[0] ,abs07142
[1],[5 6],[],[0],[],[0] ,abs12007
[1],[6],[],[0],[],[0] ,abs18995
[1],[5],[],[0],[1],[1] ,abs02225
[0],[],[],[],[0],[1] ,abs05188
[1],[2 3 6],[],[],[1],[1] ,abs17602
1,1 2,2,7,1,1 ,abs02016
[1],[],[],[],[],[1] ,abs07020
[0],[],[],[],[1],[1] ,abs02578
[1],[5 6],[],[0],[],[0] ,abs13221
1,2 4 5 6 7,2,40,1,1 ,abs06414
[1],[2 3 6],[],[15],[],[0] ,abs05134
[1],[5],[],[0],[1],[1] ,abs03186
[1],[5 6],[],[0],[],[0] ,abs13298
[0],[],[],[],[0],[1] ,abs17473
1,3,2,0,1,1 ,abs05023
[1],[4 5 6],[],[26],[],[0] ,abs14688
[1],[3],[],[],[1],[1] ,abs11933
[1],[6],[],[0],[],[0] ,abs22092
[1],[4 5 6],[],[0],[],[0] ,abs05355
[1],[],[2],[0],[1],[1] ,abs17787
[1],[6],[],[0],[],[0] ,abs13327
1,[],2,[],1,1 ,abs14413
1,6,2,0,1,1 ,abs13113
1,[],[],[],1,1 ,abs21116
[1],[4 5],[],[0],[],[0] ,abs05419
[0],[],[],[],[1],[0] ,abs01829
[1],[2],[],[16],[1],[1] ,abs20045
[1],[5 6],[1],[],[],[0] ,abs19350
[1],[6],[2],[],[1],[1] ,abs01862
[1],[0],[],[0],[1],[1] ,abs02712
[1],[6],[1],[0],[1],[1] ,abs16719
[0],[],[],[],[1],[1] ,abs00459
[1],[5 6],[],[0],[],[0] ,abs02654
[1],[3],[2],[0],[1],[1] ,abs11519
[1],[6],[2],[0],[],[0] ,abs17124
[1],[4 5 6],[2],[0],[],[0] ,abs12154
[1],[6],[2],[0],[],[0] ,abs09343
[1],[4 5 6],[],[0],[],[0] ,abs14856
[1],[],[2],[],[0],[1] ,abs21520
[1],[4 5 6],[],[0],[],[0] ,abs14844
[1],[6],[2],[0],[],[0] ,abs11285
[1],[6],[],[0],[],[0] ,abs16859
[1],[5],[1],[0],[1],[1] ,abs00894
[1],[6],[2],[0],[1],[1] ,abs21406
[1],[3],[],[],[1],[1] ,abs03295
[1],[4 5 6],[],[0],[],[0] ,abs12824
[1],[2],[],[12],[1],[1] ,abs19671
[1],[6],[],[0],[],[0] ,abs06309
[1],[],[2],[],[],[1] ,abs06825
[1],[6],[2],[0],[],[0] ,abs05805
[1],[1 2],[],[],[1],[0] ,abs18912
[1],[6],[],[0],[1],[1] ,abs02560
[0],[],[],[],[0],[0] ,abs22250
[1],[6],[],[0],[1],[1] ,abs19268
[0],[],[],[],[1],[1] ,abs19824
[1],[4 5 6],[1],[0],[1],[0] ,abs16856
[1],[4 5 6],[],[0],[1],[1] ,abs05314
[1],[3],[],[0],[],[0] ,abs15698
[1],[6],[2],[0],[],[0] ,abs02317
[1],[4 5],[1],[0],[],[0] ,abs11822
[1],[1],[],[],[1],[1] ,abs04388
[1],[4 5],[],[0],[1],[1] ,abs15194
[1],[4 5],[],[0],[],[0] ,abs12138
[1],[4 5],[],[0],[1],[1] ,abs04651
[0],[],[],[],[1],[1] ,abs04823
[1],[1 2],[2],[],[],[0] ,abs15218
[1],[4],[],[0],[],[0] ,abs21369
[1],[],[1],[],[],[0] ,abs11168
[1],[4 5],[1],[0],[],[0] ,abs11735
[1],[3],[],[0],[],[0] ,abs12221
[0],[],[],[],[],[0] ,abs15421
[0],[],[],[],[],[0] ,abs15163
[0],[],[],[],[0],[1] ,abs05000
[1],[6],[],[0],[1],[1] ,abs19248
[1],[6],[],[0],[1],[1] ,abs00001
[1],[4 5 6],[2],[0],[],[0] ,abs08951
[1],[2],[],[11],[1],[1] ,abs03500
[1],[6],[2],[0],[],[0] ,abs10863
[1],[4 5 6],[2],[0],[],[0] ,abs08911
[1],[4 5 6],[],[0],[1],[1] ,abs11186
[1],[6],[1],[0],[],[0] ,abs12663
[0],[],[],[],[1],[1] ,abs04161
[1],[4 5 6],[2],[0],[],[0] ,abs13139
[1],[2],[],[],[1],[1] ,abs03595
[1],[1 2 4 5 6],[],[],[],[0] ,abs08946
[1],[4 5 6],[],[0],[],[0] ,abs09560
[1],[],[2],[0],[],[1] ,abs14334
[1],[5],[],[0],[],[0] ,abs12791
[1],[4 5 6],[],[],[1],[0] ,abs18764
[1],[4 5 6],[],[0],[],[0] ,abs16074
[1],[4 5 6],[],[0],[1],[1] ,abs18121
[1],[3],[],[0],[1],[0] ,abs12957
[1],[3],[],[0],[1],[1] ,abs18949
[0],[],[],[],[0],[1] ,abs04389
[1],[4 5 6],[],[0],[],[0] ,abs11919
[1],[6],[],[0],[],[0] ,abs07249
[1],[5],[1],[0],[1],[1] ,abs06131
[0],[],[],[],[0],[1] ,abs15890
[1],[4 5],[],[0],[],[0] ,abs07842
[1],[],[],[0],[],[0] ,abs03380
[1],[4 5 6],[],[0],[],[1] ,abs04390
[1],[5 7],[2],[0],[],[0],abs15108
[1],[2],[],[0],[],[0] ,abs15631
[1],[],[],[],[1],[1] ,abs10655
[1],[4 5],[],[0],[],[0] ,abs21670
[0],[],[],[],[1],[0] ,abs15179
[1],[3],[],[0],[1],[1] ,abs00083
[0],[],[],[],[1],[1] ,abs18374
[1],[4 5 6],[],[0],[],[0] ,abs13446
[1],[],[],[0],[1],[1] ,abs10528
[1],[2],[],[],[],[0] ,abs13761
[1],[4 6 7],[],[0],[],[0] ,abs13473
[1],[5],[1],[0],[1],[0] ,abs18085
[1],[4 5],[1],[0],[],[0] ,abs04506
[1],[4 5 6],[1],[0],[],[0] ,abs07626
[1],[4 6],[],[0],[],[0] ,abs11069
[1],[5 6],[],[0],[],[0] ,abs07182
[0],[],[],[],[0],[0] ,abs17202
[1],[3],[],[0],[1],[1] ,abs03866
[1],[6],[],[0],[],[0] ,abs15468
[1],[4],[2],[0],[0],[1] ,abs02620
[1],[5 6],[],[0],[1],[1] ,abs01524
[1],[6],[1],[0],[],[0] ,abs15637
[1],[4 5],[],[0],[1],[1] ,abs12575
[0],[],[],[],[1],[1] ,abs17178
[0],[],[],[],[0],[1] ,abs05165
[1],[6],[],[0],[],[0] ,abs07599
[1],[0],[],[0],[0],[1] ,abs04792
[1],[6],[],[0],[1],[1] ,abs19360
[1],[4],[],[0],[],[0] ,abs11273
[1],[],[],[0],[1],[1] ,abs19065
[1],[6 7],[],[0],[],[0] ,abs13509
[1],[2],[],[10],[1],[1] ,abs06706
[0],[],[],[],[0] ,abs02627
[0],[],[],[],[],[0] ,abs15815
[1],[],[],[0],[1],[1] ,abs19013
[1],[2],[],[],[],[0] ,abs19027
[0],[],[],[],[],[0] ,abs16093
[1],[3],[],[0],[1],[1] ,abs02928
[1],[],[],[0],[1],[1] ,abs17288
[1],[2],[],[],[0],[1] ,abs02071
[1],[4],[],[0],[],[0] ,abs11966
[1],[6],[],[0],[],[0] ,abs05073
[1],[3],[],[0],[1],[0] ,abs20138
[1],[2],[],[0],[0],[1] ,abs05118
[1],[6],[2],[0],[],[1] ,abs01098
[0],[],[],[],[0],[1] ,abs01749
[1],[2],[],[0],[1],[1] ,abs18918
[1],[1 2],[],[22],[1],[0] ,abs01400
[1],[4 5],[],[0],[],[0] ,abs07150
[1],[3],[],[0],[1],[1] ,abs18665
[0],[],[],[],[1],[1] ,abs04717
[1],[],[2],[0],[],[1] ,abs17528
1,2,2,[],1,1 ,abs06614
[1],[6],[2],[0],[],[0] ,abs13218
[1],[2],[2],[],[0],[0] ,abs04599
[1],[2],[],[],[1],[0] ,abs19966
[1],[],[],[0],[0],[1] ,abs20749
[1],[5 6],[],[0],[],[0],abs07278
[1],[2],[],[],[1],[1] ,abs20280
[1],[6],[2],[0],[1],[1] ,abs10580
[1],[4 5],[2],[0],[],[0] ,abs07803
[0],[],[],[],[1],[1] ,abs08955
[1],[6],[2],[0],[],[0] ,abs12574
[1],[6],[],[0],[1],[1] ,abs04032
[1],[],[2],[0],[1],[1] ,abs13973
[1],[2],[],[],[],[0] ,abs17982
[1],[5],[],[0],[],[0] ,abs12920
[1],[4],[],[0],[],[0] ,abs13250
[1],[],[2],[0],[],[1] ,abs10353
[1],[3 6],[],[0],[],[0] ,abs14136
[1],[2],[1],[13],[1],[0] ,abs10253
[1],[4 5 6],[2],[0],[],[0] ,abs08590
[0],[],[],[],[],[0] ,abs16684
[1],[4 6],[2],[0],[],[0] ,abs15227
[1],[3],[],[0],[],[0] ,abs05280
[1],[5],[],[0],[],[0] ,abs18713
[1],[3],[],[0],[],[0] ,abs18736
[1],[4 6],[2],[0],[],[0] ,abs12342
[0],[],[],[],[0],[1] ,abs11739
[1],[4 6],[],[0],[1],[0] ,abs07576
[0],[],[],[],[0],[1] ,abs03730
[1],[4 6 7],[],[0],[],[0] ,abs14714
[1],[4],[],[0],[],[0] ,abs21366
[1],[2],[],[],[1],[1] ,abs10097
1,4 7,1,0,0,1 ,abs17957
[1],[6],[2],[0],[],[0] ,abs11914
[1],[2],[],[3],[0],[1] ,abs05270
[0],[],[],[],[0],[1] ,abs00075
[1],[6],[2],[0],[],[0] ,abs11073
[1],[],[2],[0],[1],[1] ,abs14152
[1],[6],[],[0],[1],[1] ,abs02949
[1],[3],[1],[0],[],[0] ,abs09479
1,4 6,2,[],1,1 ,abs09049
[1],[],[],[],[0],[1] ,abs19517
[1],[],[2],[0],[1],[0] ,abs06475
[1],[5 6],[],[0],[],[0] ,abs12907
[1],[4 5 6],[],[0],[],[0] ,abs13074
[1],[6],[],[],[0],[1] ,abs13531
[1],[4],[],[],[0],[0] ,abs08219
[1],[6],[],[0],[1],[1] ,abs02424
[1],[6],[],[0],[],[0] ,abs07454
[0],[],[],[],[1],[1] ,abs13910
[0],[],[],[],[0],[0] ,abs06550
[1],[5],[],[0],[],[0] ,abs09045
[1],[4],[],[0],[0],[1] ,abs08992
[1],[],[2],[0],[1],[1] ,abs06430
[1],[4 5 6],[1],[0],[],[0] ,abs09367
[1],[5 6],[1],[0],[],[0] ,abs07474
[1],[5 6],[1],[0],[],[0] ,abs13054
[1],[6],[2],[0],[],[0] ,abs12551
[1],[4 5 6],[1],[],[],[0] ,abs21007
[1],[4 6],[],[0],[],[0] ,abs11476
[0],[],[],[],[1],[1] ,abs18298
[1],[4 5 6],[],[0],[],[0] ,abs16223
[1],[4],[],[0],[1],[1] ,abs14808
[1],[],[],[],[0],[1] ,abs02105
[1],[2],[],[],[0],[1] ,abs03818
[1],[4 5 6],[],[0],[],[0] ,abs13332
[1],[],[],[0],[1],[1] ,abs06714
[1],[],[],[0],[1],[1] ,abs01147
[0],[],[],[],[],[0] ,abs16476
[0],[],[],[],[],[0] ,abs00632
[1],[2],[],[0],[1],[1] ,abs20270
[1],[],[2],[0],[1],[1] ,abs17720
[1],[2],[1],[],[],[0] ,abs15554
1,2,2,[],1,1 ,abs17041
[1],[6],[],[0],[],[0] ,abs01869
[0],[],[],[],[],[0] ,abs09054
[1],[2],[],[0],[1],[1] ,abs04382
[1],[2],[],[5],[1],[1] ,abs14256
[1],[6],[1],[0],[],[0] ,abs00593
[1],[4 5],[],[0],[],[0] ,abs03330
[1],[],[],[],[1],[0] ,abs19659
[1],[2],[],[],[],[0] ,abs05561
[1],[1 2],[],[],[1],[1] ,abs01124
[1],[4 5 6],[],[0],[],[0] ,abs11358
1,4 5 6 7,[],[],1,1 ,abs17844
[0],[],[],[],[1],[1] ,abs18390
[1],[4 5],[],[0],[],[0] ,abs07594
[1],[4 5 6],[],[0],[],[0] ,abs12067
[1],[4 5 6],[2],[0],[],[0] ,abs11219
[1],[5],[],[0],[],[0] ,abs06093
[1],[3],[2],[0],[],[0] ,abs16431
[1],[4 5],[],[0],[],[0] ,abs15310
[1],[2],[2],[17],[],[0] ,abs04441
[1],[3],[],[0],[],[0] ,abs18977
[1],[],[],[0],[1],[1] ,abs13777
[1],[4 5 6],[],[0],[],[0] ,abs16501
[1],[4],[],[0],[],[0] ,abs12424
[1],[],[2],[0],[1],[1] ,abs14167
[1],[5],[],[0],[],[0] ,abs09428
[0],[],[],[],[1],[1] ,abs04959
[1],[3],[],[0],[1],[1] ,abs15896
[1],[5 6],[],[0],[1],[0] ,abs19468
[0],[],[],[],[0],[1] ,abs08857
[1],[6],[],[0],[1],[1] ,abs09150
1,4 5 6,2,0,0,1 ,abs06364
[1],[0],[],[0],[],[0] ,abs22154
[1],[],[],[],[1],[1] ,abs14369
[5 6 7],[1],[0],[],[0],abs07159
[1],[5],[1],[0],[],[0] ,abs08855
[1],[2],[],[],[1],[1] ,abs04630
[1],[6],[2],[0],[],[0] ,abs06090
[0],[],[],[],[],[0] ,abs16759
[1],[6],[1],[],[],[0] ,abs19705
[1],[2],[],[25],[],[0] ,abs03304
[1],[5],[],[],[1],[0] ,abs09201
[0],[],[],[],[1],[1] ,abs00260
[0],[],[],[],[0],[1] ,abs02645
[1],[6],[],[0],[1],[1] ,abs07447
[1],[6],[],[0],[1],[1] ,abs03832
1,3,2,[0],1,1 ,abs14914
[1],[1 2],[2],[],[],[0] ,abs08677
1,3 6 7,2,0,1,1 ,abs19197
[1],[4 5 6],[2],[0],[1],[0] ,abs16630
[1],[4 5 6],[],[0],[],[1] ,abs17827
[1],[],[],[0],[],[0] ,abs03592
[1],[5],[1],[0],[],[0] ,abs12697
[1],[6],[2],[],[1],[1] ,abs00505
[0],[],[],[],[1],[1] ,abs14224
1,4 5 6,2,[],1,1 ,abs18572
[1],[5],[],[0],[],[0] ,abs16154
[1],[4],[],[0],[],[0] ,abs21371
[1],[6],[1],[0],[],[0] ,abs20813
[1],[4 5 6],[],[0],[],[0] ,abs12279
[1],[6],[2],[0],[],[0] ,abs05714
[1],[4 6],[],[0],[],[0] ,abs12084
[0],[],[],[],[1],[1] ,abs09447
[1],[4 6],[1],[],[1],[1] ,abs08043
[1],[6],[2],[0],[],[0] ,abs17022
[1],[1 2],[],[34],[],[0] ,abs01401
[1],[4 5],[],[0],[1],[1] ,abs19616
[1],[4 5 6],[2],[0],[],[0] ,abs21299
[0],[],[],[],[],[0] ,abs14886
[1],[3],[],[0],[1],[1] ,abs02925
[1],[4 5 6],[2],[0],[],[0] ,abs16239
[1],[2 3 6],[],[12],[],[0] ,abs20420
[1],[6],[],[0],[],[0] ,abs11629
1,2,2,[],1,1 ,abs21927
[1],[],[],[],[1],[1] ,abs20810
[1],[4 5 6],[2],[0],[],[0] ,abs07836
1,3 6,2,0,1,1 ,abs20920
[1],[6 7],[],[0],[],[0] ,abs16845
[1],[1 2],[],[],[1],[1] ,abs10183
[0],[],[],[],[1],[1] ,abs04034
[1],[6],[],[0],[],[0] ,abs06244
[1],[3],[],[0],[],[0] ,abs18705
[1],[2],[],[],[1],[1] ,abs18241
[1],[6],[],[0],[1],[1] ,abs13491
[1],[6],[1],[0],[],[0] ,abs04195
[1],[6],[],[0],[1],[1] ,abs00082
[1],[4 5 6],[1],[0],[],[0] ,abs11044
[1],[6],[],[0],[],[0] ,abs20815
[1],[6],[1],[0],[1],[0] ,abs19968
[1],[3],[],[0],[1],[1] ,abs03286
[1],[2],[],[],[1],[0] ,abs10601
[1],[4 5 6],[],[0],[1],[1] ,abs21032
[1],[6],[2],[0],[],[1] ,abs14386
1,6 7,2,0,1,1 ,abs09093
[1],[1 2],[2],[7],[],[0] ,abs17216
[1],[2],[],[],[0],[1] ,abs11791
[1],[5],[1],[0],[],[0] ,abs16423
[1],[4 6],[2],[0],[],[0] ,abs15731
[1],[],[],[],[0],[1] ,abs03947
1,2,2,[],1,1 ,abs17562
[1],[2],[2],[],[1],[1] ,abs11878
[1],[4 5 6 7],[],[0],[],[0] ,abs19364
[1],[5],[],[0],[1],[1] ,abs01605
[1],[6],[2],[0],[],[1] ,abs15044
[1],[5],[],[0],[],[0] ,abs05415
[1],[6],[],[0],[],[1] ,abs17403
abs19325
[1],[6],[2],[0],[],[0] ,abs00378
[0],[],[],[],[0],[1] ,abs09218
[1],[],[],[0],[1],[1] ,abs02255
[1],[4 5 6],[],[],[],[0] ,abs12871
[1],[4 5 6],[2],[0],[],[0] ,abs05328
[0],[],[],[],[1],[1] ,abs14337
[1],[4 5 6],[],[0],[],[0] ,abs19329
[1],[2],[],[],[1],[1] ,abs16976
1,2 3,2,[],1,1 ,abs20024
[1],[6],[2],[0],[],[1] ,abs17210
[1],[3],[],[0],[1],[1] ,abs01383
[1],[4 5 6],[],[0],[],[0] ,abs12912
[0],[],[],[],[1],[0] ,abs15266
[0],[],[],[],[0],[0] ,abs03892
[1],[2],[],[],[1],[1] ,abs18878
[1],[1 2],[],[],[1],[1] ,abs02951
[1],[6],[1],[0],[],[0] ,abs12129
[1],[5],[],[],[],[0] ,abs04600
[1],[],[],[0],[],[0] ,abs18059
[1],[5 6],[1],[0],[],[0] ,abs07622
[1],[4 5],[1],[0],[1],[0] ,abs16854
[0],[],[],[],[0],[1] ,abs01687
[1],[],[],[],[1],[1] ,abs13778
[1],[],[2],[0],[1],[1] ,abs17084
[1],[],[],[],[0],[1] ,abs05160
[1],[5],[],[0],[],[0] ,abs15566
[0],[],[],[],[1],[1] ,abs00259
[0],[],[],[],[1],[1] ,abs01873
[1],[2],[],[],[0],[1] ,abs10327
[1],[4],[],[3],[0],[1] ,abs14706
[1],[6 7],[],[0],[],[0] ,abs21993
[1],[2],[],[0],[1],[1] ,abs22216
[1],[2],[],[],[1],[0] ,abs15201
[1],[0],[],[0],[0],[1] ,abs05235
1,2,1,[],[],0 ,abs09423
[1],[7],[],[0],[],[0] ,abs15479
[1],[],[2],[0],[1],[1] ,abs06429
[1],[2],[2],[],[1],[0] ,abs06477
[0],[],[],[],[1],[1] ,abs07064
[1],[4 5 6],[],[0],[1],[1] ,abs16051
[1],[0],[],[0],[],[0] ,abs01564
[1],[4 5],[1],[0],[],[0] ,abs05831
[1],[5],[1],[0],[],[0] ,abs06368
[1],[4 5 6],[1],[0],[],[0] ,abs07120
[1],[6],[],[0],[1],[1] ,abs00022
[1],[5 6],[],[0],[],[0] ,abs02210
[1],[4 6],[2],[0],[],[0] ,abs16167
[1],[4 6],[2],[0],[],[0] ,abs11518
[1],[4],[],[3],[0],[1] ,abs21464
[1],[4],[],[0],[1],[1] ,abs21126
[1],[],[],[],[1],[1] ,abs13681
[1],[0],[],[0],[0],[1] ,abs03378
[1],[6],[],[0],[1],[1] ,abs18896
[1],[],[],[],[1],[1] ,abs17799
1,2,2,[],1,1 ,abs10730
[1],[4 5 6],[1],[0],[],[0] ,abs06270
[1],[2],[],[22],[1],[1] ,abs06820
[1],[6],[2],[0],[1],[1] ,abs19010
[1],[],[],[0],[0],[1] ,abs19203
[1],[6],[],[0],[],[0] ,abs03375
[1],[5 6],[],[0],[],[0] ,abs05857
[1],[6],[2],[0],[],[0] ,abs16741
[1],[2],[],[3],[1],[1] ,abs18279
[1],[4 5 6],[],[],[],[0] ,abs08263
[1],[4 5 6 7],[],[0],[],[0] ,abs08200
[1],[4 5],[1],[0],[],[0] ,abs06217
[1],[2],[],[],[0],[1] ,abs02404
[0],[],[],[],[0],[1] ,abs03059
[1],[],[],[0],[1],[1] ,abs14323
[1],[3],[],[],[1],[1] ,abs20223
[1],[6],[2],[0],[],[0] ,abs01787
[1],[],[],[],[1],[1] ,abs00376
1,1 2,2,7 26,1,1 ,abs19202
[1],[4 6 7],[],[0],[],[0] ,abs08640
[1],[2],[],[0],[1],[1] ,abs06849
[1],[4 5 6],[],[0],[],[0] ,abs09775
[1],[],[],[],[0],[1] ,abs20529
[1],[2],[2],[40],[0],[0] ,abs04610
[1],[4 5 6],[1],[0],[],[0] ,abs17036
[0],[],[],[],[1],[1] ,abs09993
[1],[4 5],[1],[0],[],[0] ,abs05498
[1],[],[],[],[1],[1] ,abs00531
[1],[2],[],[0],[],[0] ,abs03893
[0],[],[],[],[1],[1] ,abs02150
[1],[1 2],[],[],[],[1] ,abs06571
1,4,2,[],1,1 ,abs15851
[0],[],[],[],[0],[1] ,abs17306
[1],[5],[1],[0],[1],[0] ,abs05745
[0],[],[],[],[],[0] ,abs03026
[1],[],[2],[0],[1],[1] ,abs03412
[1],[4 5 6 7],[],[0],[],[0] ,abs09810
[1],[4 5 6],[1],[0],[1],[0] ,abs08441
[1],[0],[],[0],[],[0] ,abs01930
[1],[2],[2],[],[1],[1] ,abs00690
[1],[6],[],[],[],[0] ,abs21555
[1],[],[2],[0],[1],[1] ,abs10419
[1],[6],[2],[0],[],[0] ,abs15769
[1],[6],[2],[0],[],[0] ,abs03620
[1],[3],[],[0],[],[1] ,abs20675
[0],[],[],[],[0],[1] ,abs02116
[1],[],[2],[],[0],[1] ,abs19609
[0],[],[],[],[0],[1] ,abs03543
[1],[4 5 6],[],[0],[],[0] ,abs16816
[1],[3],[],[0],[1],[1] ,abs04255
[1],[1 2],[],[26],[1],[1] ,abs06880
[1],[4 5],[1],[0],[1],[0] ,abs14494
[1],[],[2],[],[1],[1] ,abs17155
[0],[],[],[],[1],[1] ,abs02672
[1],[4 5 6],[],[0],[],[0] ,abs06321
[0],[],[],[],[1],[1] ,abs10358
[1],[5],[],[0],[],[0] ,abs14622
[1],[3],[],[0],[1],[1] ,abs04712
[1],[4 5 6],[],[0],[0],[1] ,abs06322
[1],[4 6],[],[0],[0],[1] ,abs16580
[1],[5 6],[1],[0],[],[0] ,abs09720
[1],[6],[],[],[1],[1] ,abs00078
[0],[],[],[],[0],[0] ,abs14257
[1],[4 5],[],[0],[],[0] ,abs12726
[1],[6],[2],[0],[],[0] ,abs12485
[1],[4 5],[],[0],[],[0] ,abs16191
[1],[5],[2],[0],[],[0] ,abs12877
[1],[3],[],[0],[1],[1] ,abs06535
[1],[5 6],[1],[0],[1],[0] ,abs06176
[1],[4],[2],[0],[],[0] ,abs17949
[1],[5],[],[0],[],[0] ,abs01329
[1],[6],[2],[0],[],[1] ,abs08361
[0],[],[],[],[1],[1] ,abs01163
[1],[6],[],[0],[0],[1] ,abs11482
[1],[6],[],[0],[1],[0] ,abs12359
[1],[6],[2],[0],[],[0] ,abs07502
[1],[2],[2],[],[1],[1] ,abs11231
1,6,2,[],1,1 ,abs19598
[1],[6],[],[0],[],[0] ,abs01944
[1],[0],[],[0],[1],[1] ,abs00554
[1],[4 5],[],[0],[1],[0] ,abs06022
[0],[],[],[],[],[0] ,abs15245
[1],[4 5],[],[0],[],[0] ,abs16002
1,4 5 6,1,0,1,1 ,abs18652
[0],[],[],[],[1],[1] ,abs18543
[0],[],[],[],[0],[1] ,abs02402
[1],[6 7],[],[0],[1],[1] ,abs10861
1,5 6,2,0,1,1 ,abs11515
[0],[],[],[],[],[0] ,abs08111
[1],[2],[],[],[1],[1] ,abs21758
[1],[6],[],[0],[1],[0] ,abs07575
[1],[],[],[],[1],[1] ,abs17097
[1],[2],[],[],[0],[1] ,abs03823
[1],[],[],[],[0],[0] ,abs01810
[1],[5],[],[0],[1],[0] ,abs17547
[1],[],[2],[0],[],[0] ,abs17370
[0],[],[],[],[1],[1] ,abs19859
[1],[3],[],[0],[1],[1] ,abs04851
[1],[6],[2],[0],[1],[1] ,abs01728
[1],[4 5],[],[0],[],[0] ,abs05448
[0],[],[],[],[],[0] ,abs15125
[1],[],[],[],[1],[1] ,abs08628
[1],[5],[2],[0],[],[0] ,abs09392
[0],[],[],[],[0],[1] ,abs09297
[1],[],[],[],[1],[1] ,abs14130
[1],[6],[2],[0],[],[0] ,abs19131
[1],[6],[2],[0],[],[0] ,abs07749
[1],[2],[],[],[0],[1] ,abs01339
[1],[6],[],[0],[],[0] ,abs06142
1,4 6,2,0,1,1 ,abs19400
[0],[],[],[],[],[0] ,abs11955
[0],[],[],[],[],[0] ,abs17771
[1],[4],[],[0],[1],[1] ,abs02548
[1],[4 5 6],[],[0],[],[0] ,abs11399
[1],[0],[],[0],[1],[1] ,abs04286
[1],[4 5 6],[],[0],[],[0] ,abs05717
[1],[5],[],[0],[],[0] ,abs13044
[1],[4 5 6],[],[0],[],[0] ,abs15242
[1],[],[2],[0],[],[1] ,abs22082
[1],[2],[1],[],[1],[0] ,abs19282
[1],[5],[],[0],[],[0] ,abs16234
[1],[2],[],[],[],[1] ,abs14292
[1],[1 2],[],[22],[1],[1] ,abs02074
[1],[5 6],[],[0],[],[0] ,abs06349
[1],[2],[],[],[],[0] ,abs05191
[1],[5],[1],[0],[],[0] ,abs16691
[1],[6],[2],[0],[],[0] ,abs05981
[1],[4 5 6],[],[0],[],[1] ,abs20090
[1],[6],[],[0],[1],[1] ,abs01997
[0],[],[],[],[0],[1] ,abs18367
[1],[6],[2],[0],[],[0] ,abs15711
[1],[2],[2],[],[1],[1] ,abs14181
[0],[],[],[],[2],[1] ,abs00899
[1],[2],[],[0],[0],[1] ,abs00353
[1],[2],[],[3],[0],[1] ,abs21602
[1],[3],[],[0],[],[0] ,abs18981
[0],[],[],[],[0],[0] ,abs02887
[1],[5 6],[],[0],[],[0],abs16127
[0],[],[],[],[1],[1] ,abs17448
[1],[4 6],[],[0],[],[0] ,abs08918
[1],[6],[],[0],[1],[1] ,abs03358
1,3,1,[0],1,1 ,abs02428
[1],[2],[],[5],[],[0] ,abs22202
[1],[2],[],[0],[0],[1] ,abs04375
[1],[5],[],[0],[1],[1] ,abs09230
[1],[6],[],[],[],[0] ,abs04671
[1],[6],[],[0],[1],[1] ,abs02917
[0],[],[],[],[0],[1] ,abs12900
[1],[4 5],[],[0],[],[0] ,abs19427
[1],[5 6 7],[2],[0],[],[0] ,abs05951
[1],[3 4 5 6],[],[0],[1],[1] ,abs05342
[1],[],[],[0],[],[0] ,abs12773
[1],[3],[],[0],[1],[1] ,abs20410
[1],[4 5 6],[],[0],[],[0] ,abs12287
[1],[6],[],[0],[],[0] ,abs03546
[1],[],[],[0],[0],[1] ,abs20141
[1],[],[],[],[0],[1] ,abs18494
[1],[6],[],[0],[],[0] ,abs17437
[1],[3],[],[0],[],[0] ,abs20884
[1],[4 5 6],[],[0],[1],[1] ,abs08188
[1],[1 2],[],[22],[1],[0] ,abs06641
1,3 6,1,0,1,1 ,abs10067
[1],[4 6],[],[0],[],[0] ,abs11031
[0],[],[],[],[0],[0] ,abs00545
[1],[],[2],[0],[1],[0] ,abs14085
[1],[4 5],[1],[0],[],[0] ,abs16885
[1],[],[2],[0],[1],[1] ,abs06703
[1],[4 5 6],[0],[0],[],[0],abs13147
[1],[4 5],[],[0],[1],[0] ,abs16739
[1],[4 5 6],[],[0],[],[0] ,abs21194
[0],[],[],[],[],[0] ,abs13016
[1],[2 3],[],[0],[1],[1] ,abs20653
[1],[3],[],[],[0],[1] ,abs02160
[1],[4 5 6],[],[0],[],[0] ,abs09572
[1],[6],[],[0],[0],[1] ,abs04973
[0],[],[],[],[1],[1] ,abs00930
[0],[],[],[],[],[0] ,abs15134
[1],[6],[],[0],[1],[1] ,abs01180
[1],[2 3 6],[],[],[1],[0] ,abs04466
[1],[4],[2],[0],[1],[1] ,abs08681
[0],[],[],[],[1],[1] ,abs17600
[0],[],[],[],[1],[0] ,abs03391
[1],[2],[],[2],[0],[1] ,abs21997
[0],[],[],[],[0],[1] ,abs03170
[0],[],[],[],[0],[1] ,abs00932
1,2,2,[],1,1 ,abs06813
[1],[],[2],[0],[1],[0] ,abs16319
[1],[6],[2],[0],[],[0] ,abs11210
[1],[],[],[],[1],[1] ,abs14028
[1],[],[],[0],[1],[1] ,abs06532
[1],[6],[],[0],[1],[1] ,abs18603
[5],[1],[0],[],[0] ,abs16734
[1],[],[0],[0],[1],[1] ,abs03317
[1],[6],[2],[0],[],[0] ,abs07951
[0],[],[],[],[1],[1] ,abs01801
[0],[],[],[],[1],[1] ,abs01231
[1],[4 5 6],[],[0],[],[1] ,abs08242
[0],[],[],[],[0],[1] ,abs14041
[0],[],[],[],[1],[1] ,abs17079
[0],[],[],[],[],[0] ,abs12143
[0],[],[],[],[1],[1] ,abs02187
[1],[2],[2],[],[],[0] ,abs02577
[1],[2],[],[],[0],[1] ,abs21960
[1],[],[],[],[1],[1] ,abs18415
[1],[2],[],[],[1],[0] ,abs10623
[1],[5],[],[0],[],[0] ,abs09790
[0],[],[],[],[0],[1] ,abs01842
[1],[4 6],[2],[],[],[0] ,abs07259
[0],[],[],[],[],[0] ,abs14884
[1],[2],[],[],[],[0] ,abs04656
[1],[],[],[0],[1],[1] ,abs04951
[1],[],[],[],[0],[1] ,abs04652
[1],[5 6],[],[0],[],[0] ,abs15695
[1],[7],[2],[0],[],[1] ,abs01326
[1],[2],[],[0],[1],[1] ,abs17020
[1],[],[2],[0],[0],[0] ,abs01643
[1],[3],[],[0],[1],[1] ,abs01337
[1],[5],[1],[0],[],[0] ,abs01095
abs06416
[1],[],[2],[0],[1],[1] ,abs07065
[0],[],[],[],[],[0] ,abs07539
[1],[3],[],[],[1],[1] ,abs08754
[1],[5 6],[],[0],[],[0] ,abs13262
[1],[6],[],[0],[],[0] ,abs16287
[0],[],[],[],[1],[1] ,abs01998
[1],[4 5 6],[],[0],[1],[1] ,abs15422
[1],[],[1],[],[],[0] ,abs00041
[1],[5],[1],[0],[1],[1] ,abs10920
[1],[4],[],[0],[1],[1] ,abs11365
[1],[6],[],[0],[],[0] ,abs07969
[1],[5],[1],[0],[],[0] ,abs12517
[1],[5],[2],[0],[],[0] ,abs08194
[0],[],[],[],[0],[1] ,abs00181
[1],[],[],[0],[0],[1] ,abs03796
[1],[2],[1],[16],[],[0] ,abs03772
[1],[6],[],[0],[0],[1] ,abs09860
[1],[6],[],[0],[1],[1] ,abs05283
[1],[2],[],[],[1],[1] ,abs13843
[1],[5],[1],[0],[],[0] ,abs17136
[1],[],[2],[],[1],[0] ,abs18744
[1],[6],[],[0],[],[0] ,abs15190
[1],[],[],[],[1],[1] ,abs14395
[1],[4 6],[],[0],[],[0] ,abs18831
[1],[6],[],[0],[],[0] ,abs05860
[1],[3],[2],[0],[1],[1] ,abs19884
[1],[4],[],[0],[1],[1] ,abs08835
[0],[],[],[],[0],[1] ,abs04647
[1],[6],[2],[0],[1],[1] ,abs06671
[1],[6],[],[],[],[0] ,abs11842
[1],[4],[2],[0],[1],[1] ,abs12974
[1],[4 6],[],[0],[],[0] ,abs11173
[1],[2],[],[0],[1],[1] ,abs03422
[1],[],[],[],[1],[1] ,abs19715
[1],[],[],[0],[1],[1] ,abs13732
[1],[5 6],[],[0],[],[0] ,abs15859
[1],[6],[2],[0],[],[0] ,abs05655
[1],[5 6],[],[0],[],[0] ,abs08553
[1],[2],[],[],[],[0] ,abs02352
[1],[4 5 6],[],[0],[],[0] ,abs14857
[1],[4 5 6],[],[],[0],[1] ,abs08081
[1],[3],[],[0],[1],[1] ,abs14459
[1],[4 5 6],[],[0],[1],[0] ,abs21021
[1],[1 2 3 4],[],[],[1],[1] ,abs14384
[1],[5],[],[0],[],[0] ,abs00992
[1],[6],[],[0],[],[0] ,abs16556
[1],[],[],[0],[],[0] ,abs16181
[1],[6],[2],[0],[],[0] ,abs05722
[1],[4 5],[],[0],[1],[1] ,abs06296
[1],[4 5 6],[],[0],[],[0] ,abs06318
[1],[2],[2],[],[1],[1] ,abs06638
[1],[2],[2],[],[0],[1] ,abs15907
[1],[2],[],[],[0],[1] ,abs09896
[1],[2],[],[],[1],[0] ,abs09549
[1],[6],[],[0],[],[0] ,abs08682
[1],[4 5 6],[2],[0],[],[0] ,abs08814
[0],[],[],[],[1],[1] ,abs16984
[0],[],[],[],[0],[1] ,abs01413
[1],[5],[],[0],[1],[1] ,abs03605
[1],[],[],[],[],[1] ,abs10230
[1],[4 5 6],[],[],[],[0] ,abs19358
1,4 5 6,2,[],1,1 ,abs14632
[1],[3],[2],[0],[1],[1] ,abs10707
[1],[6],[],[0],[],[0] ,abs12797
[1],[],[],[0],[1],[1] ,abs13770
[1],[],[2],[0],[1],[1] ,abs10543
[1],[4 5 6],[],[0],[],[0] ,abs15983
1,4 5 6 7,2,0,1,1 ,abs05755
[1],[4 5 6],[],[0],[],[0] ,abs12089
[1],[2],[],[3],[1],[1] ,abs02842
[1],[6 7],[],[0],[1],[0] ,abs15539
[1],[2],[],[16],[0],[0] ,abs03495
[1],[5],[1],[0],[1],[0] ,abs19207
[1],[1 2],[2],[],[],[0] ,abs13422
[1],[4 5 6],[2],[0],[1],[1] ,abs12379
[1],[4 5 6],[2],[0],[],[0] ,abs05388
[1],[],[],[],[1],[1] ,abs10059
[0],[],[],[],[],[0] ,abs16906
[1],[3],[2],[0],[],[0] ,abs02608
[1],[4],[],[],[0],[0] ,abs13536
[0],[],[],[],[0],[1] ,abs01960
[0],[],[],[],[1],[1] ,abs01688
[1],[4],[2],[0],[1],[0] ,abs17870
[1],[],[2],[0],[],[0] ,abs20469
[1],[4 5 6],[2],[0],[1],[1] ,abs09743
[1],[3],[2],[0],[1],[1] ,abs00406
[1],[],[],[0],[],[0] ,abs01874
[1],[6],[1],[0],[],[0] ,abs09135
[1],[6],[],[0],[],[0] ,abs15275
[1],[4 6],[],[0],[1],[1] ,abs07965
[1],[],[],[],[1],[1] ,abs06694
[1],[6],[2],[0],[],[0] ,abs07629
[1],[6],[],[],[1],[1] ,abs02020
[1],[6],[2],[0],[],[0] ,abs14670
[1],[5 6],[],[0],[],[0] ,abs06286
[1],[6],[],[0],[1],[1] ,abs05260
[1],[],[],[0],[],[0] ,abs13612
[1],[6],[2],[0],[],[0] ,abs16134
[1],[2],[],[26],[1],[1] ,abs02792
[1],[6],[],[0],[],[0] ,abs11889
[1],[2],[],[],[0],[0] ,abs21825
[1],[],[],[],[1],[1] ,abs17658
[1],[2],[],[24],[0],[0] ,abs16842
[1],[6],[],[0],[],[0] ,abs20459
[1],[],[],[0],[1],[1] ,abs05224
[1],[6],[1],[0],[],[0] ,abs09316
[1],[],[2],[],[1],[1] ,abs01560
[1],[7],[],[0],[],[0] ,abs16097
[1],[2],[],[14 26],[1],[1] ,abs19288
[0],[],[],[],[0],[1] ,abs18378
[1],[],[],[],[0],[1] ,abs03401
[1],[5 6 7],[],[0],[],[0] ,abs14604
[1],[2],[],[0],[1],[1] ,abs05186
[1],[6],[],[0],[0],[1] ,abs02844
[1],[2],[1],[],[],[0] ,abs03187
[1],[6],[2],[0],[],[0] ,abs21436
[0],[],[],[],[1],[1] ,abs03258
[1],[6],[],[0],[],[0] ,abs00917
[1],[],[2],[0],[1],[1] ,abs10520
[1],[],[],[],[1],[1] ,abs02655
[1],[],[],[],[1],[1] ,abs18501
[1],[4 5 6 7],[],[0],[],[0] ,abs05339
[1],[6],[],[0],[],[0] ,abs12203
[1],[],[],[],[1],[1] ,abs06729
[1],[5],[],[0],[],[0] ,abs09568
[0],[],[],[],[0],[1] ,abs15710
[0],[],[],[],[0],[1] ,abs14358
[0],[],[],[],[],[0] ,abs05041
[1],[4 5 6],[],[0],[],[0] ,abs16621
[1],[4 5 6],[],[0],[],[0] ,abs12351
[1],[5],[],[0],[],[0] ,abs16667
[1],[5],[],[0],[],[0] ,abs16629
[1],[5],[],[0],[],[0] ,abs06043
[1],[2],[],[],[1],[1] ,abs21794
[1],[6],[2],[0],[],[0] ,abs03166
[0],[],[],[],[0],[1] ,abs03565
[1],[],[],[],[1],[1] ,abs17237
[1],[4 5 6],[2],[0],[],[0] ,abs15766
[1],[],[],[0],[1],[1] ,abs13897
[0],[],[],[],[0],[1] ,abs02572
[1],[4],[],[0],[],[0] ,abs16531
[1],[1],[2],[40],[1],[1] ,abs04288
[1],[2],[2],[0],[],[0] ,abs02927
[1],[6],[],[0],[1],[1] ,abs20125
[1],[5],[],[0],[],[0] ,abs14683
[1],[4 5 6],[1],[0],[],[0] ,abs07172
[1],[4 5],[],[],[0],[1] ,abs21483
[1],[2],[2],[3],[1],[1] ,abs17234
[0],[],[],[],[1],[1] ,abs10503
1,4 5 6,2,0,1,1 ,abs07109
[1],[2],[0],[0],[0],[1] ,abs13986
[1],[3],[],[0],[],[0] ,abs20528
[1],[],[2],[],[1],[1] ,abs10599
[1],[6],[1],[0],[1],[0] ,abs13395
[1],[4 5 6],[1],[0],[],[0] ,abs07430
[1],[7],[2],[0],[],[1] ,abs13588
[1],[4 5 6],[],[0],[],[0] ,abs14178
[1],[5 6],[2],[0],[],[0] ,abs12875
[1],[6],[2],[0],[],[0] ,abs19226
[1],[4 5 6],[1],[0],[],[0] ,abs21222
[1],[5],[],[0],[],[0] ,abs18674
[1],[6],[],[0],[],[0] ,abs02809
[1],[],[],[0],[],[0] ,abs07384
[1],[],[2],[0],[1],[1] ,abs17773
[1],[6],[],[],[1],[1] ,abs20640
[1],[6],[],[0],[1],[0] ,abs08673
[1],[4 5],[],[0],[],[0] ,abs15210
[1],[2],[2],[],[0],[1] ,abs10056
[1],[6],[],[],[],[0] ,abs02603
[1],[5 6],[],[0],[],[0] ,abs14242
[1],[4 6],[2],[0],[],[0] ,abs16255
[1],[2],[],[18],[],[0] ,abs07014
[1],[5 6],[2],[0],[],[0] ,abs03863
[1],[1 2],[],[],[1],[0] ,abs19038
[1],[2],[2],[0],[1],[1] ,abs01331
[1],[6],[2],[],[1],[1] ,abs14807
[1],[],[],[],[1],[1] ,abs00500
1,4 5 6,2,3,1,1 ,abs18742
[0],[],[],[],[],[0] ,abs12610
0,[],[],[],1,1 ,abs00341
[1],[4 5 6],[],[0],[],[0] ,abs18087
[1],[5],[],[0],[],[0] ,abs15965
[1],[4 6 7],[],[0],[],[0] ,abs09780
[1],[5 6],[],[0],[],[0] ,abs11362
[1],[5 6],[],[0],[],[0] ,abs10259
1,6,2,[],1,1 ,abs07028
[1],[5],[],[0],[],[0] ,abs07319
[1],[4 5],[],[0],[1],[0] ,abs04159
[1],[5 6],[],[0],[],[0] ,abs12086
[1],[],[],[],[1],[1] ,abs10497
[1],[5 6],[1],[0],[1],[1] ,abs16820
abs21754
[1],[6],[1],[0],[],[0] ,abs15627
[1],[2],[],[12],[1],[1] ,abs00675
[1],[6],[1],[],[],[0] ,abs02751
[0],[],[],[1],[1] ,abs17725
[1],[6],[2],[0],[],[0] ,abs05575
[1],[6],[2],[0],[],[1] ,abs15737
[1],[5],[],[0],[],[0] ,abs07699
[1],[4 5 6],[2],[0],[],[0] ,abs08522
[1],[6],[],[0],[1],[1] ,abs21552
1,0,1,[],1,1 ,abs12080
[1],[2],[],[12],[1],[1] ,abs18579
[1],[2],[],[12],[1],[1] ,abs14120
1,1 2 6,2,7,1,1 ,abs22063
[1],[],[2],[],[0],[1] ,abs13488
[1],[6],[],[],[],[0] ,abs13451
[1],[5 6],[],[0],[1],[0] ,abs06884
[1],[1 2],[],[9],[1],[1] ,abs19623
[1],[6],[2],[0],[],[0] ,abs21473
1,1 2,2,[],[],0 ,abs06658
[1],[5],[],[0],[],[0] ,abs08186
[0],[],[],[],[0],[1] ,abs03576
[1],[4 5 6 7],[],[0],[],[0] ,abs08638
[1],[6],[],[0],[1],[0] ,abs19758
[1],[],[2],[0],[],[1] ,abs17677
[1],[4 6],[],[0],[],[0] ,abs11344
[0],[],[],[],[0],[1] ,abs06882
[1],[2],[],[],[],[1] ,abs09956
[1],[6],[],[0],[],[0] ,abs05727
[1],[4 5 6],[1],[0],[],[0] ,abs10191
[1],[4 6 7],[2],[0],[],[0] ,abs11001
[1],[4 6],[2],[0],[],[0] ,abs09473
[0],[],[],[],[1],[1] ,abs01624
[1],[3],[],[0],[],[0] ,abs20528
[1],[6],[2],[0],[],[0] ,abs09421
[1],[5],[],[0],[],[0] ,abs18659
[1],[],[],[0],[],[0] ,abs13241
[1],[],[],[],[1],[1] ,abs10080
[1],[5],[],[0],[1],[0] ,abs17913
[1],[1 2],[],[],[1],[1] ,abs01856
[0],[],[],[],[0],[1] ,abs04813
[1],[5 6],[2],[0],[],[0] ,abs11136
[0],[],[],[],[1],[1] ,abs01942
[1],[4 5 6],[],[0],[],[0] ,abs11635
[1],[5],[1],[0],[],[0] ,abs16206
[1],[],[],[],[0],[1] ,abs04642
1,4 5 6,2,[],1,1 ,abs03512
[1],[5],[],[0],[],[0] ,abs08426
[1],[2],[],[26],[0],[0] ,abs00538
[1],[5],[1],[0],[],[1] ,abs05762
[1],[4 5 6],[],[0],[1],[1] ,abs06070
[1],[],[2],[],[1],[1] ,abs20191
[1],[5 6],[2],[0],[],[0] ,abs15957
1,5,0,0,1,1 ,abs07569
[1],[],[],[],[1],[1] ,abs13802
[1],[1 2],[],[],[1],[1] ,abs00096
[1],[6],[2],[0],[],[0] ,abs20660
[1],[],[],[0],[1],[1] ,abs17009
[1],[4 5 6],[],[],[1],[1] ,abs10781
[1],[],[],[0],[1],[1] ,abs18248
[1],[5],[],[0],[],[0] ,abs06097
[1],[4 6],[2],[],[],[0] ,abs21294
[1],[2],[],[0],[0],[1] ,abs05171
[1],[],[],[],[1],[1] ,abs17622
[1],[6],[2],[0],[],[0] ,abs12144
[1],[6],[2],[0],[],[0] ,abs15487
[1],[3],[],[0],[1],[1] ,abs13450
[1],[2],[],[0],[1],[1] ,abs03509
[1],[4 5],[2],[0],[],[0] ,abs08435
[1],[4],[1],[0],[1],[1] ,abs11341
[1],[4 5 6],[],[0],[],[0] ,abs16522
[1],[6],[],[],[1],[1] ,abs19289
[1],[1 2],[],[],[1],[0] ,abs16326
[1],[6],[],[0],[],[0] ,abs00443
[1],[],[2],[],[],[0] ,abs04507
[1],[4 5],[],[0],[],[0] ,abs15571
[1],[3 5],[],[0],[],[0] ,abs11923
[1],[],[],[],[0],[1] ,abs21528
[1],[6],[],[0],[],[0] ,abs10489
[0],[],[],[],[1],[1] ,abs18386
[1],[6],[],[0],[],[0] ,abs00403
[1],[4 5 6],[],[0],[],[0] ,abs11986
[1],[4 5 6],[],[],[1],[1] ,abs11918
[1],[5],[1],[0],[],[0] ,abs07790
[1],[4 5 6],[],[0],[1],[1] ,abs07321
[1],[4 5],[],[0],[],[0] ,abs13416
[1],[5],[],[0],[],[0] ,abs17838
1,6,2,[0],1,1 ,abs03714
[0],[],[],[],[0],[1] ,abs05084
[1],[6],[],[0],[],[0] ,abs13331
[1],[6],[],[],[0],[0] ,abs01646
[1],[4 5],[],[0],[],[0] ,abs12133
[1],[],[],[],[],[0] ,abs17480
[0],[],[],[],[],[0] ,abs12777
[1],[6],[],[0],[1],[1] ,abs19377
[1],[2],[],[3],[1],[1] ,abs10048
[1],[4 5 6],[],[0],[],[0] ,abs09212
[1],[6],[],[0],[],[0] ,abs09634
[1],[5],[],[0],[1],[1] ,abs03886
[1],[6],[],[0],[],[0] ,abs09650
[1],[2],[],[0],[],[0] ,abs20713
[1],[2],[],[],[0],[0] ,abs21921
[0],[],[],[],[],[0] ,abs07299
[1],[5 6],[],[0],[],[0] ,abs12059
[1],[3 6],[],[0],[1],[1] ,abs00909
[1],[5],[],[0],[],[0] ,abs07660
[1],[],[],[],[0],[1] ,abs22217
[1],[6],[],[0],[],[0] ,abs12318
[1],[6],[],[0],[1],[1] ,abs02916
[1],[5 6],[],[0],[],[0] ,abs05875
[1],[4 5 6],[2],[0],[],[0] ,abs07990
[1],[5],[],[0],[],[0] ,abs15121
[1],[4 5],[],[],[],[1] ,abs19556
[0],[],[],[],[0],[1] ,abs13399
[1],[],[2],[0],[1],[1] ,abs07060
[1],[],[2],[],[],[1] ,abs10021
[1],[],[],[],[0],[1] ,abs21663
[1],[4 5],[],[0],[],[0] ,abs07202
[0],[],[],[],[1],[1] ,abs18187
1,3,[],[],1,1 ,abs21796
[1],[4],[],[],[1],[1] ,abs21330
[1],[6],[],[0],[1],[0] ,abs05013
[1],[],[2],[0],[1],[1] ,abs10066
[1],[6],[2],[0],[],[0] ,abs09920
1,1 2,[],[],1,1 ,abs06701
[1],[1 2 4 5 6],[2],[],[],[1] ,abs12320
[1],[5],[],[0],[],[0] ,abs03179
[1],[],[],[0],[1],[0] ,abs13651
[1],[5 6],[],[0],[],[0] ,abs04023
[1],[5 6],[],[0],[],[0] ,abs06284
[1],[6],[2],[0],[],[0] ,abs00400
[0],[],[],[],[0],[1] ,abs02994
[1],[6],[],[0],[],[1] ,abs20604
[1],[2],[],[],[1],[1] ,abs10495
[1],[2],[],[],[1],[1] ,abs21892
[1],[3],[],[0],[1],[0] ,abs13553
[1],[6],[2],[0],[1],[1] ,abs17092
[1],[],[2],[],[],[1] ,abs10201
[1],[5],[1],[0],[],[0] ,abs14985
1,4 5 6,1,[],1,1 ,abs15408
[1],[2],[],[16],[0],[1] ,abs12917
1,4 5,1,[],1,1 ,abs11552
[1],[0],[],[0],[],[0] ,abs13312
[1],[],[],[0],[1],[1] ,abs09983
1,3,2,[],1,1 ,abs20518
[1],[6],[2],[0],[1],[1] ,abs00851
[0],[],[],[],[0],[1] ,abs16316
[1],[3],[],[0],[1],[1] ,abs18667
[0],[],[],[],[],[0] ,abs03860
[1],[5 6],[],[0],[],[0] ,abs07234
[1],[6],[],[0],[1],[1] ,abs15039
[1],[6],[],[0],[1],[1] ,abs01428
[1],[],[],[0],[],[0] ,abs03230
[1],[6],[2],[],[1],[1] ,abs10478
[1],[2 3 6],[],[0],[1],[1] ,abs08292
[1],[6],[2],[0],[1],[1] ,abs00953
[1],[3],[],[],[1],[1] ,abs19957
[1],[2],[],[],[1],[1] ,abs10970
[1],[6],[2],[0],[1],[1] ,abs01442
[1],[5 6],[],[0],[1],[1] ,abs14673
[1],[4 5 6],[2],[0],[],[0] ,abs16814
1,1 2,2,26,1,1 ,abs22189
[1],[4],[2],[],[1],[1] ,abs14676
1,4 5,2,[],1,1 ,abs06832
[1],[],[],[0],[1],[1] ,abs09943
[1],[2],[],[],[1],[1] ,abs10694
[1],[2],[],[],[0],[1] ,abs02286
[1],[],[],[],[1],[1] ,abs19187
[1],[6],[2],[0],[],[1] ,abs17260
[1],[],[1],[],[0],[1] ,abs21705
1,1 2 3,2,[],1,1 ,abs06618
[1],[5 6],[1],[0],[],[0] ,abs12801
[1],[1 2],[],[9],[1],[1] ,abs17790
[1],[6],[2],[0],[],[0] ,abs13206
[1],[2],[],[12],[1],[1] ,abs13832
[1],[2],[2],[],[1],[1] ,abs18960
[0],[],[],[],[0] ,abs08358
1,[],[],[],0,1 ,abs07101
[1],[4 5 6],[],[0],[],[0] ,abs18137
[1],[6],[],[0],[],[0] ,abs19116
[1],[4 5 6],[],[0],[],[0] ,abs14970
[1],[5],[2],[0],[1],[1] ,abs05474
[1],[1 2],[2],[],[],[0] ,abs18793
[0],[],[],[],[0],[1] ,abs02643
[3],[2],[0],[1],[1] ,abs20914
[1],[2],[],[3],[],[1] ,abs10184
[1],[4 5 6],[],[0],[],[0] ,abs00458
[1],[4 5 6],[],[0],[],[0] ,abs11841
[1],[6],[2],[0],[],[0] ,abs21572
[1],[4 7],[],[0],[],[0] ,abs06058
[1],[4 5],[2],[],[1],[1] ,abs08736
[1],[2],[],[15],[1],[1] ,abs18901
[1],[7],[2],[0],[1],[1] ,abs20878
[1],[],[2],[],[1],[1] ,abs00064
[1],[6],[],[0],[],[0],abs07091
[1],[4 5 6 7],[],[0],[1],[1] ,abs20744
[1],[],[2],[0],[],[0] ,abs02880
[1],[3],[],[0],[],[0] ,abs04727
[0],[],[],[],[1],[1] ,abs18400
1,4 5,2,[],1,1 ,abs08593
[1],[2],[2],[],[1],[0] ,abs02829
[1],[],[2],[],[1],[1] ,abs13946
[1],[1 2],[],[],[],[0] ,abs14480
[1],[4 5],[],[0],[],[0] ,abs07315
[1],[2],[2],[],[],[1] ,abs21792
[1],[4],[],[0],[1],[1] ,abs08783
[1],[4 6],[2],[0],[],[0] ,abs08245
[1],[6],[2],[0],[0],[1] ,abs21550
1,0,1,[],1,1 ,abs20018
[1],[5 6],[],[0],[],[0] ,abs20358
[1],[5],[],[0],[],[0] ,abs01005
[1],[5 6],[],[0],[],[0] ,abs12698
[1],[6],[],[0],[1],[1] ,abs20262
[0],[],[],[],[1],[1] ,abs18568
[0],[],[],[],[],[1] ,abs04561
[0],[],[],[],[1],[1] ,abs19809
[1],[3],[],[0],[1],[1] ,abs20739
[1],[6],[2],[0],[],[0] ,abs15183
[1],[6],[],[0],[1],[1] ,abs05533
[0],[],[],[],[],[0] ,abs12131
[1],[],[2],[0],[1],[1] ,abs17250
[1],[2],[2],[14],[],[0] ,abs19925
[1],[3],[1],[0],[1],[1] ,abs18879
[0],[],[],[],[1],[1] ,abs13849
[0],[],[],[],[1],[1] ,abs21795
[1],[5],[],[0],[],[0] ,abs16435
[1],[2],[],[3],[1],[1] ,abs20524
[1],[2],[],[],[1],[1] ,abs18046
[0],[],[],[],[0],[1] ,abs08708
[0],[],[],[],[],[0] ,abs08541
[1],[7],[],[0],[1],[1] ,abs03459
[1],[],[0],[0],[1],[1] ,abs03942
[1],[6],[],[0],[],[0] ,abs21381
[1],[4 6 7],[],[0],[1],[1] ,abs13490
[1],[0],[],[],[],[0] ,abs15700
[1],[4 5 6],[2],[0],[],[0] ,abs12820
[0],[],[],[],[1],[1] ,abs04400
[1],[2],[],[],[1],[1] ,abs03188
[1],[2],[2],[12],[1],[1] ,abs17230
[1],[2],[],[],[1],[1] ,abs21652
[1],[2],[],[18],[1],[1] ,abs10907
1,2,2,[9 30],1,1 ,abs10011
1,3,2,0,1,1 ,abs18687
[1],[4 5 6],[],[0],[],[0] ,abs07326
[1],[],[],[],[0],[1] ,abs02635
1,2,2,10,1,1 ,abs10322
[1],[2],[],[],[0],[1] ,abs04423
[1],[2],[],[],[1],[1] ,abs22262
[0],[],[],[],[0],[0] ,abs06393
[1],[2 3 6 7],[],[],[],[0] ,abs19842
[1],[3],[],[0],[1],[1] ,abs06787
[1],[4 5 6],[],[],[],[0] ,abs05966
[1],[6],[2],[0],[],[0] ,abs15866
[1],[6],[],[0],[1],[0] ,abs09482
1,2,2,12,1,1 ,abs21866
[0],[],[],[],[0],[1],abs02685
[1],[4 5 6],[],[0],[],[0] ,abs16524
1,2 4 6,2,3,0,1 ,abs07968
[0],[],[],[],[1],[1] ,abs17341
[1],[5],[1],[0],[],[0] ,abs11697
[0],[],[],[],[],[1] ,abs20880
[1],[6],[],[0],[],[0] ,abs04309
[0],[],[],[],[1],[1] ,abs10076
[1],[4 5],[1],[0],[1],[0] ,abs07242
[1],[4 5 6],[],[0],[],[0] ,abs12755
1,1 2,0,[],1,1 ,abs18686
[0],[],[],[],[1],[1] ,abs18350
[1],[6],[],[0],[],[0] ,abs20363
1,4 6 7,1,0,1,1 ,abs15675
[1],[4 5],[1],[0],[],[0] ,abs04035
[0],[],[],[],[0],[0] ,abs04655
[0],[],[],[],[0],[1] ,abs14813
[1],[4],[],[],[1],[1] ,abs08824
abs02104
[0],[],[],[],[0],[0] ,abs09704
[1],[4 5 6 7],[2],[0],[],[0] ,abs06138
[1],[1 2],[],[],[1],[0] ,abs15328
[1],[4 5 6],[1],[0],[1],[1],abs07791
[1],[4 5 6],[2],[0],[],[0] ,abs13037
[1],[4 5],[],[0],[],[0] ,abs13613
[0],[],[],[],[],[0] ,abs05377
[1],[],[],[0],[1],[1] ,abs04718
[0],[],[],[],[1],[1] ,abs15709
[1],[2],[],[15],[1],[1] ,abs16837
[0],[],[],[],[1],[1] ,abs09325
[1],[5 6],[1],[0],[],[0],abs12584
[0],[],[],[],[1],[1] ,abs14678
[1],[4 5],[],[0],[],[0] ,abs13539
[],[0],[],[0] ,abs14983
[1],[4 5 6],[],[0],[1],[1] ,abs21036
[1],[4 6],[2],[0],[1],[1] ,abs11039
[1],[3 6],[],[0],[],[0] ,abs19466
[1],[6],[2],[0],[1],[1] ,abs18818
[1],[5],[1],[0],[],[0] ,abs11898
[1],[2],[],[],[1],[1] ,abs01694
[1],[7],[],[0],[1],[1] ,abs20208
[1],[4 5],[1],[0],[],[0] ,abs16757
[1],[3],[],[0],[1],[1] ,abs16563
1,4 5 6 7,2,0,1,1 ,abs19331
[0],[],[],[],[],[0] ,abs13462
[1],[4 5 6],[],[0],[],[0] ,abs11587
[1],[4 5],[],[0],[],[0] ,abs11072
[1],[],[2],[0],[1],[1] ,abs01187
[0],[],[],[],[0],[1] ,abs11280
[1],[2],[],[],[0],[1] ,abs04443
[1],[1 2],[],[7],[1],[1] ,abs15475
[1],[4 6 7],[2],[0],[1],[1] ,abs08461
[0],[],[],[],[0],[1] ,abs03689
[1],[4 5 6],[],[0],[],[0] ,abs12023
[1],[],[2],[],[0],[1] ,abs08596
[1],[2],[2],[],[1],[1] ,abs19749
[1],[2],[],[3],[1],[1] ,abs18286
[1],[5 6 7],[],[0],[],[0] ,abs09522
[1],[6],[2],[0],[1],[1] ,abs12206
[],[],[],[],[0] ,abs11671
[0],[],[],[],[0],[1] ,abs12998
[1],[4 5 6],[],[],[1],[1] ,abs06137
[1],[],[],[],[],[1] ,abs10356
[0],[],[],[],[1],[1] ,abs22219
[1],[0],[0],[0],[1],[1] ,abs16838
[1],[4 5 6],[1],[0],[],[0] ,abs13285
[1],[5],[],[0],[],[1] ,abs12448
[1],[7],[],[0],[1],[1] ,abs03176
[1],[6],[],[0],[1],[1] ,abs01700
[0],[],[],[],[1],[1] ,abs01506
[1],[],[2],[],[],[1] ,abs18617
[1],[3],[],[0],[1],[1] ,abs03842
1,4 5,1,[],1,1 ,abs19254
[0],[],[],[],[],[0] ,abs16348
[1],[4 5],[1],[0],[],[0] ,abs12100
[1],[2],[],[41],[],[0] ,abs12823
[1],[],[2],[0],[1],[1] ,abs17348
[1],[6],[],[0],[1],[1] ,abs19134
[1],[4 5 6],[2],[0],[],[0] ,abs08077
[1],[6],[],[],[1],[1] ,abs20517
[1],[2],[],[],[1],[1] ,abs10682
[1],[6],[],[0],[],[0] ,abs02611
[1],[5 6],[],[0],[],[0] ,abs10507
[1],[0],[],[0],[1],[1] ,abs01797
[1],[],[2],[],[0],[1] ,abs00965
[1],[1 2],[],[26],[],[0] ,abs13510
[1],[6],[2],[0],[],[0] ,abs09344
[1],[4 5 6],[],[0],[],[0] ,abs08252
1,6,2,[0],1,1 ,abs07495
[1],[2],[],[12],[1],[1] ,abs20401
[1],[4 5 6],[],[0],[],[1] ,abs06092
[1],[6],[],[0],[],[0] ,abs05598
[1],[],[2],[0],[1],[1] ,abs10354
[1],[2],[],[],[1],[1] ,abs17646
[1],[6],[2],[],[],[0] ,abs10906
[0],[],[],[],[1],[1] ,abs03287
[1],[6],[],[],[0],[1] ,abs02278
[1],[4 6],[],[0],[],[0] ,abs01444
1,4 5 6,2,0,1,1 ,abs08829
[0],[],[],[],[0],[1] ,abs04391
[1],[3],[2],[0],[1],[1] ,abs20250
[1],[],[2],[0],[1],[1] ,abs22104
[1],[2],[],[],[1],[0] ,abs08181
1,2,2,[],1,1 ,abs01269
[1],[],[],[],[1],[1] ,abs17643
1,6,2,[],1,1 ,abs21607
[1],[],[1],[],[0],[1] ,abs21104
[1],[2],[],[0],[],[0] ,abs08467
[1],[],[2],[],[0],[0] ,abs20265
[1],[6],[],[0],[],[0] ,abs18962
[1],[],[2],[],[1],[1] ,abs09965
[1],[4 5 6],[],[0],[],[0] ,abs13608
[1],[6],[2],[0],[],[0] ,abs11355
[1],[4 5],[1],[0],[],[0] ,abs08206
[1],[5],[1],[0],[],[0] ,abs19944
[1],[],[],[0],[1],[1] ,abs13965
[1],[6],[2],[0],[],[0] ,abs14984
[0],[],[],[],[0],[1] ,abs02026
[1],[3],[],[0],[],[0] ,abs20304
[1],[5],[],[0],[1],[1] ,abs09230
[1],[],[],[0],[1],[1] ,abs21955
[1],[],[2],[0],[1],[1] ,abs14211
[1],[2],[],[],[0],[1] ,abs05184
[0],[],[],[],[0],[1] ,abs01463
[1],[2],[2],[0],[1],[1] ,abs16974
[1],[6 7],[2],[],[],[0] ,abs20868
1,2,2,3,1,1 ,abs13724
[1],[],[],[],[1],[1] ,abs17121
[1],[3],[],[0],[1],[0] ,abs19487
1,[],[],[],0,1 ,abs18894
[0],[],[],[],[0],[0] ,abs12750
[1],[],[2],[0],[],[1] ,abs13675
[1],[2],[],[10],[1],[1] ,abs21972
[1],[2],[2],[],[1],[1] ,abs20888
[1],[],[2],[0],[1],[1] ,abs09976
[0],[],[],[],[1],[1] ,abs18039
[1],[4 5 6],[],[0],[],[0] ,abs14994
[1],[6],[2],[],[],[0] ,abs08504
[1],[],[2],[0],[1],[1] ,abs14075
[1],[5],[2],[0],[],[0] ,abs16794
[0],[],[],[],[0],[1] ,abs14803
[1],[4 5 6],[],[],[],[0] ,abs11945
[1],[6],[],[0],[],[0] ,abs19076
[1],[6],[2],[0],[],[0] ,abs03115
[1],[2],[],[0],[0],[0] ,abs03062
[1],[2],[],[0],[],[0] ,abs11734
[1],[4 5 6],[],[0],[1],[1] ,abs08179
[1],[3],[],[0],[],[0] ,abs09807
[1],[],[2],[0],[1],[1] ,abs13624
[1],[5],[2],[0],[],[0] ,abs08189
[0],[],[],[],[],[0] ,abs15976
[1],[],[2],[0],[1],[1] ,abs04976
[0],[],[],[],[1],[1] ,abs15662
[1],[4 5 6],[],[0],[],[0] ,abs16478
[1],[6],[2],[0],[],[0] ,abs21004
1,2,2,12,1,1 ,abs18326
[1],[1 2],[2],[40],[1],[1] ,abs16965
1,2,2,3,1,1 ,abs06715
[1],[2 4 5],[],[18],[0],[0] ,abs04060
[1],[5],[1],[0],[1],[1] ,abs11752
[0],[],[],[],[1],[0] ,abs04257
[1],[5 6],[1],[0],[1],[0] ,abs21183
[1],[6],[2],[0],[],[0] ,abs16145
1,6,2,[],1,1 ,abs00438
[1],[6],[],[0],[],[0] ,abs04580
[1],[],[],[0],[],[0] ,abs21930
[1],[2],[2],[18],[0],[1] ,abs01645
[1],[],[],[0],[1],[1] ,abs17123
[1],[2],[],[3],[1],[1] ,abs17512
[1],[4 5 6],[],[0],[],[0] ,abs12980
[1],[5],[1],[0],[1],[0] ,abs06278
[1],[4 5 6],[2],[0],[],[1] ,abs12881
[1],[7],[],[0],[],[0] ,abs02025
[1],[2],[2],[12],[1],[1] ,abs10664
[1],[3],[],[],[0],[1] ,abs19007
[1],[6],[],[0],[],[0] ,abs09838
[1],[6],[],[0],[],[0] ,abs07304
[1],[3],[],[0],[1],[1] ,abs20219
[1],[4 5 6],[],[],[],[0] ,abs07229
[1],[],[],[],[1],[1] ,abs14247
[1],[2],[],[0],[],[0] ,abs00886
[1],[4],[2],[0],[],[1] ,abs05543
[0],[],[],[],[0],[1] ,abs02890
[1],[2],[],[3],[1],[1] ,abs17185
[1],[4 5 6],[],[],[],[0] ,abs07119
[0],[],[],[],[],[0] ,abs16866
[0],[],[],[],[0],[1] ,abs02632
[1],[4 5 6],[2],[0],[],[0] ,abs13503
[0],[],[],[],[1],[1] ,abs01945
[1],[6],[],[0],[1],[0] ,abs01047
[1],[6],[],[0],[],[0] ,abs20883
[0],[],[],[],[],[0] ,abs10801
[1],[2],[],[0],[1],[1] ,abs10355
1,2 3 5 6,2,3,1,1 ,abs16644
[1],[6],[],[0],[1],[1] ,abs18947
[1],[5],[],[0],[],[0] ,abs14851
[1],[6],[],[0],[1],[1] ,abs04795
[1],[4],[],[0],[1],[1] ,abs08676
[1],[5],[],[0],[],[0] ,abs20762
[0],[],[],[],[0],[1] ,abs02113
[1],[],[2],[0],[1],[1] ,abs19789
[0],[],[],[],[],[1] ,abs02359
[0],[],[],[],[],[0] ,abs05060
[1],[6],[],[],[1],[1] ,abs17459
[1],[4 5],[1],[0],[1],[0] ,abs22116
[1],[5],[1],[0],[],[0] ,abs07631
[1],[5 6],[],[0],[],[0] ,abs11715
[1],[4 5 6 7],[],[0],[],[0] ,abs11314
[1],[6],[],[],[1],[1] ,abs04102
[1],[],[2],[0],[],[0] ,abs20084
[1],[6],[],[0],[],[0] ,abs20151
[0],[],[],[],[1],[1] ,abs18524
[0],[],[],[],[0],[1] ,abs20760
[0],[],[],[],[1],[1] ,abs04016
[0],[],[],[],[1],[1] ,abs03910
[0],[],[],[],[1],[1] ,abs02227
[1],[2],[2],[12],[1],[1] ,abs18275
[1],[3],[],[0],[1],[0] ,abs01118
[1],[1 2],[],[],[1],[1] ,abs21939
[1],[6],[2],[0],[],[1] ,abs17803
[1],[4 5],[],[0],[],[0] ,abs16085
[1],[3],[2],[0],[],[0] ,abs17131
[0],[],[],[],[1],[1] ,abs01258
[1],[3],[],[0],[1],[1] ,abs20647
[1],[4],[],[0],[0],[1] ,abs17977
[1],[6],[],[],[1],[1] ,abs20172
[1],[4],[],[0],[1],[1] ,abs05940
[1],[6],[],[0],[],[0] ,abs05519
[1],[6],[2],[0],[],[0] ,abs21190
[1],[],[2],[0],[0],[0] ,abs18093
[1],[5 6],[1],[0],[1],[1] ,abs11704
[0],[],[],[],[1],[1] ,abs17581
[1],[4 5 6],[1],[0],[],[0] ,abs15767
[1],[3],[],[0],[],[0] ,abs19961
[1],[6],[2],[0],[],[0] ,abs07475
[1],[4 5 6 7],[],[0],[],[0] ,abs11074
[1],[4 5 6],[2],[0],[],[0] ,abs12462
[1],[5 6],[],[0],[],[0] ,abs11638
[1],[6],[2],[0],[],[0] ,abs13287
[1],[6],[2],[0],[],[0] ,abs06319
[1],[4 5 6],[],[0],[1],[1] ,abs21106
[1],[4 5],[1],[0],[],[0] ,abs12439
[],[],[],[],[0] ,abs13313
[1],[2],[2],[],[1],[1] ,abs21814
[1],[4 5 6],[],[0],[],[0] ,abs06193
[1],[],[2],[0],[1],[1] ,abs20015
[0],[],[],[],[0],[1] ,abs04338
[0],[],[],[],[1],[1] ,abs00389
[1],[1 3],[2],[],[1],[0] ,abs22040
[1],[2],[],[],[1],[1] ,abs10430
[1],[6],[],[0],[],[0] ,abs08144
[1],[6],[2],[0],[],[1],abs18282
[1],[4 5 6],[],[0],[],[0] ,abs14644
[1],[4 5 6],[],[0],[],[0] ,abs19294
[1],[],[2],[0],[1],[1] ,abs10129
[1],[],[2],[],[1],[1] ,abs07063
[1],[],[],[0],[],[0] ,abs21544
1,1 2,2,7,1,1 ,abs07088
[1],[5 6],[],[0],[],[0] ,abs05294
[0],[],[],[],[0],[1] ,abs03573
[1],[3 6],[],[0],[],[0] ,abs16769
[1],[4 6],[],[0],[],[0] ,abs16899
[0],[],[],[],[0],[0] ,abs06747
1,5 6,2,[],[],0 ,abs19009
[1],[5 6],[2],[0],[1],[1] ,abs13398
[0],[],[],[],[1],[1] ,abs01304
[1],[6],[2],[0],[],[0] ,abs16039
[1],[],[],[0],[1],[1] ,abs07080
[1],[],[2],[0],[],[0] ,abs06888
[1],[],[2],[0],[1],[1] ,abs17405
[1],[2],[],[26],[1],[1] ,abs00710
[1],[4 5 6],[],[0],[],[0] ,abs07947
[1],[4 5 6],[],[0],[],[0] ,abs04804
[1],[6],[2],[0],[],[0] ,abs05825
[1],[4 5 6],[2],[0],[1],[1] ,abs15846
[0],[],[],[],[],[0] ,abs15563
[1],[5],[],[0],[],[0] ,abs07802
[1],[5],[],[0],[],[0] ,abs11917
[1],[5 6],[],[0],[],[0] ,abs16928
[1],[1 2],[],[],[],[0] ,abs11973
1,4 5,1,0,1,1 ,abs11260
[1],[6],[2],[0],[],[0] ,abs16083
[1],[2],[2],[0],[],[0] ,abs04021
[0],[],[],[],[1],[1] ,abs17316
[1],[2],[],[],[0],[1] ,abs17271
[1],[6],[],[0],[],[0] ,abs06866
[1],[2],[],[],[0],[1] ,abs14271
[1],[3],[],[0],[],[0] ,abs04305
[1],[2],[],[],[],[0] ,abs20427
[1],[4 5 6],[],[0],[],[0] ,abs12087
[1],[6],[],[0],[],[0] ,abs07330
[1],[1 2],[2],[],[1],[0] ,abs14392
[1],[6],[],[0],[1],[1] ,abs04132
[1],[5],[1],[0],[],[0] ,abs14557
[1],[6],[],[0],[0],[1] ,abs02185
[1],[4 5 6],[2],[0],[],[0] ,abs17959
[1],[4 5 6],[],[0],[1],[1] ,abs07503
[1],[5],[1],[0],[],[0] ,abs15941
[1],[4 5 6],[],[0],[],[0] ,abs09493
[0],[],[],[],[1],[1] ,abs17762
[1],[4],[2],[0],[1],[1] ,abs11457
[1],[4 5],[1],[0],[],[0] ,abs07828
[0],[],[],[],[1],[1] ,abs04351
[1],[6],[2],[0],[],[0] ,abs14922
[1],[4 5],[],[0],[],[0] ,abs06111
0,[],[],[],0,1 ,abs04123
[0],[],[],[],[0],[1] ,abs02936
1,2,2,3,1,1 ,abs14111
[1],[4 5],[],[0],[],[0] ,abs09292
[1],[],[],[],[0],[0] ,abs05046
[0],[],[],[],[0],[1] ,abs02495
[0],[],[],[],[0],[1] ,abs13725
[1],[6],[],[0],[],[0] ,abs01807
[1],[0],[],[0],[],[0] ,abs04246
[1],[5 6],[],[0],[],[0] ,abs03017
[1],[2],[],[],[1],[1] ,abs04383
[1],[6],[2],[0],[1],[1] ,abs19743
[1],[4 5 6],[],[0],[],[0] ,abs14573
[0],[],[],[],[0],[1] ,abs02871
1,2,1,[],1,1 ,abs12664
[0],[],[],[],[0],[1] ,abs18218
[1],[6],[],[0],[],[0] ,abs12525
[6],[],[0],[1],[1] ,abs21323
[1],[4 5 6],[],[0],[],[0] ,abs08743
[1],[],[],[],[1],[1] ,abs09939
[1],[2],[2],[0],[],[0] ,abs15763
[0],[],[],[],[],[0] ,abs07979
[0],[],[],[],[],[1] ,abs12843
[0],[],[],[],[0],[1] ,abs05146
[1],[6],[2],[0],[1],[1] ,abs19810
[1],[],[],[],[1],[1] ,abs06981
[1],[2],[],[7],[1],[0] ,abs10135
1,6,2,[0],1,1 ,abs18628
1,4 6,2,0,1,1 ,abs08773
[1],[4 5 6],[],[0],[],[0] ,abs05836
[1],[6],[2],[0],[],[0] ,abs12738
[1],[],[2],[0],[],[1] ,abs13809
[1],[6],[2],[0],[],[0] ,abs09440
[1],[4 5 6 7],[],[0],[1],[1] ,abs13050
[1],[2],[],[],[1],[1] ,abs10285
[0],[],[],[],[0],[1] ,abs00751
[1],[2],[2],[15 28],[1],[1] ,abs20361
[1],[4 5 6],[2],[0],[],[0] ,abs05313
[1],[4 5],[2],[0],[],[0] ,abs16463
[1],[2],[],[],[1],[0] ,abs10601
[1],[1 2 4 5 6],[],[],[],[0] ,abs17363
[1],[2],[1],[],[1],[1] ,abs05624
[1],[3],[],[0],[1],[1] ,abs18673
[1],[4 5],[1],[0],[],[0] ,abs09458
[1],[2],[],[],[1],[0] ,abs19754
[0],[],[],[],[],[0] ,abs00687
[1],[],[0],[],[0],[0] ,abs03419
[1],[],[],[0],[1],[1] ,abs07333
[1],[6],[2],[0],[],[0] ,abs09128
[1],[3],[],[0],[1],[1] ,abs02103
[1],[6],[],[0],[1],[0] ,abs19141
[1],[2],[],[],[0],[1] ,abs06518
[0],[],[],[],[1],[1] ,abs13685
1,3,2,[],1,1 ,abs19950
[0],[],[],[],[1],[1] ,abs00801
1,2,2,[],1,1 ,abs17696
[1],[2],[],[],[1],[1] ,abs14839
[0],[],[],[],[1],[1] ,abs09244
[1],[7],[],[0],[],[0] ,abs06223
[1],[4],[2],[0],[0],[1] ,abs19648
[0],[],[],[],[1],[1] ,abs10348
[1],[6],[2],[0],[],[0] ,abs16196
[1],[2],[],[0],[0],[1] ,abs21842
[0],[],[],[],[0],[1] ,abs18502
[1],[4],[],[0],[1],[1] ,abs07850
[1],[2],[],[],[1],[1] ,abs10064
[1],[],[2],[0],[1],[1] ,abs17337
[0],[],[],[],[],[0] ,abs08209
[1],[4 5 6],[],[0],[],[0] ,abs16596
[1],[6],[1],[0],[1],[1] ,abs04269
[1],[5],[],[0],[1],[0] ,abs11307
[1],[2],[],[],[1],[1] ,abs06451
[1],[],[],[0],[],[0] ,abs15132
[1],[4 5 6],[],[0],[],[0] ,abs05790
[1],[6],[],[0],[],[0] ,abs05197
[1],[4 5 6],[],[0],[],[0] ,abs16662
[1],[6],[2],[0],[],[0] ,abs04325
[1],[4 5 6],[1],[0],[],[0] ,abs08447
[1],[4 5 6 7],[2],[0],[],[0] ,abs12374
[1],[5],[1],[0],[],[0] ,abs15873
[0],[],[],[],[0],[1] ,abs04816
[1],[],[],[],[1],[1] ,abs18405
[1],[],[2],[0],[1],[1] ,abs17224
[0],[],[],[],[0],[0] ,abs06417
[1],[4 5 6 7],[],[0],[],[0] ,abs15315
[0],[],[],[],[1],[1] ,abs06613
[1],[4 5 6],[],[0],[],[0] ,abs19347
[1],[4 5 6],[],[0],[],[0] ,abs06102
[1],[4 6 7],[],[0],[],[0] ,abs05879
[0],[],[],[],[1],[1] ,abs02644
[1],[6],[],[0],[],[0] ,abs10819
[1],[2],[],[12],[1],[1] ,abs18319
[1],[],[2],[0],[1],[1] ,abs20006
[1],[4 5],[],[0],[],[0] ,abs06134
[1],[2 3 5 6],[],[],[1],[1] ,abs01465
[1],[4 5 6],[],[0],[],[0] ,abs13512
[0],[],[],[],[1],[1] ,abs13868
[1],[5],[1],[0],[1],[0] ,abs11451
abs18114
[3],[],[0],[1],[1] ,abs01585
[0],[],[],[],[],[0] ,abs16686
[1],[1 2],[2],[11],[1],[1] ,abs18300
[1],[2],[2],[],[1],[1] ,abs00683
[1],[4 5 6],[1],[0],[],[0] ,abs12451
[1],[],[],[],[0],[1] ,abs22214
[1],[4 5 6],[2],[0],[],[0] ,abs12568
[1],[5],[2],[0],[],[0] ,abs15783
[1],[6],[],[],[],[0] ,abs15319
[0],[],[],[],[],[0] ,abs03046
[1],[4 5 6],[],[0],[],[0] ,abs14528
[1],[2],[],[],[1],[0] ,abs14625
[1],[4 5],[],[0],[],[0] ,abs05890
[1],[4 5 6],[2],[0],[],[0] ,abs16681
[1],[],[2],[0],[1],[1] ,abs14206
1,2,2,[],1,1 ,abs14285
[1],[3 6],[],[3],[0],[1] ,abs12596
[1],[6],[2],[0],[],[0] ,abs02142
[1],[3],[],[0],[1],[1] ,abs10028
[0],[],[],[],[],[0] ,abs14859
[1],[5 6],[1],[0],[],[0] ,abs08943
1,6,2,[],1,1 ,abs18745
[1],[4 5 6],[],[0],[],[0] ,abs21393
[1],[4 6],[],[0],[],[0] ,abs11593
[1],[],[2],[0],[1],[1] ,abs10170
[1],[4 5],[],[0],[1],[1] ,abs13118
[1],[4 6],[],[0],[1],[1] ,abs18771
[1],[4 5],[],[0],[],[0] ,abs15436
[1],[2],[],[],[0],[1] ,abs09933
[1],[4 7],[2],[0],[1],[0] ,abs15375
[1],[3],[],[0],[],[0] ,abs02457
[0],[],[],[],[0],[1] ,abs18163
[0],[],[],[],[1],[1] ,abs01200
[1],[6],[],[0],[1],[1] ,abs00016
[1],[0],[],[0],[1],[1] ,abs16265
[1],[],[],[0],[],[0] ,abs15635
[0],[],[],[],[1],[1] ,abs17148
[0],[],[],[],[],[0] ,abs16317
[1],[4 5 6],[],[0],[],[0] ,abs11418
[1],[2],[],[0],[],[0] ,abs03278
[1],[2],[2],[],[1],[1] ,abs01919
[2],[1],[8],[1],[1] ,abs22002
[1],[6],[2],[0],[],[0] ,abs09006
[1],[1 2],[],[3],[1],[1] ,abs02133
[1],[0],[],[0],[],[0] ,abs12167
[1],[4 5 6],[],[0],[],[0] ,abs14771
[1],[4 5 6],[1],[0],[],[0] ,abs19024
[1],[6],[],[0],[1],[1] ,abs00680
[1],[2],[],[],[],[0] ,abs10488
[1],[4],[],[0],[1],[1] ,abs19806
[1],[2],[],[16],[1],[1] ,abs11990
[1],[3],[],[0],[],[0] ,abs08487
[0],[],[],[],[1],[1] ,abs00183
[1],[1 2],[],[],[0],[0] ,abs20365
1,2,2,7,1,1 ,abs16726
[1],[5 6 7],[],[0],[],[0] ,abs07235
[1],[4 5 6],[],[0],[],[0] ,abs08169
[1],[5],[],[0],[],[0] ,abs05359
[1],[2],[],[25],[0],[1] ,abs17986
[0],[],[],[],[],[0] ,abs09480
[1],[1 2],[],[40],[1],[1] ,abs04259
[0],[],[],[],[],[0] ,abs12354
1,0,0,[],1,1 ,abs21065
[1],[6],[],[0],[],[0] ,abs18731
[1],[3 6],[2],[0],[1],[1] ,abs07820
[1],[5],[2],[0],[],[0] ,abs14649
[1],[6],[],[0],[],[0] ,abs21325
[1],[6],[2],[],[1],[1] ,abs03869
[1],[4 5 6],[],[0],[1],[1] ,abs21377
[1],[6],[],[0],[1],[1] ,abs11650
[0],[],[],[],[1],[1] ,abs14228
[1],[2],[],[],[1],[1] ,abs21840
[1],[2],[],[],[],[0] ,abs04885
[1],[5 6],[],[0],[],[0] ,abs07688
[0],[],[],[],[1],[1] ,abs21543
[1],[],[],[],[0],[1] ,abs04554
[1],[3],[],[0],[1],[1] ,abs03407
[1],[6],[2],[0],[],[0] ,abs11657
[1],[6],[],[],[],[0] ,abs07438
[1],[4 5 6 7],[],[0],[],[0] ,abs05996
[0],[],[],[],[0],[1] ,abs00825
[1],[5],[],[0],[],[0] ,abs12027
[1],[3],[],[0],[1],[1] ,abs21289
[1],[4 5 6],[],[],[],[0] ,abs13064
[1],[5],[],[0],[],[0] ,abs15006
[1],[4 5 6],[],[0],[],[0] ,abs02709
[1],[2],[],[],[1],[1] ,abs10332
[0],[],[],[],[0],[1] ,abs02057
[1],[2],[],[],[1],[1] ,abs22226
[1],[2],[2],[0],[1],[1] ,abs02041
[1],[2],[],[],[1],[1] ,abs21140
[1],[4 5],[],[0],[],[0] ,abs12886
[1],[],[],[],[1],[1] ,abs17637
[1],[6],[],[0],[],[0] ,abs01639
[1],[5 6],[1],[0],[],[0] ,abs06274
[0],[],[],[],[],[0] ,abs04449
[1],[5 6],[1],[0],[1],[0] ,abs07612
[1],[2],[],[],[],[1] ,abs22071
[1],[4 5 6],[],[0],[],[0] ,abs13417
[1],[4 5 6],[],[0],[],[0] ,abs08921
[1],[6],[],[0],[],[0] ,abs01991
[1],[],[2],[0],[],[1] ,abs10196
[1],[6],[],[0],[],[0] ,abs08310
1,0,0,0,1,1 ,abs19624
[1],[5 6],[1],[],[1],[1] ,abs09559
[1],[5 6],[],[0],[],[0] ,abs09132
[1],[3],[],[0],[1],[1] ,abs01857
[1],[2],[2],[22],[1],[1] ,abs00931
[1],[4 5 6],[2],[0],[],[0] ,abs05758
[1],[4 5 6],[],[0],[],[0] ,abs19160
[1],[],[2],[0],[1],[1] ,abs17059
[1],[4 5],[],[0],[],[0] ,abs18828
[1],[4 5],[],[0],[],[0] ,abs05848
[1],[3],[],[0],[1],[1] ,abs01451
[0],[],[],[],[0],[1] ,abs11421
[0],[],[],[],[0],[1] ,abs02483
[1],[6],[2],[0],[],[1] ,abs22215
1,4 7,2,0,1,1 ,abs08980
[1],[6],[2],[0],[],[0] ,abs10776
[0],[],[],[],[1],[1] ,abs00401
[1],[3],[],[0],[1],[1] ,abs03741
[1],[4 5 6],[],[0],[],[0] ,abs07184
[0],[],[],[],[0],[1] ,abs02128
[1],[4 5 6],[],[0],[],[0] ,abs12779
[1],[4 5 6],[1],[0],[],[0] ,abs09255
[1],[6],[2],[0],[],[0] ,abs06144
[1],[5],[1],[0],[],[0] ,abs00962
0,[],[],[],1,1 ,abs16904
[1],[5],[1],[0],[],[0] ,abs03315
[1],[6],[2],[0],[],[0] ,abs01359
[1],[6],[],[0],[],[0] ,abs12128
[1],[5 6],[],[0],[],[0] ,abs08747
[0],[],[],[],[0],[1] ,abs21523
[1],[2],[],[],[0],[1] ,abs13796
[0],[],[],[],[0],[1] ,abs05109
[1],[4],[2],[0],[],[0] ,abs11894
[1],[4 5],[1],[0],[1],[0] ,abs07237
[1],[],[],[0],[],[0] ,abs04198
[1],[],[],[0],[1],[1] ,abs20934
[1],[3],[],[0],[1],[1] ,abs03054
[0],[],[],[],[0],[1] ,abs06752
[1],[4 5 6],[1],[0],[],[1] ,abs05892
[0],[],[],[],[0],[1] ,abs00631
[1],[],[],[0],[1],[1] ,abs07097
[1],[3 5 6],[],[0],[],[0] ,abs18768
[0],[],[],[],[1],[1] ,abs17340
[0],[],[],[],[1],[1] ,abs03577
[1],[5],[1],[0],[],[0] ,abs12204
[1],[2],[],[],[1],[1] ,abs14473
[0],[],[],[],[1],[1] ,abs00480
[0],[],[],[],[0],[1] ,abs21845
[1],[4 6],[1],[0],[1],[1] ,abs16376
[1],[],[],[],[1],[1] ,abs17173
[1],[5 6],[],[0],[],[0] ,abs11171
1,2 4 6,1,3,1,1 ,abs09107
[1],[6],[],[0],[],[0] ,abs16385
[1],[5 6],[],[0],[],[0] ,abs09174
[0],[],[],[],[],[0] ,abs08670
[0],[],[],[],[1],[1] ,abs18490
[1],[4 5 6],[],[0],[],[0] ,abs13280
1,[],[],[],0,1 ,abs19462
[1],[5 6],[1],[0],[],[0] ,abs06086
[1],[6],[],[0],[],[0] ,abs07745
[1],[1 2],[],[9],[1],[1] ,abs06582
[1],[4 5 6],[1],[0],[1],[1] ,abs12979
[1],[],[],[0],[1],[1] ,abs06879
[1],[1 2],[],[7],[1],[1] ,abs01076
[1],[6],[],[0],[],[0] ,abs18867
[1],[5 6],[],[0],[],[0] ,abs03207
[1],[3],[1],[0],[1],[1] ,abs02134
[1],[4 5 6],[],[0],[],[0] ,abs15835
[0],[],[],[],[0],[0] ,abs09333
[0],[],[],[],[0],[1] ,abs00258
[1],[4 5 6],[2],[0],[1],[1] ,abs12914
[1],[6],[],[0],[1],[1] ,abs20298
[1],[5],[],[0],[],[0] ,abs16888
[0],[],[],[],[],[0] ,abs14789
[1],[4 5 6 7],[],[],[1],[1] ,abs17894
[1],[5],[1],[0],[],[0] ,abs07548
[1],[2],[],[0],[1],[1] ,abs19033
[1],[5],[],[0],[],[0] ,abs15443
[1],[2],[2],[0],[1],[1] ,abs12198
[1],[4 5 6 7],[2],[0],[],[1] ,abs11104
[1],[6],[2],[0],[1],[0] ,abs16032
[1],[2],[],[0],[1],[1] ,abs09971
[1],[5 6],[],[0],[],[0] ,abs08278
[0],[],[],[],[0],[1] ,abs02084
[1],[2],[],[],[],[0] ,abs16176
[1],[2],[],[0],[0],[1] ,abs03776
[1],[4 5 6],[2],[0],[],[0] ,abs06224
[1],[5 6],[],[0],[],[0] ,abs00251
[1],[2],[],[],[1],[0] ,abs04845
[1],[2],[],[],[],[0] ,abs10888
[1],[4 5 6],[],[],[1],[0] ,abs05612
[0],[],[],[0],[1] ,abs17743
[1],[],[],[],[0],[0] ,abs03751
[1],[4],[1],[0],[],[0] ,abs18099
[0],[],[],[],[0],[0] ,abs12641
[1],[3],[],[0],[1],[1] ,abs04620
[1],[4 5 6],[],[],[],[0] ,abs19473
[1],[2],[2],[],[1],[1] ,abs18305
[0],[],[],[],[0],[0] ,abs16284
[1],[6],[1],[0],[],[0] ,abs08423
[1],[2],[2],[],[1],[1] ,abs21574
[1],[],[2],[0],[1],[1] ,abs04005
[1],[4],[],[0],[1],[1] ,abs20499
[1],[6],[2],[0],[1],[1] ,abs18710
1,1 2,2,7,1,1 ,abs06899
[1],[4 5],[1],[0],[],[0] ,abs15996
[1],[],[2],[0],[1],[1] ,abs07059
[1],[5 6],[],[],[],[0] ,abs18407
[1],[5],[1],[0],[],[0] ,abs16489
[1],[5],[],[0],[],[0] ,abs15403
[1],[],[],[0],[1],[1] ,abs05158
[1],[4 5 6],[2],[0],[],[0] ,abs10980
[1],[2],[],[0],[1],[1] ,abs21788
[1],[6],[],[0],[],[0] ,abs03687
[1],[4 5 6],[],[0],[],[0] ,abs05407
[0],[],[],[],[1],[1] ,abs17711
[1],[],[2],[0],[1],[1] ,abs14153
[0],[],[],[],[1],[1] ,abs00052
[0],[],[],[],[1],[1] ,abs01468
[1],[],[],[],[0],[1] ,abs18152
[1],[3],[2],[0],[1],[1] ,abs19558
[1],[],[2],[0],[1],[1] ,abs13845
[1],[1 2],[2],[],[],[0] ,abs19733
[1],[6],[],[0],[],[0] ,abs19645
[1],[5],[],[0],[1],[0] ,abs12923
[1],[4 5 6],[1],[0],[],[0] ,abs05979
[1],[],[2],[0],[],[0] ,abs02619
[1],[4 5 6],[],[0],[1],[1] ,abs19542
[1],[6],[],[],[1],[0] ,abs06786
[0],[],[],[],[1],[1] ,abs04867
[1],[4 5 6],[],[0],[],[0] ,abs21320
[1],[4 5 6],[],[0],[],[0] ,abs16260
[1],[],[],[0],[1],[1] ,abs10483
[1],[6],[],[0],[],[0] ,abs12079
[1],[3],[],[0],[1],[1] ,abs02437
[0],[],[],[],[1],[1] ,abs13059
[1],[4 5 6],[],[0],[],[0] ,abs12768
[1],[4 5 6],[],[0],[0],[1] ,abs16340
[1],[6 7],[],[0],[],[0] ,abs11777
[1],[4 5 6],[2],[0],[],[1] ,abs08465
[1],[3],[],[0],[],[0] ,abs20704
[0],[],[],[],[1],[1] ,abs13890
[1],[5],[],[0],[],[0] ,abs05632
[1],[],[2],[0],[1],[1] ,abs18239
[1],[5],[],[0],[],[0] ,abs01386
[0],[],[],[],[0],[1] ,abs06180
1,4 5 6,1,0,1,1 ,abs21213
[1],[6],[],[0],[1],[1] ,abs00111
1,4 6,2,[],1,1 ,abs00036
[1],[2],[],[0],[1],[1] ,abs08463
[1],[2],[1],[],[1],[0] ,abs20347
[0],[],[],[],[],[0] ,abs15435
[0],[],[],[],[1],[1] ,abs01178
[1],[2],[],[0],[1],[1] ,abs13672
[1],[],[],[0],[],[0] ,abs03218
[1],[4 5 6],[2],[0],[],[0] ,abs12006
[1],[5],[],[0],[],[0] ,abs16475
[1],[0],[],[0],[],[0] ,abs16147
[1],[6],[1],[0],[],[0] ,abs21419
[0],[],[],[],[0],[1] ,abs02552
[1],[6],[2],[],[],[0] ,abs10829
[1],[4 5 6],[2],[0],[],[0] ,abs21256
[0],[],[],[],[1],[1] ,abs05143
[1],[6],[],[0],[1],[1] ,abs20758
[1],[6],[],[0],[],[0] ,abs01570
[1],[6],[2],[0],[],[0] ,abs13368
[1],[5],[2],[0],[],[0] ,abs07998
[1],[2],[],[15],[1],[1] ,abs02748
[0],[],[],[],[0],[1] ,abs11401
[1],[5],[],[0],[],[0] ,abs16296
[1],[2],[],[],[1],[1] ,abs10432
[1],[7],[2],[0],[],[0] ,abs11798
[1],[3],[],[0],[1],[1] ,abs21688
[1],[3],[],[0],[],[0] ,abs01943
[1],[2],[],[0],[1],[1] ,abs21899
[1],[6],[2],[0],[],[0],abs19697
[1],[3],[],[0],[1],[1] ,abs04224
[1],[6],[],[0],[],[0] ,abs08759
[1],[1 2],[],[],[1],[0] ,abs15079
[0],[],[],[],[0],[1] ,abs06799
[1],[2],[],[],[1],[1] ,abs05014
[1],[4 5 6],[],[0],[],[0] ,abs08332
[1],[3],[],[0],[1],[1] ,abs20321
[1],[0],[],[0],[0],[1] ,abs04779
[0],[],[],[],[],[0] ,abs11993
[1],[1 2],[],[22],[],[0] ,abs19475
[1],[],[],[0],[],[0] ,abs07307
[1],[6],[],[0],[],[0] ,abs16491
[1],[4 5 6],[],[0],[],[0] ,abs07649
[1],[4 5],[],[0],[],[0] ,abs01181
[0],[],[],[],[1],[1] ,abs17394
[1],[4 5 6],[],[],[],[0] ,abs16254
[0],[],[],[],[],[0] ,abs15517
[1],[6],[],[0],[],[0] ,abs14819
[1],[4 5 6],[],[0],[],[0] ,abs04203
[1],[3],[],[0],[],[0] ,abs16483
1,3 4,2,0,1,1 ,abs08661
[0],[],[],[],[0],[1] ,abs17146
[1],[5 6],[1],[0],[],[0] ,abs13547
[1],[6 7],[],[0],[],[0] ,abs12788
[1],[6],[],[0],[],[0] ,abs08653
[1],[],[],[0],[1],[1] ,abs20823
[1],[3],[],[0],[1],[1] ,abs00830
[1],[4],[],[0],[],[0] ,abs16568
[1],[2],[],[],[1],[1] ,abs01141
[1],[],[2],[0],[1],[1] ,abs10710
[0],[],[],[],[1],[1] ,abs18322
[1],[2],[],[],[0],[1] ,abs21641
[3],[2],[0],[1],[1] ,abs14336
[1],[3],[],[0],[1],[1] ,abs03444
[1],[4 5],[],[0],[],[0] ,abs07892
[1],[4 5 6],[1],[0],[],[1] ,abs18082
[1],[6],[],[0],[],[0] ,abs14818
[1],[3],[1],[0],[],[0] ,abs17539
[1],[4 5 6],[],[0],[],[0] ,abs06121
[1],[3],[],[0],[1],[1] ,abs19956
[1],[2],[2],[],[1],[1] ,abs09784
[1],[6],[2],[0],[1],[0] ,abs15272
[0],[],[],[],[],[0] ,abs12157
[1],[2],[],[0],[1],[1] ,abs21935
[1],[6],[],[0],[],[0] ,abs08616
[0],[],[],[],[],[0] ,abs03253
[1],[4 5 6],[2],[],[],[0] ,abs12140
[1],[6],[2],[0],[1],[1] ,abs18843
[1],[6],[],[0],[],[0] ,abs09427
[1],[4 5 6],[],[0],[],[0] ,abs05343
[1],[6],[],[0],[],[0] ,abs16278
[1],[6],[],[0],[],[0] ,abs01058
[1],[4 5 6],[2],[0],[],[0] ,abs06390
[1],[3 4],[],[0],[1],[0] ,abs19335
[1],[5],[2],[0],[],[0] ,abs09705
[1],[6],[],[0],[],[0] ,abs09524
1,4 5 6,1,0,[],0 ,abs06002
[1],[6],[2],[0],[],[0] ,abs09018
[1],[],[],[],[0],[1] ,abs00786
[1],[4 5 6],[2],[0],[],[0] ,abs06040
[1],[4 5 6],[2],[0],[],[0] ,abs07763
[1],[6],[2],[0],[],[0] ,abs15500
[1],[],[2],[0],[1],[1] ,abs17218
[1],[4 5],[2],[0],[],[0] ,abs16257
[1],[2],[],[],[1],[0] ,abs00781
[1],[6],[],[0],[1],[1] ,abs09794
[1],[7],[],[0],[1],[1] ,abs19247
[1],[5 6],[],[0],[],[0] ,abs14176
[0],[],[],[],[],[0] ,abs02624
[1],[],[],[0],[1],[1] ,abs22264
[1],[6],[2],[0],[],[0] ,abs15355
[0],[],[],[],[0],[1] ,abs02461
[0],[],[],[],[1],[1] ,abs17279
[1],[6],[1],[0],[1],[1] ,abs07895
[0],[],[],[],[0],[1] ,abs01411
[1],[2],[2],[12],[1],[1] ,abs14172
[0],[],[],[],[],[0] ,abs03486
[0],[],[],[],[1],[1] ,abs11522
[1],[2],[],[0],[],[0] ,abs20585
1,2 3 6,2,[],0,0 ,abs21084
[1],[6],[],[0],[1],[1] ,abs00885
[1],[2],[],[],[0],[1] ,abs07083
[1],[5],[],[0],[],[0] ,abs17651
1,4 5,2,0,1,1 ,abs19817
[1],[],[2],[0],[1],[1] ,abs06871
[1],[4 5 6],[1],[0],[],[0] ,abs05306
[0],[],[],[],[1],[1] ,abs03072
[1],[2],[],[40],[],[0] ,abs11640
[1],[4 5 6],[1],[0],[],[0] ,abs17892
[1],[4 5 6],[2],[0],[],[0] ,abs11861
[0],[],[],[],[0],[0] ,abs15117
[1],[5 6],[],[0],[1],[0] ,abs07689
[1],[5],[],[0],[],[0] ,abs11183
[1],[1 2 3],[],[],[1],[1] ,abs22011
[1],[],[],[0],[],[0] ,abs18930
[1],[4 5],[],[0],[],[0] ,abs17985
[0],[],[],[],[0],[1] ,abs15313
[1],[2 4 5 6],[],[14],[1],[1] ,abs12975
1,4 5,2,0,1,1 ,abs03738
[1],[4 6],[],[0],[1],[0] ,abs09587
[1],[5],[2],[0],[],[0] ,abs16339
[1],[0],[],[0],[],[0] ,abs22057
[1],[],[],[],[0],[1] ,abs18086
[1],[4 5 6],[],[0],[],[0] ,abs09034
[1],[],[],[],[],[0] ,abs21774
[1],[3],[],[0],[],[0] ,abs07566
[0],[],[],[],[1],[1] ,abs03106
[1],[2],[],[],[1],[0] ,abs21983
[1],[],[],[0],[1],[1] ,abs10437
[1],[5],[2],[0],[],[0] ,abs07243
[0],[],[],[],[0],[1] ,abs05271
[1],[],[],[],[0],[0] ,abs00098
[1],[2],[],[0],[],[0] ,abs13728
[1],[2],[],[],[1],[1] ,abs14319
[0],[],[],[],[0],[1] ,abs04527
[1],[3 6],[],[0],[1],[1] ,abs19621
[1],[6],[],[0],[0],[1] ,abs21241
[0],[],[],[],[1],[1] ,abs01470
[1],[5],[1],[0],[],[0],abs02716
[1],[6],[],[0],[],[0] ,abs00164
[1],[2],[],[],[],[0] ,abs17815
[1],[6],[],[0],[1],[1] ,abs12207
[1],[2],[],[],[],[0] ,abs20227
[1],[6],[2],[0],[],[0] ,abs00061
[1],[],[],[],[1],[1] ,abs14270
[1],[3],[],[0],[],[0] ,abs02997
[1],[5],[1],[0],[1],[1] ,abs10926
[1],[4 5 6],[],[],[],[0] ,abs09617
[0],[],[],[],[0],[0] ,abs03784
[0],[],[],[],[0],[1] ,abs13916
[1],[1 2],[2],[7],[0],[0] ,abs02741
[1],[2],[],[12],[1],[1] ,abs14398
1,2 3,1,[15],[],0 ,abs19239
[1],[],[],[],[1],[1] ,abs06962
[1],[0],[2],[0],[0],[1] ,abs13577
[1],[6],[],[0],[1],[1] ,abs01844
abs05008
[1],[],[2],[],[1],[0] ,abs10849
[1],[2],[],[],[0],[0] ,abs04837
[1],[1 2],[2],[22],[1],[1] ,abs00855
0,[],[],[],1,1 ,abs01212
[1],[2],[],[],[1],[1] ,abs18171
[1],[],[],[],[1],[1] ,abs10075
[0],[],[],[],[],[0] ,abs15360
[1],[4],[],[0],[1],[1] ,abs12613
[1],[],[2],[0],[1],[1] ,abs06754
[1],[],[2],[],[0],[1] ,abs11845
[1],[1 2],[],[],[],[0] ,abs11590
[1],[4],[],[0],[1],[1] ,abs09395
[1],[4 5 6],[],[],[],[0] ,abs08536
[1],[5 6],[],[0],[],[0] ,abs11935
[1],[4 5 6],[],[0],[1],[1] ,abs21064
[1],[4 5 6],[2],[0],[],[0] ,abs12588
1,3,[],[],1,1 ,abs19651
[1],[6],[1],[0],[1],[1] ,abs21542
[1],[],[],[],[],[0] ,abs01594
[1],[0],[],[0],[],[1] ,abs20072
[1],[],[],[],[],[1] ,abs22033
[1],[4 5 6],[2],[0],[],[0] ,abs21204
[0],[],[],[],[1],[1] ,abs06504
[1],[3],[2],[0],[],[0] ,abs06897
[0],[],[],[],[0],[1] ,abs05201
[1],[],[1],[],[0],[1] ,abs19180
[1],[],[2],[],[1],[1] ,abs14166
[0],[],[],[],[0],[1] ,abs10843
[1],[1 2 4 5 6],[2],[],[1],[1] ,abs11618
[1],[2],[2],[12],[],[1] ,abs21640
[1],[11],[],[11],[1],[1] ,abs01547
[1],[],[],[],[0],[1] ,abs04531
[1],[2],[2],[26],[1],[1] ,abs19570
[1],[4 5],[1],[0],[],[0] ,abs07409
[1],[6],[],[0],[],[0] ,abs09419
[0],[],[],[],[1],[1] ,abs17094
1,4 5 6 7,2,3,0,1 ,abs15622
[1],[5],[],[0],[],[0] ,abs14641
[1],[4 5 6],[],[],[0],[1] ,abs19486
[1],[6],[2],[0],[1],[1] ,abs02065
[1],[6],[],[0],[],[0] ,abs04731
[1],[2],[2],[],[],[0] ,abs02579
[1],[6],[2],[0],[1],[1] ,abs03445
[0],[],[],[],[0],[0] ,abs02293
[0],[],[],[],[1],[1] ,abs21076
[1],[4 5 6],[],[0],[1],[1] ,abs08400
[1],[5],[1],[0],[],[0] ,abs14548
[0],[],[],[],[],[0] ,abs03677
[0],[],[],[],[],[0] ,abs01902
[0],[],[],[],[1],[1] ,abs20451
[1],[],[2],[],[],[1] ,abs10569
[1],[5],[],[0],[1],[1] ,abs19629
[0],[],[],[],[1],[1] ,abs16959
[1],[4 6],[2],[0],[],[0] ,abs09797
[1],[],[],[],[0],[1] ,abs04769
1,[],[],[],1,1 ,abs19627
1,2,2,0,0,1 ,abs04954
[1],[0],[],[0],[1],[1] ,abs20246
[1],[4],[2],[0],[],[1] ,abs07685
[1],[5],[1],[0],[],[0] ,abs17495
[1],[3],[2],[7],[],[0] ,abs01358
[1],[5],[2],[0],[],[0] ,abs15229
[1],[4],[],[26],[1],[1] ,abs11375
[1],[2],[],[],[1],[1] ,abs01561
[0],[],[],[],[],[0] ,abs15359
[1],[],[2],[0],[1],[1] ,abs17787
[1],[4 5 6 7],[1],[0],[1],[1] ,abs19807
[0],[],[],[],[1],[1] ,abs01670
1,3,[],[],1,0 ,abs20643
[1],[2],[],[16],[],[0] ,abs00668
[1],[6],[2],[0],[1],[0] ,abs18228
[1],[5],[],[0],[1],[0] ,abs12606
1,0 6,1,3,1,1 ,abs04574
[0],[],[],[],[1],[1] ,abs02239
[1],[6],[],[0],[],[0] ,abs17380
[1],[3],[2],[0],[1],[0] ,abs13998
[1],[],[1],[],[1],[0] ,abs13914
[1],[6],[],[0],[],[0] ,abs01530
[1],[],[2],[0],[1],[1] ,abs17484
[1],[2],[],[],[],[0] ,abs01760
[1],[6],[],[0],[],[0] ,abs20672
[1],[],[],[],[],[0] ,abs08929
[0],[],[],[],[1],[1] ,abs02582
[1],[],[],[0],[1],[1] ,abs10168
[1],[2],[],[],[1],[1] ,abs03383
[1],[6],[],[0],[],[0] ,abs03875
[1],[],[],[0],[1],[1] ,abs00667
[1],[6],[],[0],[],[0] ,abs04479
[1],[1 2 4 5 6],[],[],[1],[0] ,abs15094
[0],[],[],[],[0],[1] ,abs18158
[1],[4 6],[],[0],[],[0] ,abs05672
[1],[4 5 6],[2],[0],[],[0] ,abs08521
[1],[6],[1],[0],[],[0],abs09504
[0],[],[],[],[0],[0] ,abs04048
[1],[5],[],[0],[1],[1] ,abs12193
[1],[5 6],[],[0],[],[0] ,abs05370
[0],[],[],[],[1],[1] ,abs04491
[1],[],[],[],[0],[1] ,abs08758
1,3 6,2,0,1,1 ,abs03694
[1],[4 5 6],[1],[0],[],[0] ,abs15034
[1],[3],[],[0],[],[0] ,abs01744
[0],[],[],[],[1],[1] ,abs14316
[1],[4 5 6],[],[],[],[0] ,abs14798
[1],[],[0],[],[0],[0] ,abs20947
[1],[4 5 6],[1],[0],[],[0] ,abs11813
[1],[7],[],[0],[1],[1] ,abs20876
[1],[1 2],[],[],[1],[1] ,abs06610
[0],[],[],[],[1],[1] ,abs13838
[0],[],[],[],[],[0] ,abs09063
[1],[6],[],[0],[1],[1] ,abs19154
[1],[4 5 6],[1],[0],[],[0] ,abs12861
[1],[0],[2],[0],[],[0] ,abs13120
[1],[4 5 6],[2],[0],[],[0] ,abs08762
[1],[4 5 6],[],[0],[],[0] ,abs20023
[1],[6],[],[0],[],[0] ,abs00395
[1],[4],[],[0],[],[0] ,abs09390
[1],[5],[2],[0],[],[0] ,abs15482
[1],[5 6],[],[0],[],[0] ,abs09887
[1],[6 7],[],[0],[1],[1] ,abs21258
1,2 3 6,2,[],1,1 ,abs18471
[1],[6],[],[0],[1],[1] ,abs09912
[0],[],[],[],[0],[1] ,abs09998
[1],[4],[],[],[1],[1] ,abs08397
[1],[4],[],[0],[1],[1] ,abs12637
[1],[4 5],[],[0],[],[0] ,abs08851
[1],[4 5 6],[],[],[0],[1] ,abs10039
[1],[3],[],[0],[1],[1] ,abs02958
[0],[],[],[],[0],[1] ,abs03028
[0],[],[],[],[],[1] ,abs08050
[1],[4 5 6],[],[],[],[0] ,abs11893
[1],[6],[],[0],[1],[1] ,abs04199
[1],[6],[2],[0],[],[0] ,abs19345
[1],[2],[],[0],[0],[1] ,abs03812
[1],[5],[],[0],[],[0] ,abs07958
[1],[0],[2],[0],[],[0] ,abs07835
[1],[1 2],[1],[7],[1],[1] ,abs13068
[1],[3],[],[0],[1],[1] ,abs03148
[1],[5 6],[],[0],[1],[0] ,abs20572
[0],[],[],[],[1],[1] ,abs00194
[0],[],[],[],[1],[1] ,abs15701
[1],[4 5 6],[],[0],[],[0] ,abs15950
[1],[4 5 6],[1],[0],[],[0] ,abs13209
[0],[],[],[],[0],[1] ,abs02621
[1],[],[],[],[1],[1] ,abs01432
[1],[],[],[],[0],[1] ,abs17812
[1],[2],[2],[],[1],[1] ,abs10095
[1],[1 2],[2],[],[],[0] ,abs14852
[0],[],[],[],[0],[0] ,abs21919
[1],[5],[1],[0],[],[0] ,abs07203
[1],[6],[1],[0],[],[0] ,abs19328
[1],[1 2],[],[9],[1],[1] ,abs20324
[1],[2],[],[0],[],[0] ,abs17625
[1],[4],[2],[0],[1],[1] ,abs17990
[0],[],[],[],[1],[1] ,abs04485
[1],[2 3 6],[],[],[1],[0] ,abs03943
[1],[],[],[],[1],[1] ,abs17364
[1],[6 7],[1],[0],[],[0] ,abs07122
[1],[4 5 6],[],[0],[1],[1] ,abs06235
[1],[2],[],[0],[1],[1] ,abs06719
[1],[5 6],[],[],[],[0] ,abs14980
[1],[2],[],[18],[1],[1] ,abs13899
[1],[6],[],[0],[],[0] ,abs16504
[1],[],[],[0],[1],[1] ,abs13976
[0],[],[],[],[1],[1] ,abs00928
[1],[6],[],[],[],[0] ,abs04569
[1],[4],[],[0],[1],[0] ,abs14675
[1],[4 5 6],[],[0],[],[0] ,abs10971
[1],[6],[],[],[0],[1] ,abs20470
[1],[6],[],[0],[],[0] ,abs14551
[1],[6],[],[0],[1],[1] ,abs19147
[1],[4 5 6],[1],[0],[],[0] ,abs07102
[1],[1 2],[],[],[0],[1] ,abs21837
[1],[],[],[0],[1],[1] ,abs19227
[0],[],[],[],[0],[1] ,abs15028
abs08926
1,4 5 6,2,0,1,1 ,abs09566
[1],[],[2],[0],[],[1] ,abs10578
[1],[],[],[0],[],[0] ,abs16547
[1],[4 5 6],[2],[0],[],[0] ,abs13252
[0],[],[],[],[],[0] ,abs12437
[1],[],[],[0],[0],[1] ,abs21729
1,6,2,0,1,1 ,abs18983
[1],[1 2],[],[22],[],[0] ,abs03617
[1],[7],[],[0],[],[0] ,abs18885
[1],[],[],[],[0],[1] ,abs18125
[1],[4 5 6],[1],[0],[],[0] ,abs08442
[1],[],[],[],[1],[1] ,abs17087
[0],[],[],[],[],[0] ,abs11092
[0],[],[],[],[0],[1] ,abs04933
[1],[2],[],[],[1],[1] ,abs09977
[1],[5],[],[0],[1],[1] ,abs12177
[1],[],[2],[0],[1],[1] ,abs09935
[1],[6],[2],[0],[],[0] ,abs02127
[1],[5 6],[],[],[],[0] ,abs18717
[0],[],[],[],[1],[1] ,abs08071
[1],[4 5 6],[1],[0],[],[0] ,abs07730
[1],[],[],[0],[1],[1] ,abs13987
[1],[4 6],[2],[0],[],[1] ,abs08274
[1],[3],[],[0],[1],[1] ,abs20093
[1],[5 6],[1],[0],[],[0] ,abs06354
[1],[2 3 5 6 7],[],[22],[],[0] ,abs19545
[1],[6 7],[],[0],[],[0] ,abs19110
[1],[5],[],[0],[],[0] ,abs09767
[1],[5],[1],[0],[],[0] ,abs07322
[1],[4 5 6],[2],[0],[],[0] ,abs05946
[1],[4 5 6 7],[],[0],[],[0] ,abs10750
[1],[2],[],[3],[1],[1] ,abs06583
[1],[5],[],[0],[],[0] ,abs16645
[1],[],[],[],[1],[1] ,abs21148
[1],[],[],[0],[1],[1] ,abs09968
[1],[5],[],[0],[],[0] ,abs06027
[1],[6],[2],[0],[],[0] ,abs09567
[0],[],[],[],[1],[1] ,abs18430
[1],[5 6],[1],[0],[],[0] ,abs07585
[1],[5],[1],[0],[],[0] ,abs14634
[0],[],[],[],[1],[1] ,abs03481
[1],[2 3 6],[],[],[],[0] ,abs09328
[1],[],[],[],[],[1] ,abs10369
[0],[],[],[],[0],[1] ,abs04162
[1],[6],[1],[0],[1],[1] ,abs00727
[1],[4 5 6],[2],[0],[],[0] ,abs08367
[1],[4 5 6],[],[0],[],[0] ,abs08453
[1],[2],[],[],[1],[1] ,abs17095
[0],[],[],[],[1],[1] ,abs07094
[1],[4 5 6],[1],[0],[],[0] ,abs07386
[1],[4 5 6],[1],[0],[1],[1] ,abs07709
[1],[],[],[],[1],[1] ,abs17410
[1],[2],[],[],[1],[1] ,abs01390
1,4 7,2,[],1,1 ,abs19540
[1],[4 5 6],[1],[0],[],[0] ,abs17978
[0],[],[],[],[1],[1] ,abs00419
[0],[],[],[],[],[0] ,abs11052
[1],[3],[],[0],[],[0] ,abs19256
[0],[],[],[],[],[0] ,abs09733
[1],[],[],[],[1],[1] ,abs17400
[1],[6],[],[],[0],[0] ,abs05034
[1],[2],[],[],[1],[1] ,abs12665
[1],[],[],[],[1],[1] ,abs13726
[1],[4 6],[],[0],[],[0] ,abs11855
[1],[1 2],[],[],[1],[0] ,abs21631
[1],[2],[],[],[1],[1] ,abs20845
[0],[],[],[],[1],[1] ,abs00762
[1],[],[],[],[1],[1] ,abs01120
[1],[4 5 6],[],[0],[0],[1] ,abs21135
[1],[],[2],[0],[],[1] ,abs22023
[1],[5],[],[0],[],[0] ,abs12248
[1],[6],[1],[0],[],[0] ,abs03018
[1],[6],[2],[0],[],[0] ,abs09055
[0],[],[],[],[],[0] ,abs05245
[1],[6],[2],[0],[],[0] ,abs19926
[1],[4 5 6],[],[0],[1],[1] ,abs12953
[1],[4 5 6 7],[0],[0],[1],[1],abs12657
[1],[2],[2],[],[0],[1] ,abs15603
[1],[0],[2],[0],[1],[1] ,abs14816
[1],[5 6],[],[0],[1],[0] ,abs05759
[1],[3],[],[0],[1],[1] ,abs15470
[1],[6],[2],[0],[],[0] ,abs09823
[1],[2],[2],[22],[],[0] ,abs01968
[1],[],[],[],[1],[1] ,abs00614
[1],[],[2],[0],[],[0] ,abs15376
[1],[],[],[0],[],[0] ,abs05895
[1],[4 5],[],[0],[],[0] ,abs16738
[1],[0],[],[0],[1],[1] ,abs19939
[1],[1 2],[1],[7],[],[0] ,abs22220
[1],[6],[],[0],[],[0] ,abs09416
[1],[6],[],[0],[1],[1] ,abs20158
[1],[4 5 6],[],[],[1],[0] ,abs12028
[1],[4 5 6],[2],[0],[],[0] ,abs04001
[1],[4],[],[0],[1],[1] ,abs06649
[1],[2],[],[],[0],[1] ,abs18491
[1],[4 5 6],[2],[0],[],[0] ,abs11293
[1],[2],[2],[0],[1],[1] ,abs21748
[1],[3 7],[],[0],[1],[1] ,abs09840
[0],[],[],[],[1],[1] ,abs00324
[0],[],[],[],[1],[1] ,abs02469
[1],[4 5 6],[],[0],[],[0] ,abs09751
[0],[],[],[],[0],[0] ,abs02623
[0],[],[],[],[0],[1] ,abs03136
[1],[3],[1],[0],[1],[1] ,abs21539
[1],[2],[],[0],[0],[1] ,abs03306
[1],[4 5 6],[],[0],[],[0] ,abs13257
[1],[6],[2],[12],[1],[0] ,abs21265
[0],[],[],[],[1],[1] ,abs03830
[1],[2],[],[16],[],[0] ,abs00526
1,1 7,1,7,1,1 ,abs13656
[1],[],[1],[],[1],[1] ,abs00604
[1],[4],[],[0],[1],[1] ,abs13465
[1],[6],[],[0],[],[0] ,abs12149
[1],[6],[],[0],[0],[1] ,abs10982
[0],[],[],[],[1],[1] ,abs00191
1,4 5 6,1,0,1,1 ,abs12903
[1],[5],[],[0],[],[0] ,abs13303
[1],[1 2],[],[],[1],[0] ,abs18478
[1],[],[2],[0],[],[0] ,abs12710
[1],[4],[],[0],[],[0] ,abs09270
[1],[3],[2],[0],[],[0] ,abs03469
[1],[3],[2],[0],[1],[1] ,abs22090
[1],[4 5 6],[],[],[0],[1] ,abs09397
1,3 4 5 6,2,[],1,1 ,abs05785
[1],[6],[2],[0],[],[0] ,abs08285
[1],[4 5],[],[0],[],[0] ,abs09058
[1],[4 5 6 7],[],[0],[],[0] ,abs07756
[1],[5 6 7],[],[0],[],[0] ,abs09819
[1],[5],[],[0],[],[0] ,abs09432
[1],[4 5 6],[],[0],[],[0] ,abs21205
[1],[6],[2],[0],[],[0] ,abs20040
[1],[6],[],[0],[],[0] ,abs17305
[1],[4 5 6],[2],[0],[],[0] ,abs14885
[1],[1 2 4 6],[2],[9],[1],[1] ,abs10857
[1],[],[],[3],[0],[1] ,abs08141
[1],[4 5 6],[],[],[0],[1] ,abs21263
[0],[],[],[],[0],[0] ,abs12945
1,3 6,1,0,1,1 ,abs21332
[1],[],[],[],[],[0] ,abs09647
[1],[4 5],[],[0],[],[0],abs21400
[1],[3],[],[0],[1],[1] ,abs10785
[1],[4 5],[],[0],[],[0] ,abs02892
[1],[3],[],[0],[1],[1] ,abs00529
[0],[],[],[],[],[0] ,abs11521
1,1 2 3 6,2,7,1,1 ,abs21876
[1],[3],[],[0],[1],[1] ,abs05122
[1],[7],[2],[0],[],[0] ,abs20919
[1],[2],[],[12],[1],[1] ,abs20088
[1],[4 5],[],[0],[],[0] ,abs18027
[1],[5 6],[],[0],[],[0] ,abs10050
[1],[4],[],[],[],[0] ,abs17841
[1],[2],[2],[],[1],[1] ,abs06937
1,6 7,2,0,1,1 ,abs00175
[1],[],[],[0],[1],[1] ,abs14486
[6],[1],[0],[],[0] ,abs20968
[1],[5],[2],[0],[],[0] ,abs11548
[1],[],[2],[0],[],[0] ,abs08149
[1],[6],[2],[0],[],[0] ,abs05962
[1],[0],[0],[0],[],[0],abs11665
[1],[2],[],[],[0],[1] ,abs21737
[1],[1 2],[],[14 22],[1],[1] ,abs09986
[1],[4 5 6],[2],[0],[1],[1] ,abs09799
[1],[4 5 6],[1],[0],[],[0] ,abs05315
[1],[6],[2],[0],[],[0] ,abs14830
[1],[6],[2],[0],[1],[0] ,abs15559
[1],[],[1],[],[0],[1] ,abs06916
[0],[],[],[],[1],[1] ,abs01197
[1],[6],[2],[0],[1],[1] ,abs11843
[1],[],[],[0],[1],[1] ,abs17270
[0],[],[],[],[0],[1] ,abs03956
[1],[6],[],[0],[0],[1] ,abs21009
[1],[5 6],[2],[0],[],[0] ,abs07082
[1],[3],[],[],[1],[1] ,abs01497
[1],[],[],[],[1],[1] ,abs14030
[1],[4 5 6],[2],[0],[1],[1] ,abs08328
[1],[1 2],[],[7],[1],[1] ,abs09937
[1],[],[],[],[1],[1] ,abs14109
[1],[4 5 6],[1],[0],[],[0] ,abs12088
[0],[],[],[],[0],[1] ,abs13740
[1],[5 6],[],[0],[],[0] ,abs01848
[1],[6],[2],[0],[],[0] ,abs14975
[1],[6],[2],[],[1],[1] ,abs19775
[1],[2],[],[],[0],[1] ,abs15735
[1],[6],[],[0],[1],[1] ,abs01222
[1],[4 5 6],[1],[0],[1],[0] ,abs07446
[1],[4 5 6],[2],[0],[],[0] ,abs06326
[1],[6],[1],[0],[],[0] ,abs06262
[1],[4 6],[2],[0],[],[0] ,abs11468
[1],[2],[],[],[],[0] ,abs17641
[1],[1 2],[],[22],[1],[0] ,abs02697
[1],[4],[2],[0],[],[0] ,abs11623
[1],[2 3],[],[],[1],[1] ,abs04992
[0],[],[],[],[1],[1] ,abs00140
[1],[4 5 6],[],[0],[],[0] ,abs06190
[1],[6],[],[],[],[0] ,abs11565
[1],[],[],[],[1],[1] ,abs10065
[1],[],[2],[0],[1],[1] ,abs20488
[0],[],[],[],[0],[1] ,abs03377
[1],[],[2],[],[],[1] ,abs16876
[1],[1 2],[],[],[],[0] ,abs17606
[1],[6],[2],[0],[],[0] ,abs06959
[0],[],[],[],[0],[1] ,abs17681
[0],[],[],[],[],[0] ,abs01343
[1],[6],[],[],[1],[1] ,abs18762
[1],[4 5 6],[],[0],[],[0] ,abs13468
[1],[],[],[],[1],[1] ,abs16979
[1],[5],[2],[0],[],[0] ,abs15010
[1],[6],[2],[0],[],[0] ,abs12446
[1],[2],[],[],[0],[1] ,abs10463
[1],[5],[1],[0],[],[0] ,abs14989
[1],[6],[],[],[1],[1] ,abs19965
[1],[2],[],[0],[1],[1] ,abs20021
[1],[],[],[],[1],[1] ,abs02068
[1],[6],[2],[0],[1],[1] ,abs02281
[1],[4 5 6],[],[],[0],[1] ,abs07743
[1],[6],[2],[0],[],[0] ,abs01328
[0],[],[],[],[0],[1] ,abs00731
[1],[],[],[0],[1],[1] ,abs06581
1,0,2,0,1,1 ,abs20083
[1],[4 6 7],[],[0],[1],[1] ,abs08102
[1],[6],[1],[0],[],[0] ,abs07570
[1],[],[],[0],[0],[1] ,abs03742
[1],[4 6],[],[0],[1],[1] ,abs19530
[1],[4 5 6],[],[0],[],[1] ,abs20986
[1],[],[],[0],[1],[1] ,abs05629
[1],[6],[],[0],[0],[1] ,abs20772
[0],[],[],[],[1],[1] ,abs21435
[1],[6],[],[0],[],[0] ,abs09717
[0],[],[],[],[0],[1] ,abs03434
[1],[4 6],[2],[18],[],[0] ,abs10989
[1],[4 5 6],[],[0],[],[0] ,abs08897
[1],[6],[2],[0],[],[0] ,abs02465
[1],[6],[2],[0],[],[1] ,abs04278
[1],[4 5 6],[],[0],[],[1] ,abs07473
1,2,2,[],1,1 ,abs17432
[0],[],[],[],[],[0] ,abs15573
[1],[6],[],[0],[1],[1] ,abs01220
[1],[6],[2],[0],[],[0] ,abs05373
[1],[0],[],[0],[1],[1] ,abs03181
1,6,2,[],1,1 ,abs19222
[1],[5],[],[0],[],[0] ,abs11551
[0],[],[],[],[0],[1] ,abs15112
[0],[],[],[],[1],[1] ,abs17537
[1],[6],[2],[0],[],[0] ,abs20763
[1],[4 5 6],[],[],[],[0] ,abs03178
[1],[],[],[0],[1],[1] ,abs17152
[1],[],[2],[0],[],[0] ,abs00189
[1],[2],[],[0],[1],[1] ,abs21668
[1],[1 2],[],[],[1],[0] ,abs18639
[1],[],[],[0],[1],[1] ,abs02651
[1],[2],[],[7],[0],[1] ,abs09972
[1],[5],[2],[0],[],[0],abs02920
[1],[],[],[0],[1],[1] ,abs07038
[1],[3],[],[0],[1],[1] ,abs03692
[0],[],[],[],[1],[1] ,abs03926
[1],[6 7],[2],[],[],[0] ,abs00862
[1],[4 5 6],[],[0],[],[0] ,abs21201
[0],[],[],[],[1],[1] ,abs17006
[1],[1 2],[2],[11],[1],[1] ,abs18300
[0],[],[],[1],[1] ,abs14329
[1],[4],[2],[0],[],[0] ,abs19495
[1],[4 5],[],[16],[],[0] ,abs16267
[1],[2],[2],[],[1],[1] ,abs03700
[1],[3],[],[0],[1],[1] ,abs03193
[0],[],[],[],[1],[1] ,abs01014
[1],[1 2],[],[5],[1],[1] ,abs01534
[1],[6],[],[0],[1],[1] ,abs09946
[1],[5],[],[0],[1],[0] ,abs10092
[0],[],[],[],[0],[1] ,abs01832
[1],[4 5 6],[2],[],[],[0] ,abs09788
[1],[4 5],[1],[0],[],[0] ,abs15796
[0],[],[],[],[],[0] ,abs08519
[1],[2],[],[],[1],[1] ,abs20835
[1],[4 5],[],[0],[],[0] ,abs07327
1,4 5 6,[],[],1,1 ,abs06413
[1],[2],[],[],[1],[0] ,abs20770
[1],[2],[],[0],[1],[1] ,abs02662
[1],[4 5 6],[],[0],[],[0] ,abs12201
[1],[0],[0],[0],[0],[1] ,abs01718
[1],[6],[1],[0],[],[0] ,abs15416
[0],[],[],[],[0],[1] ,abs12272
[0],[],[],[],[],[0] ,abs12366
[1],[1 2],[],[14 22],[1],[1] ,abs01528
[1],[4 5],[1],[0],[],[0] ,abs16840
[1],[5],[],[0],[],[0] ,abs16114
[1],[],[2],[0],[1],[1] ,abs06770
[0],[],[],[],[],[0] ,abs15985
[1],[4 5 6 7],[],[],[0],[1] ,abs18633
[1],[5 6],[],[],[],[0] ,abs08315
[1],[],[],[0],[],[0] ,abs19533
[1],[2],[],[24],[],[0] ,abs08172
[3],[],[16],[],[0] ,abs03316
[0],[],[],[],[1],[1] ,abs14359
[1],[6],[2],[0],[],[0] ,abs16129
[1],[],[],[],[0],[0] ,abs02175
[1],[6],[],[0],[1],[1] ,abs03717
[1],[6],[2],[0],[],[0] ,abs20140
[1],[],[2],[0],[1],[1] ,abs19271
[1],[3],[],[0],[1],[1] ,abs01685
[1],[0],[],[0],[1],[1] ,abs03971
[1],[4 5 6],[2],[0],[],[0] ,abs09682
[1],[4 5 6],[],[0],[],[0] ,abs14981
[1],[6],[],[0],[1],[1] ,abs04299
1,6,2,[0],1,1 ,abs20066
[1],[4 5],[],[0],[],[0] ,abs12947
[1],[6],[2],[0],[],[0] ,abs16084
[1],[6],[],[0],[],[1] ,abs03820
[0],[],[],[],[1],[1] ,abs02218
[0],[],[],[],[1],[1] ,abs03092
[1],[5],[],[0],[],[0] ,abs16103
[1],[4],[1],[0],[],[0] ,abs21438
[1],[],[],[0],[],[0] ,abs00492
[0],[],[],[],[1],[1] ,abs14520
[1],[4 5 6],[],[0],[1],[1] ,abs10987
[0],[],[],[],[1],[1] ,abs17701
[1],[4 5 6],[],[0],[],[0] ,abs07310
[1],[5],[],[0],[],[0] ,abs12099
[1],[4 5 6],[],[0],[1],[0] ,abs18645
[1],[6],[],[0],[1],[1] ,abs04459
[1],[3],[],[],[1],[1] ,abs00968
[1],[5 6],[1],[0],[],[0] ,abs04490
[1],[1 2],[],[22],[1],[1] ,abs06774
[1],[6],[2],[0],[],[0] ,abs02878
1,4 5 6,2,[],1,1 ,abs07992
[1],[6],[2],[0],[],[0] ,abs11287
[1],[4 5],[],[],[1],[1] ,abs09290
[1],[3],[],[0],[1],[0] ,abs04068
[1],[],[],[],[1],[1] ,abs17518
[0],[],[],[],[1],[1] ,abs03331
[1],[5],[],[0],[],[0] ,abs06370
[1],[2],[],[],[0],[0] ,abs00933
[0],[],[],[],[1],[1] ,abs06827
[0],[],[],[],[1],[1] ,abs20832
[0],[],[],[],[0],[1] ,abs12518
[1],[6],[],[0],[],[0] ,abs02266
[1],[1 2 3 4 5 6 7],[2],[],[1],[0] ,abs19977
abs15933
[1],[2],[],[0],[1],[1] ,abs21971
[1],[3],[],[0],[],[0] ,abs19238
[1],[4 5 6],[],[0],[0],[1] ,abs13104
[0],[],[],[],[],[0] ,abs00779
[0],[],[],[],[1],[1] ,abs03681
[1],[],[],[],[1],[1] ,abs09056
[1],[],[2],[0],[1],[1] ,abs21957
[1],[6],[],[],[],[0] ,abs02294
[0],[],[],[],[],[0] ,abs15020
[1],[2],[],[],[0],[0] ,abs21756
[1],[6],[],[0],[],[0] ,abs07563
[1],[3],[],[0],[1],[1] ,abs05172
[1],[4 5 6],[],[],[1],[1] ,abs08788
[1],[0],[0],[0],[1],[1] ,abs14029
[1],[4 5 6],[],[],[0],[1] ,abs13004
[1],[6],[2],[0],[],[0] ,abs08419
1,3,2,0,1,1 ,abs17243
[0],[],[],[],[1],[1] ,abs14043
[1],[5],[2],[0],[],[0] ,abs05477
[1],[2],[2],[0],[],[1] ,abs14165
[1],[4 5 6],[1],[0],[],[0] ,abs09453
[1],[6],[2],[0],[],[0] ,abs15789
[1],[2],[],[],[1],[1] ,abs21711
[0],[],[],[],[1],[1] ,abs18584
[0],[],[],[],[0],[1] ,abs18327
[1],[4 5 6],[],[0],[],[0] ,abs08259
[1],[6],[],[0],[],[0] ,abs08495
[1],[0],[2],[0],[1],[1] ,abs17549
[1],[4 5 6 7],[1],[0],[1],[0] ,abs05368
[1],[6],[1],[0],[],[0] ,abs08408
[1],[4 5],[],[0],[],[0] ,abs09573
[1],[],[2],[0],[1],[1] ,abs06905
[1],[],[],[0],[],[0] ,abs13356
[1],[6],[],[],[1],[1] ,abs03982
[1],[5],[],[0],[],[0] ,abs11304
[1],[],[],[],[0],[1] ,abs03266
[0],[],[],[],[0],[1] ,abs00331
1,6,1,0,1,1 ,abs04176
[0],[],[],[],[],[0] ,abs09738
0,[],[],[],1,1 ,abs03939
[1],[2],[],[0],[0],[1] ,abs04216
[0],[],[],[],[1],[1] ,abs13231
[1],[],[2],[],[1],[1] ,abs14361
[1],[5 6],[1],[0],[],[0] ,abs07524
[1],[4 5 6],[],[0],[],[0] ,abs12053
[1],[1 2],[],[],[],[0] ,abs00428
[0],[],[],[],[1],[1] ,abs17330
[1],[2],[],[],[1],[1] ,abs01505
[1],[4 5],[1],[0],[],[0] ,abs07650
[0],[],[],[],[1],[1] ,abs14145
[1],[6],[2],[0],[],[0] ,abs19525
[1],[4 5 6],[1],[0],[],[0] ,abs08952
[0],[],[],[],[0],[1] ,abs01461
1,4 5 6,2,0,[],1 ,abs06199
[1],[2 3],[],[],[1],[1] ,abs21946
[1],[2],[],[],[1],[1] ,abs21817
[1],[4 5 6],[1],[0],[],[0] ,abs14667
[1],[3],[],[],[],[0] ,abs00924
[1],[4],[],[0],[],[0] ,abs08075
[1],[6],[2],[0],[],[0] ,abs08587
[1],[6],[],[0],[1],[0] ,abs01721
[1],[6],[],[0],[1],[1] ,abs03889
[1],[4],[],[0],[],[0] ,abs16155
[1],[3],[2],[0],[1],[1] ,abs20096
[1],[4 5 6],[],[0],[],[0] ,abs09719
[1],[4 5 6],[],[0],[],[0] ,abs21058
[0],[],[],[],[],[0] ,abs16808
[1],[5 6],[2],[0],[],[0] ,abs11909
[1],[1 2],[2],[14 22],[1],[1] ,abs10552
[0],[],[],[],[0],[1] ,abs17320
[1],[2],[],[],[1],[1] ,abs06593
[1],[2],[1],[],[1],[1] ,abs20176
[1],[],[],[],[1],[1] ,abs14076
[0],[],[],[],[0],[1] ,abs16643
[1],[],[],[],[],[0] ,abs04010
[1],[],[],[0],[1],[1] ,abs21601
[1],[],[],[],[1],[1] ,abs04262
[1],[2],[],[],[1],[1] ,abs06803
[1],[],[2],[],[0],[1] ,abs13529
[1],[],[2],[0],[1],[1] ,abs17695
[1],[6 7],[],[0],[1],[1] ,abs19422
[1],[3],[2],[],[1],[1] ,abs00693
[1],[6],[],[0],[],[0] ,abs20693
[1],[3 4],[2],[0],[1],[1] ,abs09714
[0],[],[],[],[1],[1] ,abs11089
[1],[6],[],[0],[1],[1] ,abs18565
[1],[6],[2],[0],[],[0] ,abs10773
[1],[2],[],[24],[],[0] ,abs04333
[1],[4],[],[],[],[0] ,abs04051
[1],[3 4],[],[0],[1],[1] ,abs08338
[1],[4 5],[],[0],[],[0] ,abs07453
[1],[6],[],[0],[1],[1] ,abs17031
[1],[4 6],[],[0],[1],[1] ,abs12807
[0],[],[],[],[1],[1] ,abs02231
[1],[],[],[],[1],[1] ,abs10570
[0],[],[],[],[1],[1] ,abs18513
[1],[2],[],[0],[1],[1] ,abs21680
[0],[],[],[],[1],[1] ,abs13954
[1],[2],[],[0],[1],[1] ,abs07034
[1],[7],[],[0],[],[0] ,abs04864
[1],[6],[2],[0],[1],[1] ,abs19025
[1],[3],[],[0],[],[0] ,abs02617
[0],[],[],[],[1],[1] ,abs19721
[1],[2],[],[],[1],[1] ,abs10165
[0],[],[],[],[],[0] ,abs04052
[1],[],[2],[],[0],[1] ,abs18790
1,4 5 6,2,[],1,1 ,abs18106
[1],[2],[],[],[1],[1] ,abs21683
[0],[],[],[],[0],[1] ,abs03005
[1],[6],[2],[0],[],[0] ,abs07297
[1],[4 5],[],[0],[],[0] ,abs08420
[1],[2],[],[],[1],[0] ,abs22016
[1],[4 5 6],[],[0],[],[0] ,abs14786
[1],[4 5],[],[0],[1],[1] ,abs13155
[1],[3],[],[0],[1],[1] ,abs04446
[1],[],[2],[0],[1],[1] ,abs17201
1,2,2,[],1,1 ,abs06553
[1],[],[2],[0],[1],[1] ,abs07033
[1],[6],[],[0],[],[0] ,abs18693
[1],[2],[],[],[0],[1] ,abs12315
[1],[],[],[0],[],[0] ,abs11332
[1],[6],[],[0],[],[1] ,abs18166
1,[],2,[],1,1 ,abs19519
[1],[2 3],[],[15],[],[0] ,abs04622
[1],[],[2],[0],[1],[0] ,abs12493
[1],[],[2],[0],[1],[1] ,abs06808
1,4 5 6,2,0,1,1 ,abs13022
[1],[4],[],[0],[1],[1] ,abs21189
[1],[6],[],[0],[0],[1] ,abs18970
[0],[],[],[],[0],[1] ,abs04556
[1],[5 6 7],[1],[0],[],[0] ,abs07901
1,1 2,2,34,1,1 ,abs21679
[1],[6],[2],[0],[1],[1] ,abs08106
[0],[],[0],[1],[1] ,abs17407
[1],[7],[2],[0],[1],[1] ,abs21525
[1],[6],[2],[0],[],[0] ,abs12984
[1],[6],[2],[0],[1],[1] ,abs01566
[1],[4],[2],[],[],[0] ,abs10053
[1],[4 6],[],[0],[1],[1] ,abs11278
[1],[],[],[],[1],[1] ,abs17221
[1],[],[2],[0],[],[1] ,abs10586
[1],[4 5],[],[],[],[0] ,abs04468
[1],[6],[],[0],[],[0] ,abs17933
1,4 5 6 7,2,0,1,1 ,abs21230
[1],[4 5 6],[2],[0],[],[0] ,abs16831
[1],[],[2],[],[1],[1] ,abs00945
[0],[],[],[],[0],[0] ,abs04343
[1],[3],[],[0],[1],[1] ,abs04654
[1],[4],[2],[0],[],[0] ,abs13020
[1],[4 5 6],[],[0],[],[0] ,abs14749
[0],[],[],[],[0],[1] ,abs03598
[0],[],[],[],[1],[1] ,abs20330
[1],[6],[],[],[1],[1] ,abs18854
[1],[],[2],[0],[1],[1] ,abs00151
[1],[4 5],[],[0],[],[0] ,abs07593
[1],[1 2],[],[14],[],[0] ,abs18904
[1],[2],[],[0],[0],[1] ,abs02999
1,3,2,0,1,1 ,abs18902
[1],[1 2],[],[7],[1],[1] ,abs20391
[1],[],[],[],[0],[1] ,abs21741
[0],[],[],[],[0],[1] ,abs03590
[1],[3],[1],[0],[1],[1] ,abs02938
[1],[5],[2],[0],[],[0] ,abs12125
[1],[2],[],[],[1],[1] ,abs10551
[1],[6],[],[0],[],[0] ,abs09677
[1],[2],[],[15],[],[0] ,abs05486
[1],[1 2],[],[],[],[0] ,abs21691
[1],[4 5],[1],[0],[],[0] ,abs07236
[1],[5 6],[],[0],[1],[0] ,abs13166
[1],[3],[],[0],[1],[1] ,abs20293
[1],[3],[2],[0],[1],[0] ,abs09103
[1],[4],[],[],[],[0] ,abs08028
[0],[],[],[],[1],[1] ,abs02302
[1],[2],[],[],[1],[1] ,abs06472
[1],[7],[],[0],[],[0] ,abs06578
[1],[5],[],[0],[],[0] ,abs15107
[1],[5 6],[],[0],[],[0] ,abs07861
[1],[6],[2],[0],[],[0] ,abs11387
[1],[3],[2],[0],[],[0] ,abs03870
[1],[2],[2],[18],[1],[1] ,abs12940
[1],[6],[],[0],[1],[1] ,abs02817
[1],[],[],[],[1],[1] ,abs18452
[1],[6],[1],[0],[],[0] ,abs13358
[1],[6],[],[0],[],[0] ,abs11240
[0],[],[],[],[],[0] ,abs11828
[1],[3],[],[0],[1],[1] ,abs20894
[1],[6],[1],[0],[],[0] ,abs09694
[1],[6],[2],[],[],[0] ,abs11161
[1],[5 6],[],[0],[],[0] ,abs02918
[1],[6],[2],[0],[],[0] ,abs04465
[1],[],[0],[0],[],[0] ,abs00069
[1],[6],[2],[0],[],[0] ,abs13350
[1],[6],[1],[0],[],[0] ,abs20007
[1],[5 6],[],[0],[],[0] ,abs15220
[1],[5],[],[0],[],[0] ,abs16112
[1],[5 6],[],[0],[],[0] ,abs14610
0,[],[],[],1,1 ,abs02568
[1],[4],[2],[0],[],[0] ,abs15659
[1],[4],[],[0],[0],[1] ,abs00062
[1],[6],[],[0],[0],[1] ,abs21022
[1],[],[2],[0],[1],[1] ,abs10669
[1],[5],[1],[0],[],[0] ,abs15522
[1],[5],[],[0],[],[0] ,abs11050
[1],[3],[],[0],[1],[1] ,abs19646
[1],[5],[],[0],[],[0] ,abs07729
1,5,1,0,1,1 ,abs12422
[1],[3],[],[0],[],[0] ,abs01805
[1],[2],[2],[3],[1],[1] ,abs04591
[1],[],[2],[0],[1],[1] ,abs14204
[1],[6 7],[],[0],[],[0] ,abs20195
[1],[4 5 6],[2],[0],[],[0] ,abs16722
[1],[2],[2],[3],[1],[1] ,abs01264
[1],[6],[2],[0],[],[0] ,abs19012
[1],[6 7],[2],[0],[],[0] ,abs19283
[1],[5],[2],[0],[],[0] ,abs15843
[0],[],[],[],[1],[1] ,abs17418
[1],[6],[],[0],[],[0] ,abs06173
[1],[],[],[],[1],[1] ,abs10719
[0],[],[],[],[0],[1] ,abs03025
1,2,2,[],1,1 ,abs17326
[1],[2],[],[0],[1],[1] ,abs02076
[1],[5],[],[0],[1],[0] ,abs06406
[1],[],[],[],[1],[1] ,abs18546
[1],[3],[],[0],[1],[1] ,abs18702
[1],[3],[],[],[1],[0] ,abs06908
[1],[4 5 6],[],[0],[],[0] ,abs21368
[1],[5 6],[],[0],[],[0] ,abs07916
[1],[4],[],[0],[0],[1] ,abs10832
[1],[6],[],[0],[],[0] ,abs00815
[1],[1 2],[],[7],[1],[1] ,abs01219
[0],[],[],[],[],[0] ,abs04365
[1],[6],[2],[0],[],[0] ,abs15508
[0],[],[],[],[0],[1] ,abs03726
[0],[],[],[],[1],[1] ,abs06889
1,6 7,1,[],1,1 ,abs02356
1,2,2,0,1,1 ,abs17691
[0],[],[],[],[0],[1] ,abs06912
[1],[5 6],[2],[0],[],[0] ,abs09136
[1],[6],[],[],[1],[1] ,abs02240
[1],[3],[2],[0],[],[0] ,abs02345
[0],[],[],[],[1],[1] ,abs10715
[],[],[],[],[0] ,abs22244
[1],[7],[],[0],[1],[1] ,abs03086
[1],[5],[1],[],[1],[0] ,abs05700
[1],[],[2],[],[1],[1] ,abs14168
[1],[4 5 6],[1],[0],[],[0] ,abs11196
[1],[6],[],[0],[],[0] ,abs11972
[1],[4 5 6],[],[],[],[0] ,abs13476
1,2,[],[],[],1 ,abs20954
[0],[],[],[],[1],[1] ,abs20751
[1],[5 6],[],[0],[],[0] ,abs11928
[1],[4 5 6],[],[0],[],[0] ,abs15857
[1],[],[2],[0],[1],[1] ,abs18307
[1],[2],[2],[],[0],[1] ,abs09958
[1],[6],[],[0],[],[0] ,abs19568
[1],[6],[],[0],[1],[1] ,abs19082
[1],[6],[],[0],[1],[1] ,abs18671
[1],[],[2],[],[1],[1] ,abs06928
[1],[],[],[],[0],[1] ,abs04817
[1],[5 6 7],[1],[0],[1],[0] ,abs14910
[1],[],[2],[0],[1],[1] ,abs17034
[1],[],[2],[],[],[0] ,abs11300
[1],[1 2],[],[],[1],[0] ,abs01681
[0],[],[],[],[],[0] ,abs12677
[1],[5 6],[1],[0],[],[0] ,abs09485
[1],[4 5 6],[],[0],[],[0] ,abs18147
[1],[4 5 6],[],[],[1],[1] ,abs10531
[1],[2],[2],[],[0],[1] ,abs14088
[1],[4 5 6],[1],[0],[],[0],abs05494
[1],[4],[2],[0],[1],[1] ,abs14643
[0],[],[],[],[1],[1] ,abs03981
1,4 6,2,[],1,1 ,abs09061
[1],[],[],[0],[],[0] ,abs19093
[1],[4 5 6 7],[],[0],[],[0] ,abs12146
[1],[2 3 6],[],[],[1],[1] ,abs00073
[0],[],[],[],[1],[1] ,abs00131
[1],[6],[],[0],[1],[1] ,abs03654
[1],[4 5 6],[1],[0],[],[0] ,abs16335
1,1 2,2,[],1,1 ,abs21726
[1],[5 6],[],[0],[1],[1] ,abs09898
[1],[4 5 6],[],[0],[],[0] ,abs05702
[0],[],[],[],[1],[1] ,abs00115
[1],[2],[2],[0],[],[0] ,abs08473
[1],[3],[1],[0],[1],[1] ,abs00035
[1],[5],[],[0],[],[0] ,abs16099
[1],[3],[],[0],[1],[1] ,abs20549
[1],[],[],[0],[1],[1] ,abs19776
[1],[6],[1],[0],[],[0] ,abs12959
[1],[3],[],[0],[1],[1] ,abs20650
[0],[],[],[],[1],[1] ,abs02005
1,4 5 6 7,1,0,1,1 ,abs15638
[1],[],[2],[0],[],[1] ,abs06418
[1],[4 5 6],[],[0],[],[0] ,abs05959
[1],[6],[],[0],[],[0] ,abs03865
[1],[2],[],[],[],[1] ,abs07044
[1],[],[2],[],[],[1] ,abs14020
[1],[2],[],[0],[1],[1] ,abs17494
[1],[5],[2],[0],[],[0] ,abs15729
[1],[4 5 6],[],[],[0],[1] ,abs06405
1,3,[],0,1,1 ,abs21820
[1],[6],[],[0],[],[0] ,abs09285
[1],[5 6],[],[0],[],[0] ,abs09735
[1],[4],[],[],[0],[1] ,abs09462
[1],[],[],[],[],[1] ,abs21995
[1],[4 5 6],[2],[0],[],[0] ,abs06047
[1],[4 5],[],[0],[],[0] ,abs03491
1,4 6,2,0,1,1 ,abs13102
[1],[6],[2],[0],[],[0] ,abs12375
[1],[6],[2],[0],[],[0] ,abs00535
[0],[],[],[],[1],[1] ,abs10321
abs22164
[1],[],[],[],[1],[1] ,abs17245
[1],[2],[],[],[1],[1] ,abs13714
[0],[],[],[],[0],[0] ,abs02819
[1],[5],[],[0],[],[0] ,abs16237
[0],[],[],[],[],[0] ,abs01735
[1],[],[],[],[1],[1] ,abs20636
[1],[3],[],[0],[],[0] ,abs19359
[1],[5 6],[],[0],[],[0] ,abs05324
[0],[],[],[],[0],[1] ,abs14034
[1],[],[],[0],[],[0] ,abs01757
[1],[4 6 7],[2],[0],[],[1] ,abs12450
[1],[4 6],[2],[0],[],[1] ,abs01158
abs11765
[1],[],[2],[0],[],[0] ,abs11170
[1],[],[],[0],[0],[1] ,abs19175
[0],[],[],[],[],[0] ,abs18344
1,4 6,1,[],1,1 ,abs04226
[1],[5 6],[2],[0],[],[0] ,abs07325
[1],[],[],[0],[1],[1] ,abs17141
[1],[2],[],[16],[1],[1] ,abs19970
[1],[4 5 6],[2],[0],[1],[0] ,abs11929
[1],[],[],[],[1],[1] ,abs18590
[1],[3],[],[0],[1],[1] ,abs19069
[1],[4 5 6],[2],[0],[],[0] ,abs07957
[1],[2],[],[],[1],[1] ,abs10469
[1],[],[2],[0],[1],[1] ,abs09984
[0],[],[],[],[],[0] ,abs16670
[1],[6],[2],[0],[],[0] ,abs20510
[0],[],[],[],[],[0] ,abs15690
[0],[],[],[],[0],[1] ,abs17880
[1],[4 5 6],[],[0],[],[0] ,abs07754
1,2 4 6 7,2,[],1,1 ,abs09003
[1],[],[2],[0],[1],[1] ,abs20544
[1],[2],[2],[],[0],[1] ,abs03451
[0],[],[],[],[1],[1] ,abs06576
[1],[5],[],[0],[],[0] ,abs16402
[1],[],[],[],[],[0] ,abs17436
[1],[],[],[],[],[0] ,abs21923
[1],[1 2],[1],[12],[1],[0] ,abs19664
[1],[5],[],[0],[1],[1] ,abs02507
[1],[6],[],[0],[],[0] ,abs05397
[1],[5],[],[0],[],[0] ,abs07872
[1],[],[2],[0],[1],[1] ,abs10567
[1],[6],[2],[0],[],[0] ,abs17544
[1],[],[2],[0],[1],[1] ,abs10652
[0],[],[],[],[1],[1] ,abs01082
[1],[4 5 6],[1],[0],[],[0] ,abs15816
[1],[],[2],[0],[1],[1] ,abs10114
[0],[],[],[],[],[0] ,abs12346
[1],[],[],[],[1],[1] ,abs10094
[1],[4 5 6],[1],[0],[],[0] ,abs07712
[0],[],[],[],[0],[1] ,abs04275
[0],[],[],[],[0],[1] ,abs10399
[1],[1 2],[],[26],[1],[1] ,abs09198
[0],[],[],[],[1],[1] ,abs13165
[1],[],[],[],[1],[1] ,abs01209
[1],[4 5 6],[],[0],[],[0] ,abs21856
[1],[],[],[0],[1],[1] ,abs10043
[1],[2],[2],[],[1],[1] ,abs08882
[1],[7],[],[0],[1],[0] ,abs15799
[1],[],[2],[0],[1],[1] ,abs06814
[0],[],[],[],[],[0] ,abs13171
[1],[1 2],[],[],[],[0] ,abs09663
[1],[5],[],[0],[1],[0] ,abs12606
[1],[6],[],[0],[],[0] ,abs04462
1,2,2,3,1,1 ,abs17508
[1],[2],[],[26],[1],[1] ,abs06943
[0],[],[],[],[0],[1] ,abs10024
[1],[6],[],[0],[],[0] ,abs20998
[0],[],[],[],[1],[1] ,abs18449
1,6,2,[],0,1 ,abs08023
[0],[],[],[],[1],[1] ,abs05037
[1],[2],[],[0],[1],[1] ,abs10610
[1],[4 5 6],[],[0],[],[0] ,abs05492
[1],[2],[2],[12],[1],[1] ,abs00373
[1],[5 6],[],[0],[],[0] ,abs11390
[1],[],[],[0],[1],[1] ,abs17713
[1],[2],[],[22],[],[0] ,abs21249
[1],[3],[],[0],[1],[1] ,abs18872
[1],[6],[1],[0],[],[0] ,abs16401
[1],[],[],[0],[1],[1] ,abs16954
[1],[2],[],[],[],[0] ,abs20371
1,3 6,2,[],[],0 ,abs22124
[1],[3],[],[0],[1],[0] ,abs19260
[1],[5],[],[0],[],[0] ,abs20049
[1],[6],[],[0],[],[0] ,abs19349
[0],[],[],[],[],[1] ,abs08543
[1],[4 5 6],[2],[0],[],[1] ,abs12879
[1],[6],[2],[0],[],[0] ,abs07403
[1],[6],[],[0],[1],[1] ,abs14945
[1],[2],[],[],[1],[1] ,abs01634
[1],[2],[],[],[1],[1] ,abs22044
[0],[],[],[],[],[0] ,abs15786
1,4 5,2,0,1,1 ,abs18728
[1],[4 5 6],[2],[0],[],[0] ,abs14993
[1],[4 6],[],[0],[1],[1] ,abs08262
1,3 6,2,0,1,1 ,abs21628
[1],[],[2],[0],[1],[1] ,abs14310
[1],[4 5 6],[],[0],[],[0] ,abs10897
[1],[6],[2],[0],[],[0] ,abs12148
[0],[],[],[],[0],[0] ,abs01622
[1],[],[2],[0],[1],[1] ,abs02848
[1],[6],[],[],[],[0] ,abs07902
[1],[2],[2],[22],[],[0] ,abs01968
[1],[1],[],[],[],[1] ,abs10086
[0],[],[],[],[0],[1] ,abs05221
[1],[4 6],[2],[0],[1],[1] ,abs08165
[1],[4 6 7],[],[0],[],[0] ,abs08515
[1],[4 5 6],[],[0],[],[0] ,abs07432
[1],[6],[],[0],[],[0] ,abs04932
[1],[2],[],[0],[1],[1] ,abs19997
[0],[],[],[],[0],[1] ,abs00170
[1],[5],[],[0],[],[0] ,abs14689
[1],[],[0],[0],[],[0] ,abs01924
[1],[2],[],[],[0],[1] ,abs00821
1,2,2,[],1,1 ,abs17553
[0],[],[],[],[],[0] ,abs09378
[1],[6],[2],[0],[],[1] ,abs05071
[1],[3],[],[0],[],[0] ,abs19702
1,3,2,[],1,1 ,abs20571
[1],[4 5 6],[],[0],[],[0] ,abs08226
abs02587
[1],[6],[],[0],[],[0] ,abs15322
[1],[4 5 6 7],[2],[0],[],[0] ,abs09156
[1],[4 5 6],[2],[0],[],[0] ,abs07994
[1],[],[],[0],[],[0] ,abs04876
1,2,1,[],1,1 ,abs20113
[1],[5 6],[2],[0],[],[0] ,abs12453
[0],[],[],[],[1],[1] ,abs03895
[1],[6],[2],[0],[],[0] ,abs16111
1,6,2,[],1,1 ,abs10272
[1],[5],[],[0],[1],[1] ,abs11395
[0],[],[],[],[0],[1] ,abs16579
[0],[],[],[],[1],[1] ,abs01080
[1],[4 5 6 7],[],[0],[],[0] ,abs21037
[1],[],[],[],[1],[1] ,abs19932
[1],[5],[],[0],[],[0] ,abs07480
1,2,2,3,1,1 ,abs22145
[1],[2],[2],[12],[1],[1] ,abs17296
[1],[4],[],[0],[1],[1] ,abs07560
[1],[],[2],[0],[],[1] ,abs14475
[1],[3],[],[],[1],[1] ,abs20112
[1],[4],[],[0],[],[0] ,abs05468
[1],[5],[1],[0],[1],[0] ,abs09739
[1],[6],[],[0],[],[1] ,abs08819
[1],[4 5 6],[1],[0],[],[0] ,abs05705
[1],[6],[2],[0],[],[0] ,abs04182
[1],[],[2],[],[1],[1] ,abs10713
[1],[4],[1],[0],[1],[1] ,abs11975
[1],[2],[2],[],[],[0] ,abs17456
1,4 6,2,[],0,1 ,abs14550
[0],[],[],[],[0],[1] ,abs17257
[1],[4],[1],[0],[1],[1] ,abs10738
[1],[0],[2],[0],[],[0] ,abs14595
[1],[1 2],[],[22],[1],[1] ,abs02799
[1],[2],[],[0],[1],[1] ,abs18846
[1],[],[],[0],[1],[1] ,abs20635
[1],[],[],[],[0],[1] ,abs20862
[0],[],[],[],[0],[1] ,abs00849
[1],[5 6],[],[0],[],[0] ,abs11303
[1],[6],[2],[0],[],[1] ,abs10310
[1],[4 5],[],[0],[],[0] ,abs12918
[1],[6],[2],[0],[1],[1] ,abs17278
[1],[6],[2],[0],[],[0] ,abs12417
1,4 5 6,1,0,1,1 ,abs21348
[1],[4 5 6],[1],[0],[],[0] ,abs07115
[1],[4 5 6],[],[0],[1],[1] ,abs13559
[1],[5],[],[0],[],[0] ,abs12680
1,4 5 6,1,0,1,1 ,abs16945
[1],[1 2],[],[],[],[0] ,abs03888
[0],[],[],[],[1],[1] ,abs01527
[1],[4 5],[],[0],[1],[0] ,abs07171
[1],[],[],[],[0],[1] ,abs08034
[1],[5],[1],[0],[1],[0] ,abs12227
[0],[],[],[],[1],[1] ,abs11253
1,2 3 6,1,0,0,1 ,abs19767
[1],[2],[],[],[],[0] ,abs06547
[1],[1 2],[],[],[1],[1] ,abs21714
[1],[7],[2],[0],[1],[1] ,abs04321
[1],[4 5],[1],[0],[],[0] ,abs07277
[1],[],[],[],[],[1] ,abs21589
[1],[4 5 6],[],[0],[],[0] ,abs16600
[1],[],[],[],[1],[1] ,abs19710
[1],[],[],[],[1],[1] ,abs00013
[1],[2],[],[3],[0],[1],abs00408
[1],[2],[],[0],[1],[1],abs20721
[],[],[],[],[1] ,abs02362
[1],[4],[],[0],[],[0] ,abs08072
[1],[5],[],[0],[],[0] ,abs15214
[1],[4 5 6],[2],[0],[],[0] ,abs12214
[0],[],[],[],[0],[1] ,abs00622
[1],[1 2],[],[],[],[0] ,abs08801
[1],[6],[2],[0],[],[0] ,abs06384
[1],[6],[],[],[0],[0] ,abs14518
[0],[],[],[],[1],[1] ,abs14321
[1],[6],[],[0],[],[0] ,abs00164
[1],[5 6],[],[0],[],[0] ,abs15061
1,4 5 6,[],[],1,1 ,abs20726
[0],[],[],[],[1],[1] ,abs10246
[0],[],[],[],[1],[1] ,abs01345
1,0,0,[],1,1 ,abs04981
[1],[2],[],[],[1],[1] ,abs01360
0,[],[],[],1,1 ,abs17891
1,3,2,[],1,1 ,abs03273
[1],[4 7],[],[0],[],[0] ,abs14948
[1],[5],[],[0],[],[0] ,abs16162
[1],[6],[2],[0],[],[0] ,abs16211
[1],[2],[],[26],[],[0] ,abs10486
[1],[],[],[0],[1],[1] ,abs13696
[1],[],[],[],[1],[1] ,abs14428
[1],[2],[2],[],[1],[1] ,abs00349
[1],[2],[2],[],[1],[1] ,abs04036
[0],[],[],[],[0],[1] ,abs04174
[1],[3 6],[2],[0],[],[0] ,abs15381
[1],[],[2],[],[1],[1] ,abs17729
[1],[4],[],[0],[],[0] ,abs08880
[0],[],[],[],[],[0] ,abs13333
[1],[],[],[0],[1],[1] ,abs03129
[1],[6],[0],[0],[],[0] ,abs03035
[1],[4 5 6],[],[0],[],[0] ,abs19503
[1],[],[2],[0],[1],[1] ,abs18295
1,3,0,0,1,1 ,abs19164
[1],[2],[2],[],[1],[1] ,abs03715
[0],[],[],[],[0],[1] ,abs02591
1,2,2,[],1,1 ,abs06919
[1],[2],[],[],[1],[1] ,abs08167
[1],[4 5],[],[0],[],[0] ,abs15205
[1],[],[],[],[1],[1] ,abs18292
[1],[4 6],[2],[0],[1],[1] ,abs14737
[0],[],[],[],[],[0] ,abs15962
[1],[],[2],[0],[1],[1] ,abs10692
[1],[],[],[],[0],[1] ,abs20340
[1],[4 5 6],[],[0],[1],[1] ,abs06107
[1],[4 5],[],[0],[],[0] ,abs15205
[1],[4 5 6],[1],[0],[1],[0] ,abs09742
[1],[4 6],[],[0],[1],[1] ,abs12228
[1],[],[],[0],[1],[1] ,abs05194
1,3,2,0,1,1 ,abs06175
[1],[6],[],[0],[],[0] ,abs18725
[1],[3],[],[0],[1],[0] ,abs12294
[1],[7],[],[0],[1],[1] ,abs18664
[1],[2],[2],[],[1],[1] ,abs10998
[0],[],[],[],[0],[1] ,abs06922
[1],[4 5 6],[],[],[],[0] ,abs15026
[0],[],[],[],[1],[1] ,abs18303
[1],[3 5 6],[],[0],[],[0] ,abs11586
[1],[1 2],[],[],[],[0] ,abs06830
[0],[],[],[],[0],[1] ,abs05206
1,2,2,3,1,1 ,abs18612
[1],[6],[2],[0],[1],[1] ,abs22080
[1],[6],[],[0],[1],[1] ,abs11998
[1],[5],[],[0],[],[0] ,abs04978
1,4 6 7,2,0,1,1 ,abs15472
1,4 6,1,[],1,1 ,abs16783
[1],[],[],[],[0],[1] ,abs22098
[0],[],[],[],[0],[1] ,abs10914
[0],[],[],[],[1],[1] ,abs15696
[1],[3],[],[0],[1],[1] ,abs18864
[0],[],[],[],[],[0] ,abs05086
[1],[6],[2],[0],[],[0] ,abs19657
[1],[4 5 6],[2],[0],[],[0] ,abs11396
[1],[4],[],[],[],[0] ,abs13393
[1],[4 5],[],[0],[],[0] ,abs02892
[1],[2],[],[],[1],[1] ,abs17726
[0],[],[],[],[0],[0] ,abs04950
1,3,2,[],1,1 ,abs19378
[1],[3],[],[0],[],[0] ,abs18971
1,2 6,2,3,1,1 ,abs18540
[1],[1 2],[],[],[1],[0] ,abs18757
[1],[6],[],[0],[],[0] ,abs21168
abs06048
[1],[6],[],[0],[0],[1] ,abs01684
[1],[2],[],[7],[1],[1] ,abs10508
[0],[],[],[],[],[0] ,abs13449
[1],[4 5 6],[],[0],[],[0] ,abs19296
[1],[6],[],[0],[],[0] ,abs09686
[1],[2],[],[],[1],[1] ,abs14162
[1],[4],[],[0],[1],[1] ,abs08675
[1],[],[],[],[0],[1] ,abs05250
[1],[6],[],[0],[],[0] ,abs21564
[1],[2],[],[],[1],[0] ,abs10852
[1],[3 4 5 6],[1],[0],[1],[1] ,abs20388
[1],[5 6],[2],[0],[],[0] ,abs16702
[1],[6],[2],[0],[],[0] ,abs05421
[1],[6],[],[0],[1],[1] ,abs13249
[1],[6],[],[0],[],[0] ,abs16542
[1],[4],[],[],[1],[1] ,abs04202
[1],[2],[],[18],[1],[1] ,abs02059
[1],[6],[2],[0],[],[0] ,abs07417
[1],[4 5],[2],[0],[],[0] ,abs17996
[1],[6],[2],[0],[],[1] ,abs11579
[1],[6],[],[0],[1],[1] ,abs20587
[1],[2],[],[0],[1],[1] ,abs21578
[1],[5 6],[1],[0],[1],[0] ,abs15765
[1],[5],[1],[0],[],[0] ,abs16873
[0],[],[],[],[1],[1] ,abs17109
[1],[],[],[0],[],[0] ,abs06921
[1],[],[],[0],[1],[1] ,abs13984
1,[],1,[],0,1 ,abs16680
[0],[],[],[],[0],[1] ,abs00713
[0],[],[],[],[0],[1] ,abs03217
[1],[1 2 6],[2],[],[1],[1] ,abs08327
[1],[4 6],[],[0],[],[0] ,abs09528
[0],[],[],[],[],[0] ,abs08026
[1],[6],[],[],[0],[1] ,abs21374
1,5 6,1,0,1,1 ,abs07617
[0],[],[],[],[1],[1] ,abs03252
[1],[4 5 6],[],[0],[],[0] ,abs09084
[1],[3],[2],[0],[],[0] ,abs03538
1,0,1,0,1,1 ,abs05189
[1],[2],[],[26],[],[0] ,abs18794
[1],[5 6],[],[0],[],[0] ,abs20229
[1],[6],[2],[],[1],[1] ,abs18937
[1],[4],[],[0],[1],[0] ,abs07215
1,2 3 6,2,[],1,1 ,abs17144
1,2,2,7,1,1 ,abs16072
[1],[4 5],[1],[0],[],[0] ,abs12759
[1],[0],[],[0],[1],[1] ,abs10281
[1],[4],[2],[0],[1],[1] ,abs09590
[1],[3],[],[],[1],[1] ,abs19751
1,2,2,[],1,1 ,abs16075
[1],[6],[],[0],[0],[1] ,abs02463
1,1 2 6,2,22 26 33,1,1 ,abs14382
[1],[4 5 6],[],[0],[],[0] ,abs14538
[0],[],[],[],[1],[1] ,abs18455
[0],[],[],[],[],[0] ,abs03462
[1],[2],[2],[12],[1],[1] ,abs18334
[1],[4 5],[],[0],[],[0] ,abs07483
[0],[],[],[],[0],[1] ,abs05044
[1],[],[],[0],[1],[1] ,abs10186
[1],[6],[2],[0],[],[0] ,abs00394
[1],[2],[],[18],[0],[1] ,abs14929
[1],[2],[],[0],[0],[1] ,abs21805
[1],[5],[],[0],[],[0] ,abs09042
[1],[2],[],[],[0],[1] ,abs04308
[0],[],[],[],[1],[1] ,abs03502
[1],[5],[1],[0],[1],[0] ,abs06310
[1],[2 3 4 5 6],[],[],[1],[1] ,abs16525
[1],[2],[],[3],[1],[1] ,abs10711
[1],[6],[2],[0],[],[0] ,abs09124
[0],[],[],[],[1],[1] ,abs02720
[1],[4 5 6],[1],[0],[],[0] ,abs07736
[0],[],[],[],[1],[1] ,abs02110
[1],[2],[],[3],[1],[1] ,abs06686
[1],[0],[2],[0],[1],[1] ,abs14446
[0],[],[],[],[0],[0] ,abs04666
[1],[],[],[],[1],[1] ,abs10518
[1],[2],[],[0],[1],[1] ,abs03093
[1],[6],[2],[0],[],[0] ,abs13408
[1],[4 6],[2],[0],[],[0] ,abs07422
[1],[4 6],[2],[0],[],[0] ,abs14656
[1],[2],[],[],[1],[1] ,abs21123
[1],[2],[1],[3],[0],[1] ,abs10462
[0],[],[],[],[0],[0] ,abs11028
[1],[3],[],[0],[],[0] ,abs18139
[1],[5 6],[],[0],[],[0] ,abs07918
[1],[2],[],[],[1],[1] ,abs18545
[0],[],[],[],[1],[1] ,abs13800
[1],[2],[],[],[],[0] ,abs01094
[0],[],[],[],[1],[1] ,abs01235
[1],[4],[2],[0],[1],[1] ,abs08105
[1],[6],[2],[0],[],[0] ,abs15209
[1],[3],[],[0],[],[0] ,abs19958
[0],[],[],[],[1],[1] ,abs01752
[1],[5 6],[1],[0],[],[0] ,abs05406
[1],[4 5],[],[0],[],[0] ,abs21210
[1],[6],[2],[0],[],[0] ,abs16800
[1],[6],[2],[0],[],[0] ,abs18786
[0],[],[],[],[],[0] ,abs21968
[1],[4 5 6],[],[0],[1],[1] ,abs15199
[1],[2],[2],[],[1],[1] ,abs21772
[1],[2],[],[22],[1],[1] ,abs11737
[1],[4 5 6],[],[0],[],[0] ,abs07445
[1],[5 6],[],[0],[],[0] ,abs09281
[1],[],[2],[],[1],[1] ,abs14210
[1],[4 5 6 7],[2],[0],[1],[1] ,abs11683
1,2,2,3,1,1 ,abs06554
[1],[4],[],[],[],[0] ,abs08020
1,4 5 6 7,2,0,1,1 ,abs19457
[1],[],[2],[],[1],[1] ,abs21757
[1],[4 5 6],[],[0],[1],[1] ,abs07459
[1],[6],[],[0],[],[0] ,abs06020
1,2,2,[],1,1 ,abs10338
[1],[],[2],[],[1],[0] ,abs10893
[1],[3],[2],[0],[1],[1] ,abs01348
[1],[6],[],[0],[],[0] ,abs12654
[0],[],[],[],[1],[1] ,abs03433
[0],[],[],[],[0],[0] ,abs02191
[1],[1 3 4 5 6],[2],[],[],[0] ,abs18635
[1],[2],[2],[],[1],[1] ,abs21715
[1],[1 2],[],[1 3 15 12 16 22 26 28 30 33 36],[],[0] ,abs04626
[1],[5 6],[1],[0],[],[0] ,abs16825
[1],[4],[2],[0],[],[0] ,abs08178
[1],[2],[],[],[],[0] ,abs05549
[1],[4 5 6],[2],[0],[1],[1] ,abs11022
[0],[],[],[],[1],[1] ,abs17440
1,4 5 6,2,[],1,1 ,abs08432
[1],[4 5 6],[1],[0],[],[0] ,abs19000
[1],[],[],[],[],[0] ,abs04822
[1],[6],[],[0],[],[0] ,abs11911
[1],[1 2],[],[22],[1],[1] ,abs04015
[1],[6],[],[0],[],[0] ,abs20818
[1],[6],[],[0],[],[0] ,abs18095
[0],[],[],[],[],[0] ,abs08704
[1],[2],[],[0],[0],[1] ,abs05282
[1],[3],[],[0],[1],[1] ,abs08765
[0],[],[],[],[1],[1] ,abs02877
[1],[6],[],[0],[],[0] ,abs03163
[0],[],[],[],[0],[0] ,abs04788
[1],[6],[2],[0],[],[0] ,abs08645
[0],[],[],[],[1],[1] ,abs17298
[1],[4 5 6],[1],[0],[],[0] ,abs07341
[0],[],[],[],[],[0] ,abs08540
[1],[6],[2],[0],[],[0] ,abs18763
[1],[1 2],[],[26],[1],[1] ,abs21991
[1],[3],[],[0],[1],[1] ,abs21545
[0],[],[],[],[0],[1] ,abs05095
[0],[],[],[],[],[0] ,abs15022
[1],[5],[1],[0],[],[0] ,abs05329
[1],[6],[],[],[1],[0] ,abs21162
[1],[],[],[],[0],[1] ,abs17969
[0],[],[],[],[0],[1] ,abs03647
[1],[6],[2],[0],[],[0] ,abs07549
[1],[4 5 6],[],[0],[],[0] ,abs09393
[1],[4],[],[0],[],[0] ,abs08601
1,0,0,0,1,1 ,abs20209
[1],[],[],[0],[0],[1] ,abs01281
[1],[4 5 6],[],[0],[],[0] ,abs08858
[1],[6],[2],[0],[],[0] ,abs12926
[1],[4 6 7],[],[0],[1],[1] ,abs15326
[1],[4 5 6 7],[2],[0],[],[0] ,abs10791
[1],[0],[],[0],[1],[1] ,abs01101
[1],[1],[],[],[],[1] ,abs21882
[1],[6],[2],[0],[],[0] ,abs11264
[1],[6],[2],[0],[1],[1] ,abs16853
[1],[4 5 6],[2],[0],[],[0] ,abs10960
[1],[2],[],[0],[0],[1] ,abs06428
[1],[2 3],[],[],[1],[1] ,abs03642
[0],[],[],[],[0],[1] ,abs00125
[1],[],[],[],[],[0] ,abs01557
[0],[],[],[],[1],[1] ,abs02894
[1],[4],[],[0],[],[0] ,abs13385
1,2,2,16,1,1 ,abs06450
[1],[5 6],[],[0],[],[0] ,abs06031
[0],[],[],[],[],[0] ,abs13337
[1],[],[],[],[0],[1] ,abs20782
[0],[],[],[],[0],[1] ,abs21361
[1],[2],[],[0],[0],[1] ,abs17244
[1],[4 5 6],[],[0],[],[0] ,abs08507
[1],[2],[2],[0],[1],[1] ,abs20743
[1],[4 5],[],[0],[],[0] ,abs12913
[1],[4],[],[],[],[0] ,abs09351
1,2,2,[],1,1 ,abs20402
[0],[],[],[],[],[0] ,abs03840
[0],[],[],[],[1],[1] ,abs21453
[1],[4 5 6],[],[0],[],[0] ,abs10979
[1],[4 5 6],[],[0],[],[0] ,abs16917
[0],[],[],[],[0],[1] ,abs01939
[3],[1],[0],[1],[1] ,abs01916
[1],[6],[2],[0],[],[0] ,abs16792
[1],[5],[],[0],[1],[0] ,abs12220
[1],[3],[],[],[1],[1] ,abs13594
[1],[6],[2],[0],[1],[1] ,abs00017
[1],[2],[],[0],[0],[1] ,abs05074
[6],[],[0],[],[0] ,abs20218
[0],[],[],[],[0],[1] ,abs09221
[1],[5 6],[],[0],[],[0] ,abs16221
[1],[4 5 6],[],[18],[1],[1] ,abs20995
[1],[5],[1],[0],[],[0],abs15673
[1],[2],[2],[],[],[0] ,abs21360
[1],[1 2],[],[],[],[0] ,abs05873
[1],[4 6],[2],[0],[],[0] ,abs11127
[1],[5 6],[],[0],[1],[1] ,abs11188
[0],[],[],[],[0],[1] ,abs17457
[1],[6],[1],[0],[1],[1] ,abs02214
[1],[6],[],[0],[],[0] ,abs12341
[0],[],[],[],[],[0] ,abs11041
[1],[4 6],[],[0],[],[0] ,abs11866
[1],[4 6],[],[0],[],[0] ,abs12423
[1],[4 5 6],[],[],[],[0] ,abs20792
[0],[],[],[],[1],[1] ,abs02992
[0],[],[],[],[1],[1] ,abs13889
[1],[2],[],[],[0],[1] ,abs09875
1,2,2,3,1,1 ,abs10636
[1],[6],[],[0],[0],[1] ,abs10405
[1],[4 5 6],[],[0],[],[0] ,abs13025
[1],[2],[],[],[1],[1] ,abs00455
1,3,2,0,1,1 ,abs20817
1,6,1,[0],1,1 ,abs19836
[1],[4 5 6],[],[0],[],[1] ,abs21472
[1],[3 6],[],[],[1],[1] ,abs02329
[1],[5],[],[0],[],[0] ,abs01549
[1],[4 5 6],[],[0],[],[0] ,abs12782
[0],[],[],[],[1],[1] ,abs18380
[1],[7],[],[0],[],[0] ,abs12833
1,2 7,1,0,1,1 ,abs20543
[1],[4 5 6],[],[0],[],[0] ,abs18723
[1],[2],[],[],[],[1] ,abs09648
[0],[],[],[],[1],[1] ,abs14097
[1],[6],[2],[0],[],[0],abs15223
[1],[],[2],[0],[1],[1] ,abs06931
[1],[5],[],[0],[],[0] ,abs17997
[1],[4],[],[0],[1],[1] ,abs17823
[1],[5 6],[],[0],[],[0] ,abs11882
[1],[4],[],[0],[],[1] ,abs15149
[1],[6],[],[0],[],[0] ,abs00037
[1],[4],[],[0],[0],[1] ,abs11490
[1],[5],[],[0],[],[0] ,abs07882
[1],[],[2],[0],[],[0] ,abs20311
[1],[5 6],[1],[0],[],[0] ,abs08606
[1],[3],[1],[0],[],[0] ,abs19107
[0],[],[],[],[0],[1] ,abs18460
[0],[],[],[],[1],[1] ,abs21907
[1],[5],[1],[0],[],[0] ,abs08726
[0],[],[],[],[1],[1] ,abs04493
[1],[4 5],[],[0],[],[0] ,abs15219
[0],[],[],[],[0],[1] ,abs04883
[0],[],[],[],[1],[1] ,abs17115
[1],[2],[],[],[0],[1] ,abs17080
[1],[4 5 6],[],[0],[],[0] ,abs07442
[1],[5 6],[],[0],[],[0] ,abs07595
[1],[1 2],[],[7],[1],[1] ,abs06455
[1],[6],[],[0],[],[0] ,abs20619
[1],[4 5 6],[],[0],[],[1] ,abs16863
1,[],2,[],1,1 ,abs17871
[1],[0],[2],[0],[1],[1] ,abs17775
[1],[5],[1],[0],[1],[0] ,abs15274
[1],[2],[],[],[1],[1] ,abs17369
[1],[6],[1],[0],[1],[1] ,abs02341
[1],[4 5 6],[],[0],[],[0] ,abs06119
[1],[],[],[],[0],[1] ,abs21764
[0],[],[],[],[],[0] ,abs01157
[1],[2],[],[],[1],[1] ,abs08343
[1],[4 5 6],[],[],[],[0] ,abs21097
[1],[2],[],[41],[],[0] ,abs20355
[1],[],[],[0],[1],[1] ,abs14318
[1],[2],[],[0],[1],[1] ,abs21994
[1],[4 5 6],[],[0],[],[0] ,abs16312
[1],[],[],[],[1],[1] ,abs17162
[1],[6],[],[0],[1],[0] ,abs15083
[1],[5],[1],[0],[],[0] ,abs06255
[1],[6],[2],[0],[],[0] ,abs10996
[0],[],[],[],[0],[1] ,abs18487
[1],[6],[],[0],[],[0] ,abs11568
[1],[6],[],[0],[1],[1] ,abs12233
[1],[2],[],[],[1],[1] ,abs06621
[1],[1 2],[2],[9],[1],[0] ,abs17083
[1],[2],[],[],[1],[1] ,abs20121
[1],[4 5 6 7],[],[0],[1],[1] ,abs05972
[0],[],[],[],[],[0] ,abs18119
[1],[0],[0],[0],[0],[1] ,abs21913
1,2,2,[],1,1 ,abs17530
[1],[1 2],[],[],[],[0] ,abs10822
[1],[4],[],[0],[1],[1] ,abs15596
[1],[4],[2],[0],[],[0] ,abs20870
1,2,2,[],1,1 ,abs10485
[1],[5],[],[0],[],[0] ,abs11985
[1],[4 5],[],[0],[1],[1] ,abs14501
[1],[6],[],[0],[1],[1] ,abs17629
[1],[1 2],[2],[],[1],[1] ,abs09981
[0],[],[],[],[1],[1] ,abs00716
[1],[4],[],[0],[],[0] ,abs12097
[1],[4 5 6],[],[0],[],[0] ,abs07959
[1],[],[],[0],[1],[1] ,abs18447
1,6,0,0,1,0 ,abs01136
[0],[],[],[],[0],[1] ,abs02855
[1],[],[],[],[0],[1] ,abs01223
[1],[4 6 7],[],[0],[],[0] ,abs12844
[1],[6],[2],[0],[],[0] ,abs11032
[0],[],[],[],[],[0] ,abs00624
[1],[6],[2],[0],[1],[1] ,abs03814
[1],[5],[2],[0],[1],[1] ,abs02589
[1],[4 5],[],[0],[1],[1] ,abs05843
[1],[],[],[],[0],[1] ,abs01053
[1],[6],[2],[0],[],[0] ,abs09815
[1],[4 5 6],[],[0],[],[0] ,abs07478
[1],[6],[1],[0],[],[0] ,abs08740
[1],[4 6],[2],[0],[],[0] ,abs13006
[1],[4],[],[],[1],[1] ,abs10902
[1],[4 5 6],[],[0],[],[0] ,abs06297
[1],[],[2],[],[1],[1] ,abs09974
[1],[],[2],[],[1],[1] ,abs02557
[1],[2],[],[],[1],[1] ,abs21735
[1],[5 6],[],[],[],[0] ,abs08113
[1],[2],[],[],[1],[1] ,abs11055
[1],[5],[],[0],[],[0] ,abs07779
[0],[],[],[],[1],[1] ,abs16218
[1],[2],[],[],[0],[0] ,abs03083
[1],[],[],[],[1],[1] ,abs02230
[1],[4 5],[1],[0],[],[0] ,abs16309
[1],[6],[2],[0],[],[0] ,abs08818
[1],[4 5 6],[2],[0],[],[0] ,abs07131
[1],[4],[],[0],[],[0] ,abs09721
[1],[],[2],[],[1],[1] ,abs17731
[1],[6],[],[0],[],[0] ,abs08605
[1],[2],[],[2],[1],[1] ,abs08114
[1],[6],[],[0],[],[0] ,abs16506
[1],[3],[],[0],[1],[1] ,abs20454
[1],[],[],[],[0],[0] ,abs00060
[1],[6],[2],[0],[],[0] ,abs15583
1,1 2,2,7,1,0  ,abs00359
[1],[4 5 6 7],[2],[0],[],[0] ,abs12151
[1],[6],[],[0],[1],[1] ,abs10316
[1],[6],[],[0],[],[0] ,abs03686
[1],[6],[],[0],[],[1] ,abs17907
[1],[],[2],[0],[],[1] ,abs10613
[1],[5 6 7],[2],[0],[],[0] ,abs08458
[1],[4 5 6],[],[],[0],[1] ,abs19485
[1],[6],[],[0],[1],[0] ,abs09610
[1],[3],[],[0],[],[0] ,abs12418
[0],[],[],[],[],[0] ,abs16646
[1],[6],[1],[0],[],[0] ,abs16459
[1],[5],[],[0],[],[0] ,abs17980
[1],[4 5 6],[],[],[],[0] ,abs09529
[1],[6],[],[0],[],[0] ,abs19472
[1],[4 5 6],[1],[0],[1],[0] ,abs05481
[0],[],[],[],[0],[1] ,abs02535
[1],[4 5 6],[2],[0],[1],[1] ,abs12739
[0],[],[],[],[1],[1] ,abs02888
[1],[5],[1],[0],[],[0] ,abs15413
[1],[6],[],[0],[1],[1] ,abs02993
[1],[6],[2],[0],[],[0] ,abs09676
[1],[3],[],[0],[],[0] ,abs20627
[1],[],[2],[0],[1],[1] ,abs13641
[1],[4 7],[2],[0],[],[0] ,abs17923
[1],[3 6],[],[0],[1],[1] ,abs03871
[1],[4],[],[0],[1],[1] ,abs02409
[0],[],[],[],[1],[1] ,abs19726
[0],[],[],[],[1],[1] ,abs19847
[1],[4 6],[2],[0],[],[0] ,abs15493
[0],[],[],[],[1],[1] ,abs14333
[1],[6],[2],[0],[1],[1] ,abs14418
1,3,2,[0],[],1 ,abs19001
[1],[1 2],[],[],[1],[1] ,abs22110
[0],[],[],[],[],[0] ,abs04475
[1],[4],[2],[0],[1],[1] ,abs15822
[1],[4],[2],[0],[0],[1] ,abs21228
[1],[3],[],[0],[1],[1] ,abs19434
[1],[4 6],[2],[0],[],[0] ,abs07686
[1],[5 6],[],[0],[],[0] ,abs12336
[1],[4],[],[0],[],[0] ,abs16920
[1],[6],[],[0],[1],[1] ,abs02824
[1],[5 6],[],[0],[],[0] ,abs15366
[1],[6],[],[0],[0],[1] ,abs20159
[1],[4 5],[],[0],[],[0] ,abs07596
[1],[4],[2],[],[0],[1] ,abs13379
[1],[2],[2],[],[1],[1] ,abs19708
[1],[4 5 6],[],[0],[1],[1] ,abs19442
[0],[],[],[],[1],[1] ,abs00172
[1],[2],[],[],[1],[1] ,abs17550
[1],[2],[],[],[],[0] ,abs00670
[1],[5],[1],[0],[],[0] ,abs16625
[1],[4 6],[],[0],[1],[1] ,abs19489
[1],[2],[],[],[1],[0] ,abs17898
[1],[6],[2],[0],[],[0] ,abs07759
[0],[],[],[],[0],[1] ,abs03978
1,2 4 6,2,3,1,1 ,abs21158
[1],[6],[],[0],[],[0] ,abs03708
[1],[6],[],[0],[1],[1] ,abs20794
1,[],2,[],1,1 ,abs10333
1,6,1,0,1,1 ,abs04908
[1],[4 5],[1],[0],[],[0] ,abs08679
[1],[2],[2],[],[1],[1] ,abs06563
[1],[4 6],[2],[0],[1],[1] ,abs08624
[0],[],[],[],[1],[1] ,abs00446
[1],[4 5 6],[],[0],[],[0] ,abs11528
[1],[4 5 6],[],[0],[],[0] ,abs19312
[1],[6],[2],[0],[],[0] ,abs21285
1,[],[],[],1,1 ,abs04057
[1],[3 4 6],[2],[0],[],[0] ,abs11342
[0],[],[],[],[],[0] ,abs17888
[1],[6],[2],[0],[],[0],abs09147
[1],[2],[],[0],[1],[1] ,abs01958
[1],[2 3],[],[],[1],[0] ,abs04738
[1],[6],[],[0],[],[0] ,abs04515
[1],[],[],[0],[],[0] ,abs03219
[1],[6],[2],[0],[],[0] ,abs08534
[1],[2],[],[],[1],[1] ,abs10245
[0],[],[],[],[0],[1] ,abs04152
[1],[5],[],[0],[],[0] ,abs14846
[1],[4 5 6 7],[],[0],[],[0] ,abs08724
[1],[4 5 6],[2],[0],[],[0] ,abs06019
[1],[4 5],[],[0],[],[0] ,abs13609
[1],[3],[2],[0],[1],[1] ,abs20777
[1],[6],[],[0],[],[0] ,abs00635
[1],[],[2],[0],[1],[1] ,abs22157
[1],[4 5],[],[0],[],[0] ,abs14580
[1],[4],[2],[],[],[0] ,abs13150
[1],[2],[2],[0],[],[1] ,abs04200
[1],[5 6],[],[],[1],[1] ,abs13528
[1],[6],[],[0],[1],[1] ,abs04415
[1],[2],[],[],[1],[1] ,abs18256
1,6,1,0,1,1 ,abs16764
[1],[],[],[0],[1],[1] ,abs14107
[1],[6],[],[0],[],[0] ,abs14790
[0],[],[],[],[0],[1] ,abs02810
[1],[],[],[0],[],[0] ,abs15725
[1],[6],[2],[0],[],[0] ,abs12508
[1],[4 5],[],[0],[],[0] ,abs07723
[1],[4],[2],[0],[],[1] ,abs01993
[1],[4 5],[1],[0],[1],[0] ,abs08282
[1],[],[2],[0],[],[0] ,abs06415
[1],[4],[],[],[0],[1] ,abs10806
[1],[5],[2],[0],[],[0] ,abs07427
[1],[2],[],[],[0],[0] ,abs02766
[1],[5],[1],[0],[],[0] ,abs11254
[1],[5],[],[0],[],[0] ,abs10803
[1],[4 5 6],[2],[0],[],[0] ,abs21303
[0],[],[],[],[0],[1] ,abs00870
1,3,2,[],1,1 ,abs22242
[1],[4 5 6 7],[1],[0],[],[0] ,abs08713
[1],[],[2],[0],[1],[1] ,abs22039
[1],[2],[],[0],[0],[1] ,abs03131
[1],[],[],[0],[1],[1] ,abs02192
[1],[6],[1],[0],[],[0] ,abs16100
[1],[],[2],[0],[1],[1] ,abs10536
1,4 5 6,2,[0],[],1 ,abs08411
[1],[3],[2],[0],[],[0] ,abs16073
[1],[6],[],[],[1],[0] ,abs05732
[1],[1 2],[],[],[1],[0] ,abs17222
[0],[],[],[],[1],[1] ,abs17506
[1],[3],[],[0],[],[0] ,abs01013
[1],[6],[],[0],[1],[0] ,abs09848
[1],[4],[],[0],[],[0] ,abs13435
[1],[4 5 6],[],[0],[],[0] ,abs12781
[1],[4 5 6],[],[0],[],[0] ,abs00482
[1],[],[2],[0],[1],[1] ,abs06546
[1],[4 5 6],[1],[0],[],[1] ,abs07526
[1],[4 5],[],[0],[],[0] ,abs06122
[0],[],[],[],[0],[1] ,abs02393
[1],[5 6],[2],[0],[],[0] ,abs07174
[1],[6],[],[0],[0],[1] ,abs07817
[1],[],[2],[0],[],[0] ,abs05036
1,3,0,0,1,1 ,abs19128
[1],[4 5],[1],[0],[],[0] ,abs13219
[0],[],[],[],[0],[1] ,abs18231
[1],[6],[2],[],[1],[0] ,abs14207
[1],[],[],[0],[1],[1] ,abs04879
[1],[4 6],[2],[0],[],[0] ,abs07940
[1],[],[2],[],[1],[1] ,abs01324
[0],[],[],[],[0],[1] ,abs00468
[1],[6],[],[0],[],[0] ,abs16273
[1],[6],[2],[0],[],[0] ,abs09377
[1],[4 5 6],[],[0],[],[0] ,abs05947
[1],[4 5 6],[1],[0],[1],[1] ,abs09631
[1],[6],[],[0],[],[0] ,abs19292
1,4 5 6,2,0,1,1 ,abs08187
[1],[4 5],[],[0],[],[0] ,abs15880
[1],[2],[],[],[0],[1] ,abs17228
[1],[],[2],[0],[1],[1] ,abs17358
[1],[4 5 6],[2],[0],[1],[1] ,abs05473
[1],[4 5 6],[1],[0],[],[0] ,abs15002
[1],[4],[],[],[1],[1] ,abs00881
[1],[5],[1],[0],[],[0] ,abs11019
[1],[2],[],[],[1],[1] ,abs10127
[1],[6],[],[0],[],[0] ,abs18120
[1],[2],[],[0],[1],[1] ,abs21953
[0],[],[],[],[0],[1] ,abs00169
[1],[5],[2],[0],[],[0] ,abs08099
[1],[5 6],[],[0],[],[0] ,abs19255
[1],[],[2],[0],[1],[1] ,abs17718
[1],[5],[],[0],[],[0] ,abs15687
[1],[],[],[0],[1],[1] ,abs17617
[1],[6],[],[0],[],[0] ,abs12281
[1],[4 5 6 7],[],[0],[1],[1] ,abs18634
[1],[5],[2],[0],[],[0] ,abs14621
[1],[6],[],[0],[1],[1] ,abs04180
1,[],2,[],1,1 ,abs02328
[1],[],[],[],[0],[0] ,abs21433
[1],[2],[],[],[0],[1] ,abs18562
[1],[2],[],[40],[1],[1] ,abs18456
[1],[6],[],[0],[],[0] ,abs20077
[1],[4 5],[],[0],[],[0] ,abs09398
[1],[2],[],[],[0],[1] ,abs02996
[1],[4 5 6],[],[0],[],[0] ,abs09213
[1],[6],[],[],[0],[1] ,abs19516
[0],[],[],[],[],[0] ,abs16528
[1],[6],[2],[0],[],[0] ,abs11766
[1],[6],[2],[0],[],[0] ,abs12868
[1],[],[],[0],[],[0] ,abs21982
[1],[],[],[],[1],[1] ,abs17070
[1],[5 6],[2],[0],[],[0] ,abs06347
[1],[5],[2],[0],[],[0] ,abs16173
[0],[],[],[],[1],[1] ,abs17426
[1],[4],[],[0],[1],[1] ,abs16144
[1],[2],[],[14],[1],[1] ,abs06483
[0],[],[],[],[0],[1] ,abs03924
[1],[2],[],[],[0],[1] ,abs06452
[1],[5],[1],[0],[],[0] ,abs18714
[1],[],[2],[0],[],[0] ,abs02863
[1],[4 5 6],[2],[0],[],[0] ,abs13235
[1],[3],[],[0],[],[0] ,abs20641
[1],[5],[],[0],[],[0] ,abs11862
[0],[],[],[],[1],[1] ,abs17806
[1],[1 2],[],[],[1],[0] ,abs00942
1,2,2,3,1,1 ,abs09944
[1],[3],[],[0],[1],[0] ,abs10334
1,2,2,3,1,1 ,abs06661
[1],[4],[],[3],[0],[0] ,abs16891
[1],[2],[],[],[1],[1] ,abs02067
[0],[],[],[],[1],[0] ,abs00274
[1],[4 6 7],[2],[0],[],[0] ,abs20999
[1],[],[],[],[],[1] ,abs04434
[0],[],[],[],[],[0] ,abs18050
[0],[],[],[],[1],[1] ,abs10606
[1],[6],[2],[0],[],[1] ,abs14865
[1],[5 6],[1],[0],[1],[1] ,abs21027
[1],[0],[],[0],[],[0] ,abs02597
[1],[1 2 4 5 6],[],[],[1],[1] ,abs01334
[0],[],[],[],[1],[1] ,abs08986
[1],[4 5],[1],[0],[1],[0] ,abs17865
[1],[4 5],[],[0],[],[0] ,abs16583
[1],[6],[1],[0],[],[0] ,abs08807
[1],[4 5 6],[2],[0],[],[0] ,abs15224
[1],[7],[],[0],[],[0] ,abs07477
[0],[],[],[],[1],[1] ,abs02944
[1],[6],[],[0],[0],[1] ,abs05147
[1],[5],[1],[0],[],[0] ,abs07731
[1],[],[],[0],[],[0] ,abs02546
[1],[2],[],[26],[1],[1] ,abs00318
[1],[4 5 6],[2],[0],[],[1] ,abs21274
[1],[4 5 6],[],[0],[],[0] ,abs06163
[1],[6],[],[0],[],[0] ,abs15820
[1],[5],[1],[0],[],[0] ,abs07441
[1],[7],[],[0],[],[0] ,abs01008
[1],[4 5],[1],[0],[],[0] ,abs14805
[1],[5],[],[0],[],[0] ,abs10745
[1],[2 3 5 6],[],[16],[],[0] ,abs11600
[1],[2],[],[],[1],[0] ,abs12441
[1],[5 6],[2],[0],[],[0],abs15095
[1],[2],[],[31],[1],[1] ,abs22150
[1],[1 2],[],[],[1],[1] ,abs06895
[1],[6],[],[],[],[0] ,abs20342
[1],[],[],[],[0],[1] ,abs06466
[1],[3],[2],[0],[1],[1] ,abs18925
[1],[6],[],[0],[1],[1] ,abs20094
[1],[2],[],[],[1],[1] ,abs19852
[1],[],[2],[0],[1],[1] ,abs14387
[1],[],[],[0],[1],[1] ,abs22118
[0],[],[],[],[1],[1] ,abs02598
[1],[6],[],[0],[1],[1] ,abs11560
[1],[1 2],[],[],[1],[1] ,abs03049
[1],[2],[2],[26],[1],[1] ,abs01452
[1],[2],[2],[],[1],[1] ,abs22155
[1],[7],[],[0],[1],[1] ,abs19768
[1],[4 5 6],[],[0],[],[0] ,abs08871
[1],[2],[],[],[0],[1] ,abs18145
[1],[1 2],[],[9],[1],[0] ,abs01817
[1],[],[],[],[1],[1] ,abs13780
[0],[],[],[],[0],[0] ,abs04297
[1],[4 5],[],[0],[1],[0] ,abs07176
[1],[5],[],[0],[],[0] ,abs20568
[1],[6],[],[0],[1],[1] ,abs10627
[1],[7],[],[0],[1],[1] ,abs19091
[0],[],[],[],[0],[1] ,abs02420
[1],[2],[],[],[0],[1] ,abs03339
[1],[6],[],[0],[1],[1] ,abs04315
[1],[2],[],[],[1],[1] ,abs20700
[1],[],[],[0],[1],[1] ,abs05683
[1],[4 5 6],[1],[0],[],[0] ,abs15520
[1],[4 5 6],[],[0],[],[0] ,abs17831
[1],[],[],[0],[],[0] ,abs20820
[1],[2],[],[7],[1],[0] ,abs05093
[1],[5 6],[],[0],[],[0] ,abs07476
[1],[1 2],[],[26],[1],[1] ,abs21672
[1],[6],[],[0],[1],[1] ,abs21227
[1],[6],[],[0],[],[0] ,abs07244
[0],[],[],[],[0],[1] ,abs15836
[1],[],[],[],[0],[1] ,abs05256
[1],[6],[],[0],[],[0] ,abs08055
[1],[6],[2],[0],[],[0] ,abs05208
[1],[4 5 6],[],[0],[],[0] ,abs05301
[1],[6],[],[],[1],[1] ,abs04807
[0],[],[],[],[1],[1] ,abs21541
[1],[6],[2],[0],[],[0] ,abs07301
[1],[1 2],[],[14 22],[1],[1] ,abs20417
[1],[6],[2],[0],[],[0] ,abs04067
[1],[4],[],[0],[1],[1] ,abs08737
[1],[4 5 6],[],[0],[],[0] ,abs07529
[1],[4 5],[1],[0],[],[0] ,abs13440
[1],[4 5 6],[],[0],[],[0] ,abs05682
[1],[6 7],[],[0],[],[0] ,abs15898
[1],[6],[2],[0],[],[0] ,abs05653
[1],[6],[],[0],[],[0] ,abs11556
[1],[4 5 6],[2],[],[],[0] ,abs15291
[0],[],[],[],[1],[1] ,abs02410
[0],[],[],[],[1],[1] ,abs00216
[0],[],[],[],[0],[0] ,abs10169
[1],[],[],[],[0],[1] ,abs01536
[1],[5],[],[0],[],[1] ,abs05514
1,4 6 7,1,0,1,1 ,abs10866
[1],[6],[2],[0],[],[1] ,abs20070
1,3,2,[],1,1 ,abs04526
[1],[4 5 6],[2],[0],[1],[0] ,abs07206
[0],[],[],[],[1],[1] ,abs01768
[1],[4 5 6],[1],[0],[],[0] ,abs08148
[1],[3],[],[],[1],[0] ,abs19357
[1],[2],[],[16],[1],[1] ,abs04050
[1],[6],[2],[0],[1],[1] ,abs18942
1,2,2,18,1,1 ,abs16439
1,2,2,[],[],0 ,abs06970
[1],[],[],[],[0],[1] ,abs21659
[1],[4 6],[],[0],[1],[1] ,abs12965
[1],[5],[1],[0],[1],[0] ,abs13586
[1],[1 2],[],[],[1],[1] ,abs06668
[1],[6],[],[0],[],[0] ,abs06125
[0],[],[],[],[0],[0] ,abs09455
[1],[],[],[0],[],[1] ,abs09978
[1],[2],[],[],[1],[1] ,abs14096
1,2,2,[],1,1 ,abs22123
[1],[4 5],[],[],[],[0] ,abs08503
[1],[5],[],[0],[],[0],abs01699
[1],[5 6],[2],[0],[],[0] ,abs13342
[0],[],[],[],[0],[1] ,abs05011
[1],[5],[],[0],[],[0] ,abs06035
[1],[5],[1],[0],[1],[1] ,abs15899
[1],[],[],[0],[],[0] ,abs19507
[0],[],[],[],[1],[1] ,abs18318
1,2,2,3,1,1 ,abs13805
[0],[],[],[],[1],[1] ,abs02159
[1],[5 6],[],[0],[],[0] ,abs09350
[1],[],[2],[0],[1],[1] ,abs10643
[0],[],[],[],[],[0] ,abs16844
[1],[4 5 6 7],[],[0],[],[0] ,abs12560
[0],[],[],[],[],[0] ,abs02174
[1],[5],[],[0],[],[0] ,abs03964
[1],[4 5 6],[],[0],[],[0] ,abs21363
[1],[],[2],[],[0],[0] ,abs12464
[1],[],[],[],[1],[1] ,abs10541
[1],[4 6],[2],[0],[],[0] ,abs21100
[1],[2],[2],[12],[],[0] ,abs01814
[1],[6],[],[0],[1],[1] ,abs11002
[1],[4 5 6],[],[0],[0],[1] ,abs16872
[1],[2],[],[3],[1],[1] ,abs14266
[1],[6],[],[0],[],[0] ,abs08626
[1],[],[],[0],[0],[1] ,abs20557
[1],[4 5 6],[],[0],[],[0] ,abs14505
[1],[4 5 6],[],[],[],[0] ,abs21131
[0],[],[],[],[0],[1] ,abs02386
[1],[],[2],[],[1],[1] ,abs18285
[1],[3],[],[0],[1],[1] ,abs00760
[1],[5 6],[],[0],[],[0] ,abs12455
[1],[],[],[],[1],[1] ,abs13793
[1],[4 5 6],[],[0],[1],[0] ,abs09833
[1],[5],[2],[0],[],[0] ,abs15301
[1] ,[3] ,[2] ,[0] ,[1] ,[1],abs03065
[0],[],[],[],[1],[1] ,abs18482
[1],[],[],[0],[1],[1] ,abs03711
[1],[6],[2],[0],[],[1] ,abs11526
[1],[4],[],[0],[1],[1] ,abs01584
[1],[],[],[],[],[0] ,abs17200
[1],[4 6],[],[0],[],[0] ,abs11023
[1],[2],[2],[],[1],[1] ,abs01353
[1],[2],[2],[],[1],[1] ,abs08974
[1],[5],[],[],[1],[0] ,abs17766
[1],[6],[],[0],[1],[1] ,abs17879
[0],[],[],[],[1],[1] ,abs10945
[1],[4],[],[0],[1],[1] ,abs16694
[1],[2],[],[],[1],[1] ,abs00025
[1],[4],[],[0],[0],[1] ,abs20235
[1],[4 5 6],[2],[0],[],[1] ,abs14671
[1],[],[],[0],[1],[1] ,abs10102
[1],[5],[],[0],[],[0] ,abs16657
[1],[],[],[0],[1],[1] ,abs14221
[1],[2],[],[],[1],[1] ,abs10029
[0],[],[],[],[1],[1] ,abs04999
[0],[],[],[],[0],[1] ,abs01403
[1],[4 5 6],[1],[0],[],[0] ,abs10841
[1],[5],[],[0],[],[0] ,abs11768
[1],[3],[],[],[1],[1] ,abs19667
[1],[6],[],[0],[],[0] ,abs12184
[1],[4 5 6],[],[0],[],[0] ,abs15556
[1],[2],[],[],[1],[1] ,abs10007
[1],[4 5],[],[0],[],[0] ,abs15296
[1],[],[2],[0],[1],[1] ,abs10522
1,4 5,1,0,1,1 ,abs09901
[1],[5 6],[],[0],[],[0] ,abs16498
[0],[],[],[],[],[0] ,abs17943
[1],[4 5],[],[],[],[0] ,abs15745
[1],[4 5 6],[],[0],[],[0] ,abs18769
[1],[1 2],[],[14 22 26 30 33 36 39],[1],[0] ,abs16024
[1],[3],[2],[0],[],[0] ,abs21385
[1],[6],[2],[0],[],[0] ,abs12401
[1],[2],[],[16],[1],[1] ,abs21516
[1],[1 2],[],[],[1],[1] ,abs21476
[1],[2],[2],[0],[0],[1] ,abs04971
[0],[],[],[0],[1] ,abs04824
[0],[],[],[],[0],[0] ,abs15001
[1],[1 2],[],[],[],[1] ,abs07982
[1],[2],[],[],[],[0] ,abs08214
[1],[2],[2],[0],[0],[1] ,abs06612
[1],[3],[],[0],[1],[1] ,abs08570
[1],[1 2],[2],[],[1],[0] ,abs15129
[1],[4 6],[1],[0],[],[0] ,abs09593
1,6,2,[],1,1 ,abs00280
[1],[5 6],[],[0],[],[0] ,abs10921
[1],[1 2 4 5 6],[],[],[],[0] ,abs15142
[1],[2],[2],[],[1],[1] ,abs18916
[1],[],[],[0],[],[0] ,abs09583
[1],[6],[],[],[0],[0] ,abs08124
[1],[5],[],[0],[],[0] ,abs08340
[1],[6],[],[],[1],[1] ,abs10530
[0],[],[],[],[0],[1] ,abs03342
[1],[3],[],[0],[],[0] ,abs04965
1,[],0,[],1,1 ,abs20838
[1],[],[],[],[],[0] ,abs00864
[1],[],[],[],[0],[1] ,abs22161
1,5,1,0,1,1 ,abs21880
[1],[6],[],[],[1],[1] ,abs15893
[1],[5],[],[0],[],[0] ,abs17527
[1],[5],[1],[0],[],[0] ,abs10805
[1],[3],[1],[0],[],[0] ,abs03235
[0],[],[],[],[0],[0] ,abs03555
[1],[2],[2],[0],[1],[1] ,abs04605
[1],[2],[],[],[1],[1] ,abs10532
[1],[3],[2],[0],[],[1] ,abs00502
[1],[5],[],[0],[],[0] ,abs06339
[1],[3],[],[0],[],[0] ,abs16700
[1],[6],[],[0],[1],[1] ,abs00709
[1],[5 6],[1],[0],[],[0] ,abs16200
[1],[6],[],[0],[],[0] ,abs01032
[1],[],[1],[],[],[0] ,abs18117
1,4 5 6,2,[],1,1 ,abs03512
1,0,0,0,1,1 ,abs11450
[1],[1 2],[],[],[],[1] ,abs02905
[1],[4 6],[2],[0],[1],[1] ,abs15131
[1],[2],[2],[],[0],[1] ,abs22201
[1],[4 5 6],[],[0],[],[0] ,abs11354
[1],[4 5 6],[],[0],[],[0] ,abs14698
[1],[6],[],[],[1],[1] ,abs21594
[1],[6],[],[0],[],[0] ,abs04085
[1],[],[],[],[1],[1] ,abs00094
[1],[2],[],[],[],[0] ,abs17716
[1],[2],[],[],[1],[1] ,abs18207
[0],[],[],[],[],[0] ,abs02733
[0],[],[],[],[0],[1] ,abs21830
[1],[],[],[0],[],[0] ,abs00112
[1],[],[2],[],[],[1] ,abs13626
[1],[1 2],[2],[26],[1],[1] ,abs13711
[1],[5],[],[0],[],[0] ,abs21174
[0],[],[],[],[],[0] ,abs18023
[1],[6],[2],[0],[1],[1] ,abs20579
[1],[],[],[0],[],[0] ,abs12388
[0],[],[],[],[0],[1] ,abs09374
[1],[6],[],[0],[1],[1] ,abs13700
[1],[6],[],[0],[1],[1] ,abs03496
[1],[3],[],[0],[1],[0] ,abs03962
[1],[3],[],[],[1],[0] ,abs18955
[1],[2 5 6],[2],[],[0],[0] ,abs12524
[0],[],[],[],[1],[1] ,abs01315
[0],[],[],[],[0],[1] ,abs05169
1,3,2,0,1,1 ,abs13582
[1],[4],[],[],[0],[1] ,abs14955
[1],[6],[2],[0],[],[0] ,abs18976
[0],[],[],[],[],[0] ,abs04821
[6],[1],[0],[],[0] ,abs12223
[1],[4 5 6],[2],[0],[],[0] ,abs08978
[1],[6],[],[0],[0],[1] ,abs02800
[1],[],[],[],[],[1] ,abs06936
1,0,0,0,1,1 ,abs03781
[1],[2],[],[],[1],[1] ,abs17082
[1],[2],[],[12],[1],[1] ,abs17532
[1],[1 2],[],[],[],[0] ,abs16427
[1],[4 5],[],[0],[],[0] ,abs11732
[1],[],[],[],[1],[0] ,abs04442
[1],[5],[],[0],[],[0] ,abs07897
[0],[],[],[],[1],[1] ,abs17660
[1],[4 5 6 7],[],[0],[],[0] ,abs12304
[1],[],[],[],[1],[1] ,abs07003
[0],[],[],[],[0],[1] ,abs01789
[1],[6],[],[0],[],[0] ,abs00005
[1],[6],[2],[0],[],[0] ,abs11203
[0],[],[],[],[0],[1] ,abs03040
[1],[4],[1],[0],[1],[0] ,abs11436
[1],[6],[2],[0],[],[0] ,abs11603
1,6,1,0,1,1 ,abs21855
[1],[4 5 6],[],[0],[],[0] ,abs15771
1,6 7,1,0,1,1 ,abs19550
[1],[],[2],[],[1],[1] ,abs21137
[0],[],[],[],[1],[1] ,abs10858
[1],[6],[],[0],[],[0] ,abs06805
[1],[5],[1],[0],[],[0] ,abs15888
[1],[5],[],[0],[],[0] ,abs07698
[1],[5 6],[1],[],[],[0] ,abs07103
[0],[],[],[],[1],[1] ,abs22190
[0],[],[],[],[0],[1] ,abs13985
