id,Q1,Q2,Q3,Q4,Q5,Q6
abs08411,0,"0,5",2,0,0,0
abs01829,0,"2,3,4",2,"14,18,22,27",0,0
abs05468,1,"4,7",2,0,1,1
abs19527,0,"4,7",2,"3,8,12,15,16,22,26,27",1,1
abs08765,1,"3,7",2,0,1,1
abs16316,0,0,2,0,0,0
abs14649,1,"5,7",2,0,0,0
abs01181,1,"4,5,6",2,0,0,0
abs17530,1,2,2,0,1,1
abs05158,1,"3,7",2,0,0,0
abs11562,1,"5,6,7",2,0,0,0
abs10310,0,"6,7",2,0,1,1
abs07503,1,"4,7",2,0,0,0
abs12596,0,"0,6",0,33,0,0
abs02134,0,"3,5,7",1,0,1,1
abs06971,1,"4,6",2,"16,26,40",1,1
abs20359,0,0,2,0,1,1
abs19280,1,"1,2,4,5,6,7",2,"14,22,26,33,39,40",0,0
abs09432,0,"5,7",1,0,0,0
abs09682,1,"4,5,6,7",2,0,0,0
abs16582,1,"4,6,7",1,0,1,1
abs07968,0,"4,7",2,0,0,0
abs16843,1,"4,5",2,0,0,0
abs01869,0,6,0,0,0,0
abs21523,0,0,2,0,0,0
abs10970,1,"4,5,6,7",2,"14,18,21,24,27,30,34",1,1
abs11993,0,6,2,0,0,0
abs15698,1,"3,4,5,6",2,0,0,0
abs03383,1,"3,6,7",2,0,1,1
abs04978,0,"5,7",1,0,0,0
abs16463,1,"4,5,6",2,0,0,0
abs19049,1,2,2,0,1,1
abs00082,0,"0,6,7",1,0,1,1
abs18762,1,"4,7",2,0,1,1
abs19997,1,3,2,0,1,1
abs03738,1,"4,5,6",2,0,1,1
abs16097,1,7,2,0,0,0
abs05627,1,"4,7",2,0,1,1
abs06799,0,2,2,"16,22,26,34",1,1
abs17720,0,0,0,0,0,0
abs20832,0,"0,2,3,5,6,7",2,0,0,0
abs09983,0,2,1,0,1,1
abs17884,0,4,2,"8,17,22",0,0
abs14413,0,0,2,0,1,1
abs01585,1,"3,7",2,0,1,1
abs12227,0,5,1,0,0,0
abs16792,1,"4,5,6",2,0,0,0
abs12879,1,"4,6",2,0,1,1
abs16400,0,0,0,0,0,0
abs13074,1,"4,5,6",2,0,1,1
abs07321,1,"4,5,7",2,0,0,0
abs21735,1,"2,7",2,"15,22,27,30,34",0,0
abs02133,0,"1,2,3",2,"3,14,21,24,26,27,30,34,35,36,37,39",1,1
abs05356,1,"5,6",2,0,1,1
abs03148,0,"3,7",2,0,1,1
abs15836,1,"1,2,6,7",2,24,1,1
abs16287,0,"0,5,6",0,0,0,0
abs10940,1,"4,5,6,7",1,0,0,0
abs12248,0,"5,6",2,0,0,0
abs10076,0,"0,6",0,0,0,0
abs08743,1,"4,5,6,7",1,0,0,0
abs10297,0,0,2,0,1,1
abs04291,0,"2,6",2,0,0,0
abs00864,0,6,2,0,0,0
abs06441,0,"1,2,3,5,6",2,"3,13,20,22",1,1
abs19892,1,"1,2,3,5,6",2,"13,18,22,26,27,32,33,34",1,1
abs02890,0,2,2,0,1,1
abs15812,1,"4,7",1,"18,21,26",0,0
abs14418,1,"6,7",2,0,1,1
abs15218,1,"1,2,6,7",2,"15,22,27,34",0,0
abs01803,0,0,2,0,0,0
abs17743,0,6,2,0,0,0
abs11568,0,6,2,0,0,0
abs10906,0,"6,7",2,0,0,0
abs20878,1,"3,7",2,0,1,1
abs09939,1,"2,3,6",2,0,1,1
abs16427,1,"1,2,6",2,"12,14,15,17,22,26,27,28,30",0,0
abs18100,1,7,2,0,1,1
abs15084,1,"5,6",2,0,0,0
abs03717,1,"6,7",2,0,1,1
abs10530,1,"6,7",2,"13,14,22,33",1,1
abs10403,1,"1,2,3",2,"3,13,22,27",1,1
abs22126,0,5,2,3,1,1
abs12525,1,"4,5,6,7",1,0,0,0
abs09377,0,6,2,0,0,0
abs17300,0,2,2,0,1,1
abs00446,0,"0,6,7",2,0,1,1
abs17841,1,"4,7",2,0,0,0
abs18976,0,"6,7",2,0,0,0
abs21670,1,"4,5,6",1,0,0,0
abs09462,1,"4,6",2,"13,14,18,20,26,27",1,1
abs00071,1,7,2,"13,14,15,16,22,26,27",1,1
abs02067,0,"3,4,6",1,"13,15,16,18,20,21,22,26,27,28,33,34",0,0
abs14988,0,"0,6",2,0,0,0
abs07698,0,5,0,0,0,0
abs05093,0,"2,3,6,7",2,"12,15,16,17,18,26,33,34",1,1
abs19471,0,7,2,0,1,1
abs04085,0,6,2,0,0,0
abs10920,1,"5,7",1,0,1,1
abs00862,0,"6,7",2,0,0,0
abs02619,0,"0,3",2,0,0,0
abs15737,0,0,2,0,1,1
abs04459,0,7,2,0,0,0
abs16524,1,"4,6",2,0,1,1
abs04706,0,6,0,0,0,0
abs18584,0,0,2,0,1,1
abs03163,0,7,2,0,0,0
abs12436,1,"4,5,6",2,0,1,1
abs10131,1,"6,7",2,0,0,0
abs15360,0,"0,6",0,0,0,0
abs06639,1,"2,3,6",2,"7,8,9,11,12,13,14,15,16,17,22,25,26,30,31,33,36,39,41",1,1
abs06937,0,"2,7",2,"13,14,15,16,22,27,30,34,35,36,37,39",1,1
abs19181,1,3,2,0,1,1
abs21788,0,"6,7",2,0,1,1
abs10636,1,"1,2,3",2,"3,13,22,27",1,1
abs08282,1,"4,5,6",1,0,1,1
abs01210,0,0,0,0,0,0
abs06022,1,"4,5,6,7",2,0,1,1
abs03040,0,"0,6",0,0,0,0
abs01857,0,"3,6",1,0,1,1
abs05419,1,"4,5,6",2,0,0,0
abs00353,0,6,2,0,0,0
abs13624,0,"6,7",1,0,1,1
abs18986,1,"0,3,5,6,7",1,0,0,0
abs17144,0,"3,7",2,0,1,1
abs06554,1,"2,3,6,7",2,"13,15,16,21,26,27",1,1
abs00693,1,"3,6",2,0,1,1
abs19091,1,"2,3,5,6,7",2,0,1,1
abs06612,1,2,2,0,0,0
abs06919,0,0,2,0,1,1
abs09971,0,2,0,0,0,0
abs07430,0,"3,7",2,0,0,0
abs13832,0,2,1,12,1,1
abs10979,1,"4,5,6",2,0,1,1
abs00112,0,"0,6",0,0,0,0
abs22222,1,2,2,0,1,1
abs18731,1,"6,7",2,0,1,1
abs06504,0,0,0,0,0,0
abs15603,0,"4,7",2,0,0,0
abs14171,0,"6,7",2,0,1,1
abs07514,0,"4,5,6",1,0,0,0
abs09055,0,"6,7",2,0,0,0
abs00849,0,"0,2,7",0,0,0,0
abs11536,1,"4,5,6,7",2,0,0,0
abs04574,0,"5,6",1,"3,13,21,26,35",1,1
abs00047,0,0,2,0,0,0
abs16054,0,"3,5,7",2,0,0,0
abs16684,0,"0,6,7",0,0,0,0
abs18482,0,0,2,"3,27",1,1
abs04005,0,"3,6",2,0,0,0
abs17095,0,"2,6",2,"7,17,22",0,0
abs12203,1,"5,6",2,0,0,0
abs13848,0,0,0,0,0,0
abs19147,1,"6,7",2,0,1,1
abs21519,0,"0,6,7",2,0,0,0
abs12420,0,6,2,0,0,0
abs14813,0,4,1,18,0,0
abs06176,1,"3,5,6,7",1,0,0,0
abs21080,0,"1,2,3,5,6,7",1,"14,21,22",1,1
abs15808,0,"5,6",1,0,0,0
abs19288,1,2,2,"14,22,27,34",0,0
abs21623,1,"1,2,3,7",1,"7,18,27",1,1
abs17977,0,"4,7",2,0,0,0
abs15729,1,"4,5,6",2,0,0,0
abs21672,1,"1,2,3,6",2,"15,22,26,27",1,1
abs16260,1,"4,5,6,7",2,0,0,0
abs07786,0,"6,7",1,0,1,1
abs01728,0,"6,7",2,0,1,1
abs15079,1,"1,2,6",2,"13,14,15,16,21,24,26,27,28,33,36,37",1,1
abs10945,0,"2,3,4,5,6",2,0,1,1
abs13976,0,0,1,0,1,1
abs01952,1,"3,7",2,0,1,1
abs21124,1,"4,7",2,0,1,1
abs05256,0,7,0,0,0,0
abs02511,0,0,2,0,0,0
abs02645,0,0,2,0,0,0
abs12835,1,"5,6",2,0,1,1
abs21163,0,0,2,0,0,0
abs16547,0,"0,7",0,0,0,0
abs05486,1,"2,4,6,7",2,"15,16,26,27,29,30,34,35,36,37,39",0,0
abs17418,0,0,2,0,1,1
abs14958,1,"6,7",2,0,1,1
abs18714,1,"5,7",1,0,1,1
abs07520,1,"4,7",1,0,0,0
abs01461,0,"0,2,7",2,0,0,0
abs19657,1,"6,7",2,0,1,1
abs20968,0,7,2,0,0,0
abs03021,0,"2,3,6",2,0,1,1
abs02465,1,"6,7",2,0,0,0
abs21213,0,"4,5,6,7",2,0,1,1
abs16145,1,"5,7",2,0,0,0
abs09392,0,"0,5,6",2,0,0,0
abs14081,0,2,1,0,1,1
abs19282,1,"2,4,7",1,"16,27,34",1,1
abs04933,0,"0,6",2,0,0,0
abs12797,1,"5,6",2,0,0,0
abs00621,0,"3,7",2,0,0,0
abs20098,0,7,2,0,0,0
abs22250,0,0,0,0,0,0
abs15068,1,"4,5,7",1,0,1,1
abs05169,0,0,0,0,0,0
abs00815,0,6,0,0,0,0
abs10751,1,"5,6",2,0,0,0
abs18966,1,3,2,0,1,1
abs12223,1,7,1,0,0,0
abs21772,1,"2,3,6,7",2,"8,9,22,27",1,1
abs20904,0,"0,6,7",2,0,0,0
abs08507,1,"4,7",2,0,0,0
abs06908,1,"3,6",2,0,0,0
abs01522,0,0,1,0,0,0
abs19422,1,"4,5,6,7",2,0,1,1
abs06814,0,"0,3",2,0,1,1
abs13184,1,"4,5,6",2,0,1,1
abs00668,0,"4,5,6",1,"16,18,26,34",0,0
abs17358,0,0,2,0,1,1
abs07594,0,"4,7",2,0,0,0
abs15036,1,"3,7",1,0,1,1
abs18668,0,"2,6",1,"2,3,4,6,7,8,9,11,12,13,14,15,17,20,21,25,26,28,30,31,33,36,39,42",1,1
abs08628,1,"4,7",2,"3,8,13,14,18,21,22,26,30,36,37,39,40",1,1
abs09566,1,"4,7",2,0,1,1
abs08127,1,"5,6",1,0,1,1
abs05071,0,6,0,0,0,0
abs10866,0,"4,7",2,0,1,1
abs05343,1,"4,5,6",2,0,0,0
abs08818,0,7,2,0,0,0
abs17554,0,"3,7",2,0,1,1
abs14673,1,"5,6",1,0,1,1
abs19621,0,"3,7",2,0,1,1
abs12418,1,"4,7",2,0,0,0
abs09563,1,"2,3,4,5,6",2,"15,18,20,21,26,27,30,34",0,0
abs06581,0,0,2,0,1,1
abs19598,0,"3,7",2,0,0,0
abs04207,0,0,0,0,0,0
abs20141,0,"0,2,7",0,0,0,0
abs00061,0,"4,6",2,0,0,0
abs21885,1,2,1,"14,22,24,26,29,30,34,35,36,37,39,40",1,1
abs10446,0,0,2,0,1,1
abs21539,0,"3,7",1,0,1,1
abs04926,0,"2,7",2,0,1,1
abs04965,1,"3,7",2,0,1,1
abs12641,0,"6,7",2,0,0,0
abs07184,1,"4,5,6,7",1,0,1,1
abs05653,1,6,2,0,0,0
abs06107,0,"4,5,6",1,0,1,1
abs05407,1,4,2,0,0,0
abs00508,0,"1,2,7",2,26,1,1
abs18633,1,"4,5,6,7",2,0,0,0
abs00680,0,"0,7",2,0,1,1
abs11982,0,0,2,0,0,0
abs12918,1,"5,6",2,0,0,0
abs08601,0,"4,5,7",2,0,0,0
abs17701,0,"1,2,3",1,"7,17,26,34",1,1
abs17450,0,"2,7",2,"13,15,16,21,26,27",1,1
abs05030,0,7,2,"8,14,18,21,22,24,26,27,30,36",0,0
abs02025,1,"0,7",2,0,0,0
abs19160,1,"4,5,6",2,0,0,0
abs19321,1,"4,5,6,7",2,0,1,1
abs08587,1,"6,7",2,0,0,0
abs12080,0,4,2,0,0,0
abs10730,0,"2,7",1,"13,14,15,16,22,26,27,28,36,37",1,1
abs14162,0,"2,3,6",1,0,1,1
abs21842,0,7,2,0,0,0
abs03687,0,"3,7",1,0,0,0
abs04599,1,"2,3,7",2,"13,15,16,18,21,26,27",1,1
abs10348,0,7,2,0,0,0
abs06259,1,"5,6",2,0,0,0
abs06205,1,"4,5",2,0,1,1
abs20637,0,2,2,0,1,1
abs09107,0,"4,7",2,0,1,1
abs14853,1,"4,5,7",1,0,1,1
abs01694,1,"2,7",2,0,1,1
abs18104,0,"4,5,6",1,"14,22,27,33,39,40",0,0
abs20549,1,3,2,0,1,1
abs15430,0,6,0,0,0,0
abs13509,1,7,2,0,0,0
abs18491,0,2,2,"13,14,15,16,18,22,26,27,28",1,1
abs07475,1,"4,6,7",2,0,0,0
abs10059,0,"3,5,7",1,0,1,1
abs05626,0,6,2,0,0,0
abs02225,0,"0,5,6",1,0,1,1
abs08927,1,"4,6",2,0,1,1
abs04351,0,"2,3,7",2,"16,26,27",1,1
abs00535,0,7,2,0,0,0
abs07596,0,"4,5",2,0,0,0
abs07957,0,"4,5,6,7",2,0,0,0
abs07176,1,"4,5,6,7",2,0,0,0
abs00241,0,"3,7",2,0,1,1
abs08921,1,"4,5,6,7",1,0,1,1
abs14804,1,"4,5,6",2,0,0,0
abs05331,1,4,2,0,0,0
abs18516,0,"1,3,7",2,0,1,1
abs15107,1,"5,6",1,0,0,0
abs14714,1,"4,7",2,0,0,0
abs09572,1,"4,5,6",1,0,0,0
abs05498,1,"4,5,7",2,0,1,1
abs17189,1,"2,3,6,7",2,"7,17,22,26,30,33",1,1
abs11560,1,"4,5,6,7",2,0,1,1
abs16764,0,6,1,0,0,0
abs05237,0,7,2,0,0,0
abs14718,0,"4,5,6,7",2,0,0,0
abs19304,1,"5,6",2,0,1,1
abs21258,0,"6,7",2,0,0,0
abs07441,1,"5,7",1,0,0,0
abs08141,0,6,0,2,0,0
abs03278,1,"3,5,6,7",2,0,0,0
abs10129,0,0,2,0,0,0
abs19100,1,"5,6,7",2,0,0,0
abs20311,0,7,2,0,0,0
abs12777,0,"4,5,6",2,0,0,0
abs19641,0,"3,7",2,0,0,0
abs11434,1,"4,5,6,7",2,0,0,0
abs08044,0,"4,6",2,0,0,0
abs08570,1,"3,7",2,0,1,1
abs09567,0,"0,6",2,0,0,0
abs20999,1,"4,5,6,7",2,0,0,0
abs20444,0,"2,3,4",2,0,0,0
abs16962,0,6,0,0,0,0
abs08064,1,"4,5,6,7",2,0,0,0
abs07368,1,"3,7",1,0,1,1
abs15429,1,"4,5,6",2,0,0,0
abs18901,1,"2,7",1,"15,20,26,27,33",1,1
abs15675,0,"4,7",2,0,1,1
abs01801,0,"2,3,6",2,"13,15,16,17,18,20,21,26,27,30,33,34",1,1
abs01993,0,4,2,0,0,0
abs21995,1,"2,3,6",2,0,1,1
abs08338,0,"3,7",1,0,1,1
abs11528,1,"4,5,6,7",2,0,1,1
abs11702,1,"5,6,7",1,0,0,0
abs07445,1,"4,5,6,7",2,0,1,1
abs03875,0,"6,7",2,0,1,1
abs18125,0,7,2,0,1,1
abs15788,1,"4,6,7",2,0,0,0
abs09317,0,6,2,0,0,0
abs05598,0,6,1,0,0,0
abs21817,1,2,2,"15,20,22,27,33,35,36",1,1
abs04652,0,"4,7",2,0,0,0
abs15563,0,0,0,0,0,0
abs12193,1,"5,7",2,0,1,1
abs16719,1,"6,7",1,0,1,1
abs14865,0,6,2,0,1,1
abs06967,0,"2,3,6",2,"3,24,26",1,1
abs00351,0,"2,3,6,7",2,"15,20,26,27",1,1
abs09650,1,"6,7",2,0,0,0
abs12144,1,"4,5,6",2,0,0,0
abs09832,1,"4,5,6,7",2,0,0,0
abs19069,0,"3,6",2,0,1,1
abs09529,1,"4,5,6,7",2,0,0,0
abs06128,0,"5,6",2,0,0,0
abs09458,0,"4,5,6",2,0,0,0
abs06925,1,"1,2,7",2,"7,8,9,11,17,22,27,36,37",0,0
abs20972,0,6,1,0,1,1
abs07576,1,"4,6,7",2,0,1,1
abs02478,1,"3,6",2,0,1,1
abs09631,1,"4,5,6",1,0,1,1
abs11153,1,"1,4,5,6",2,"12,14,15,16,22,27,30,34,35,36,39,40",0,0
abs20137,1,"3,7",2,0,1,1
abs15333,0,"6,7",2,0,0,0
abs10505,0,2,2,0,0,0
abs11235,0,"0,4,5,6",0,0,0,0
abs06583,0,"2,3,6,7",2,"13,14,15,16,17,22,26,33,34",1,1
abs06553,1,2,2,0,1,1
abs00757,0,"0,7",2,0,0,0
abs15983,0,"4,5,6",2,0,0,0
abs10803,0,"0,5",2,0,0,0
abs07442,1,"4,5,6,7",2,0,0,0
abs17448,0,"0,3",2,0,0,0
abs12079,0,"3,7",1,0,0,0
abs09039,0,"0,3",2,0,0,0
abs13218,1,"4,5,6",2,0,0,0
abs14680,0,0,1,0,0,0
abs12575,1,4,1,0,1,1
abs09102,1,"2,3,5,6,7",2,"8,18,21,26",1,1
abs02914,0,"0,6,7",2,0,1,1
abs06102,1,"4,5,6,7",2,0,0,0
abs15764,0,6,2,0,0,0
abs16449,0,7,2,0,0,0
abs11845,0,0,2,0,0,0
abs04859,1,"2,3,7",2,"14,18,22,27,33,34",1,1
abs01939,0,"0,2,6",0,0,0,0
abs02928,0,3,0,0,0,0
abs18279,1,"1,3,7",2,"3,13,22,33",1,1
abs03164,0,"6,7",2,"0,14,18,26,27",0,0
abs15596,0,"4,6",2,0,1,1
abs21543,0,6,2,0,1,1
abs09006,1,"6,7",2,0,0,0
abs22011,1,"1,2,3,6",2,"13,15,16,21,26,27,30,34",1,1
abs08343,0,"2,3,4,6",2,"8,14,22,26,27,30,33,34",1,1
abs01365,0,0,2,0,0,0
abs02424,1,"5,6,7",2,0,1,1
abs21611,1,"1,2,3,4,5,6",2,"15,22,34",1,1
abs06823,0,"3,6",2,0,1,1
abs16134,0,6,2,0,0,0
abs10887,0,"6,7",2,0,0,0
abs18562,1,"2,7",2,0,0,0
abs18628,1,"6,7",2,0,1,1
abs07754,1,"4,5,6,7",2,0,0,0
abs01400,0,"1,2,6,7",1,"14,19,22,24,27,34",1,1
abs19965,0,"0,6",2,0,0,0
abs04751,0,"6,7",2,0,0,0
abs15083,1,"3,7",2,0,1,1
abs03502,0,2,2,"13,14,15,16,18,20,22,25,26,27,28,30,31,36,37,39,40",1,1
abs03361,0,0,1,0,0,0
abs00124,1,"4,5,6,7",2,0,0,0
abs02317,0,7,2,0,0,0
abs12642,0,"0,5,6,7",1,0,0,0
abs11593,1,"4,6",1,0,0,0
abs11707,1,"4,6,7",2,0,1,1
abs10191,1,"4,5,6,7",1,0,0,0
abs15556,0,"4,5,6",2,0,0,0
abs01030,0,6,0,0,0,0
abs03894,0,"6,7",1,0,1,1
abs17403,0,"0,6",0,0,1,1
abs13715,1,2,2,"3,13,21,22",1,1
abs13109,1,"5,6",2,0,1,1
abs09035,0,"0,6",0,0,0,0
abs07696,1,"4,6,7",2,0,0,0
abs03724,1,"6,7",2,0,0,0
abs21004,1,"6,7",2,0,0,0
abs05208,0,6,2,0,0,0
abs14994,1,"4,5,6,7",2,0,0,0
abs20113,0,"2,3,7",2,0,1,1
abs03287,0,"0,6",2,0,1,1
abs07171,1,"4,5,6",2,0,1,1
abs18893,1,"4,7",2,0,1,1
abs04277,1,"2,3,6",2,"16,22,27,34",1,1
abs08535,1,"4,7",1,0,0,0
abs15522,0,"5,7",2,0,0,0
abs09054,0,"0,5,7",2,0,0,0
abs18359,0,0,2,"3,13,22,33",1,1
abs00403,0,7,2,0,0,0
abs07003,0,0,2,0,1,1
abs15366,1,"5,7",2,0,0,0
abs14945,1,"6,7",2,0,0,0
abs15766,1,4,2,0,0,0
abs07131,1,"4,5,6,7",2,0,0,0
abs21935,1,"2,7",2,0,1,1
abs12462,1,"4,5,6,7",2,0,0,0
abs06905,0,"6,7",2,0,1,1
abs02582,0,0,1,"3,7,14,18,22,26,27",1,1
abs14358,0,0,0,0,0,0
abs16063,0,"5,6",0,0,0,0
abs11050,0,"5,7",2,0,0,0
abs03573,0,"0,2,7",0,0,0,0
abs08432,1,"4,7",2,0,1,1
abs17216,1,"1,2,3,6,7",2,"7,17,20,22,26,30",1,1
abs10183,1,"1,2,3,7",2,"7,17,22,26,30,39",1,1
abs17271,0,2,2,"11,17,22,27,30,36,37",0,0
abs08100,1,"3,6",1,0,0,0
abs18945,0,"5,7",1,0,0,0
abs21266,1,"4,5",2,0,1,1
abs01916,0,"3,7",2,0,1,1
abs11457,1,"4,6,7",2,0,1,1
abs02076,1,"2,3,6",1,"15,18,20",1,1
abs09328,1,"2,3,6,7",2,11,1,1
abs14153,1,"0,3",2,0,1,1
abs04490,0,"0,5,6",2,0,0,0
abs07593,1,"4,5,7",2,0,1,1
abs03181,0,"3,7",2,0,1,1
abs09378,0,"0,5",2,0,0,0
abs00928,0,0,2,0,0,0
abs07327,1,"4,5,6",2,0,0,0
abs00632,0,"0,5",2,0,0,0
abs15508,0,6,2,0,0,0
abs03106,0,"2,3,4,7",2,"0,15,16,22,27,36,37,39",1,1
abs20185,0,"6,7",2,0,0,0
abs00399,0,6,2,0,1,1
abs10170,0,0,2,0,1,1
abs06415,1,"4,6,7",2,0,0,0
abs01547,1,"1,2,7",2,11,1,1
abs13343,1,"4,7",1,0,0,0
abs12959,0,"0,5,6",2,0,0,0
abs21971,0,"6,7",0,0,0,0
abs00115,0,6,2,0,0,0
abs07109,1,"4,5,6,7",2,0,1,1
abs12705,1,"4,5,6,7",2,0,0,0
abs14318,0,0,0,0,0,0
abs02682,1,"3,7",2,"13,14,15,20,21,26,35,39,40",0,0
abs16621,1,"4,5,6",2,0,1,1
abs12110,1,"4,6",2,"3,6,8,9,13,14,15,16,18,22,26,30,33,34",0,0
abs09989,1,"1,2,3,7",2,"7,14,17,22,26,27,30,34",1,1
abs08240,1,"4,6",2,0,1,1
abs16456,0,"4,5,6,7",1,0,0,0
abs13450,0,"3,7",1,0,1,1
abs05894,1,"4,5,6,7",2,0,0,0
abs08540,0,"0,5,6",2,0,0,0
abs12316,1,"3,5,6",2,0,1,1
abs19590,0,7,0,0,0,0
abs07729,1,"5,6",1,0,0,0
abs14910,1,7,2,0,1,1
abs03339,1,"2,7",2,"14,22,26,34",0,0
abs12346,0,"4,5,6,7",2,0,0,0
abs01758,0,"2,3,5,6",2,33,1,1
abs01848,1,"5,6",2,0,0,0
abs14844,1,"4,5,6",1,0,1,1
abs01875,1,"3,5,6,7",2,0,1,1
abs08935,1,"4,7",2,"15,20,22,27",1,1
abs10711,1,"1,3,6,7",2,"3,13,22,33",1,1
abs00614,0,"2,3",2,0,1,1
abs04468,0,"4,5",2,0,0,0
abs20663,1,"3,6",2,0,1,1
abs17987,1,"4,5,6,7",2,0,1,1
abs05160,0,"4,5,6,7",1,0,0,0
abs17872,1,"4,7",2,0,0,0
abs05193,0,"0,6,7",2,0,0,0
abs14156,1,"6,7",2,0,1,1
abs16595,1,"4,5,6",2,0,0,0
abs01576,1,3,2,0,1,1
abs15296,1,"4,5,6",2,0,0,0
abs07156,1,"6,7",2,0,0,0
abs14266,1,"2,3,6",1,"3,14,22",1,1
abs20993,1,"4,6,7",2,0,1,1
abs08816,1,"4,5,6",2,0,1,1
abs11285,1,"4,5,6",2,0,0,0
abs07488,1,"6,7",2,0,0,0
abs14981,0,"4,5,6",0,0,0,0
abs01643,0,"6,7",2,0,0,0
abs10781,1,"4,5,6,7",2,"14,22,26,27,33,37,39,40",1,1
abs21840,1,"2,5,6,7",2,0,1,1
abs10334,1,3,2,0,0,0
abs11901,1,"5,6",1,0,0,0
abs08385,1,"4,7",2,0,0,0
abs07020,1,2,2,"3,13,22,27",1,1
abs09717,1,"6,7",2,0,0,0
abs04654,1,"3,6",1,0,1,1
abs08814,1,6,2,0,0,0
abs02026,0,"0,6,7",2,0,0,0
abs14167,0,0,0,0,0,0
abs17949,1,0,2,0,0,0
abs01513,1,"1,2,3,6,7",2,"5,15,22,27,37",1,1
abs21525,0,"3,7",2,0,1,1
abs06144,1,"6,7",2,0,0,0
abs12551,1,6,2,0,0,0
abs05968,1,"4,5,6,7",2,0,0,0
abs20176,1,"4,7",2,"14,19,22,26,27,30,33,34",1,1
abs03956,0,2,2,0,0,0
abs08897,0,4,0,0,0,0
abs07959,1,"4,5,6,7",2,0,0,0
abs04465,1,"0,6",2,0,0,0
abs08606,0,"5,6",1,0,0,0
abs17394,0,0,2,0,0,0
abs04981,0,"2,3,6",2,0,1,1
abs14228,0,0,2,0,0,0
abs00406,0,"3,7",2,0,0,0
abs18158,0,"6,7",2,"13,14,17,18,20,21,24,26,27,28,33,36,37,39,40",1,1
abs20920,0,3,1,0,1,1
abs10578,0,2,2,0,1,1
abs02731,0,"0,6,7",2,0,0,0
abs04506,0,"4,5,7",2,0,1,1
abs09875,0,"2,3,4",2,"17,22,26,27,33,34",0,0
abs03013,0,2,2,"8,17,22,27,36",1,1
abs17031,0,"6,7",2,0,0,0
abs20792,1,"4,5,7",2,"15,22,27,31,36",0,0
abs19953,1,"3,6,7",2,0,0,0
abs06866,1,"6,7",2,0,0,0
abs12390,1,"6,7",2,0,0,0
abs13613,1,"4,5,6",2,0,0,0
abs00712,1,7,2,"14,20,22,27,33,35,37",0,0
abs15470,1,"3,6,7",2,0,1,1
abs00131,0,"6,7",2,0,1,1
abs19568,0,"6,7",2,0,0,0
abs08200,0,"0,6,7",0,0,0,0
abs00885,0,"6,7",2,0,1,1
abs17781,0,"1,3,6",2,0,1,1
abs14170,0,"6,7",2,0,0,0
abs21421,1,"4,5",2,0,0,0
abs13676,0,2,2,0,1,1
abs08918,1,"4,6",2,0,0,0
abs03187,0,"4,5,6",2,"17,18,19,20,21,22,24,26,27,30,33,34",0,0
abs07548,1,"4,5,7",2,0,0,0
abs20830,0,"3,6",2,0,0,0
abs17162,0,2,2,33,1,1
abs08724,1,"4,5,6,7",2,0,0,0
abs12401,0,6,2,0,0,0
abs09775,1,"4,5,6,7",2,0,0,0
abs13449,0,7,2,0,0,0
abs08167,1,"4,5,6,7",2,23,0,0
abs05758,1,"4,5,6,7",2,0,1,1
abs03605,0,"0,5",0,0,0,0
abs00098,0,7,2,0,0,0
abs07575,1,"5,6,7",2,0,1,1
abs11898,1,"4,5,7",1,0,0,0
abs07090,0,"6,7",2,0,0,0
abs01386,1,"3,5,7",1,0,0,0
abs09815,1,"6,7",2,0,0,0
abs00065,1,"1,2,3,7",2,"7,17,20,22,26,27,33",1,1
abs11254,1,"5,6",2,0,0,0
abs12772,1,"4,5,7",2,0,0,0
abs13206,1,"4,6,7",2,0,0,0
abs06417,0,0,0,0,0,0
abs03082,1,"1,2,3,6",2,"12,14,22,26,40",1,1
abs20293,0,3,1,0,1,1
abs08332,1,"4,5",2,0,0,0
abs12441,0,"2,3,5,6",1,"13,14,18,20,21,26,27,30,34,35,36,39,40",1,1
abs15786,0,"0,6",0,0,0,0
abs09393,1,"4,5,7",2,0,1,1
abs02553,1,"2,3,4,5",2,"15,17,22,27,36",1,1
abs11600,0,"4,5,6",2,"15,20",0,0
abs19066,0,"0,6,7",0,0,1,1
abs19312,1,"4,5,6,7",2,0,0,0
abs19254,0,"4,7",2,0,1,1
abs08287,0,"6,7",2,0,0,0
abs15291,1,"4,7",2,0,0,0
abs16021,1,"4,5,6",1,0,0,0
abs08453,1,"4,7",2,0,1,1
abs04620,0,"3,7",2,0,0,0
abs20371,1,"2,3,6,7",2,"15,22,27,33,37",1,1
abs04964,0,"0,6",0,0,0,0
abs12446,0,6,2,0,0,0
abs07563,1,"4,5,6",2,0,0,0
abs15950,1,"4,7",1,0,0,0
abs09660,1,"4,5",2,0,1,1
abs08050,0,"0,2,7",2,0,0,0
abs15028,0,0,2,0,0,0
abs18171,0,"2,3,4,5,7",2,"13,14,19,20,22,27,33,34",1,1
abs12383,1,"6,7",2,0,0,0
abs12424,1,4,2,0,0,0
abs18112,0,"4,5,6",2,0,0,0
abs18447,0,"3,7",2,0,1,1
abs11671,0,"0,6",0,0,0,0
abs02589,0,"5,6",1,0,1,1
abs19375,1,"1,3,5,6,7",2,0,1,1
abs09742,1,"4,5,6,7",1,0,1,1
abs04569,0,"5,7",2,"13,14,17,20,22,26,33,34",0,0
abs12298,1,"4,5,7",2,0,0,0
abs00554,0,0,2,0,1,1
abs19961,1,"3,7",1,0,0,0
abs10601,1,"2,3,5,6",2,"13,14,15,18,20,22,26,27,33,34",1,1
abs03772,0,6,1,"16,20,22",0,0
abs14703,1,"5,7",2,0,0,0
abs05122,1,3,2,0,1,1
abs19025,1,7,2,0,1,1
abs04375,0,0,2,0,1,1
abs18288,0,2,2,"3,13,22,27",1,1
abs19400,1,"4,7",2,0,1,1
abs00500,0,"3,5,7",2,0,1,1
abs09933,0,2,2,0,0,0
abs11468,1,"4,6",2,0,0,0
abs05014,0,"2,7",2,0,1,1
abs12680,0,"5,6",2,0,0,0
abs15038,0,6,2,0,0,0
abs00671,0,7,2,33,1,1
abs05075,0,"3,7",2,0,1,1
abs14580,1,"4,5,6",2,0,1,1
abs12207,0,6,2,0,1,1
abs07622,1,"5,6,7",1,0,1,1
abs21541,0,"2,4,7",2,"11,15,22,27",1,1
abs06121,0,"4,5,6",1,0,0,0
abs04103,0,"2,3,6,7",2,"7,17,22",1,1
abs05418,1,"4,5,6",2,0,1,1
abs11603,1,"4,7",2,0,0,0
abs22226,1,"2,3,7",2,"17,22,26,34,37",1,1
abs15799,1,"4,6,7",2,0,1,1
abs21542,0,"6,7",1,0,1,1
abs04561,0,0,0,0,0,0
abs11089,0,"5,6",1,0,1,1
abs09416,0,"0,7",2,0,0,0
abs05146,0,0,2,0,1,1
abs12422,1,"5,6,7",2,0,1,1
abs02359,0,"0,6",1,0,0,0
abs21640,1,"2,3,6,7",2,"12,22,26,33",1,1
abs18291,0,"3,7",2,0,1,1
abs15179,0,"6,7",2,0,1,1
abs06868,1,"1,3,7",2,0,1,1
abs09156,1,"4,5,7",2,0,0,0
abs16039,1,7,2,0,0,0
abs07428,1,"4,5,7",1,0,1,1
abs20204,1,"3,6",2,0,1,1
abs01055,1,"6,7",2,0,1,1
abs21550,0,7,2,0,0,0
abs16845,0,7,2,0,0,0
abs17888,0,"0,6,7",2,0,0,0
abs08172,1,"1,2,6,7",2,24,1,1
abs04176,0,"3,7",1,0,1,1
abs18747,1,"3,6",2,0,1,1
abs02810,0,"4,7",2,0,1,1
abs11448,0,"5,7",2,0,1,1
abs18667,1,3,2,0,1,1
abs21303,0,"4,5,6",2,0,0,0
abs08926,0,0,0,0,0,0
abs18995,1,"6,7",1,0,0,0
abs21601,1,3,1,0,1,1
abs22039,0,0,2,0,1,1
abs15363,1,"4,6",2,0,1,1
abs09455,0,"0,6",0,0,0,0
abs03869,0,"4,6",2,0,0,0
abs14230,0,0,2,0,1,1
abs09694,0,6,0,0,0,0
abs10358,0,0,0,0,0,0
abs05714,1,"6,7",2,0,0,0
abs15170,1,"6,7",2,0,1,1
abs14067,1,2,2,0,1,1
abs05990,1,"4,5,6,7",1,0,1,1
abs10733,1,"4,5,6",2,0,0,0
abs16504,1,6,2,0,0,0
abs21578,1,"5,6",2,0,0,0
abs06889,0,"2,7",2,0,0,0
abs14198,0,"0,6",2,0,1,1
abs16859,1,"4,5,6,7",2,0,0,0
abs08340,1,"5,7",1,0,0,0
abs18686,0,"1,2,3",2,"12,14,15,16,22,26,27,28,30,39",1,1
abs04275,0,0,0,0,0,0
abs04249,0,0,0,0,0,0
abs11541,1,"4,5,6,7",2,0,1,1
abs15673,0,"5,7",1,0,0,0
abs03317,0,0,0,0,0,0
abs15183,1,"6,7",2,0,1,1
abs12258,1,"4,7",2,0,0,0
abs05629,1,7,1,0,1,1
abs07756,1,"5,6,7",1,0,0,0
abs13075,0,"4,5,6,7",2,0,0,0
abs19489,0,"4,6",2,0,1,1
abs08857,0,"4,7",2,0,0,0
abs17786,1,"5,7",1,0,0,0
abs13424,0,"4,6",2,0,1,1
abs05786,1,"4,5,6",2,0,0,0
abs10430,0,"2,3,7",1,0,1,1
abs05549,1,4,2,0,0,0
abs10738,1,"3,4,5,6,7",1,0,1,1
abs10082,1,"2,3,7",1,0,1,1
abs03338,0,"0,6",0,0,0,0
abs12318,0,7,2,0,0,0
abs08238,0,"5,7",2,0,0,0
abs17279,0,2,2,"12,22,26,33",1,1
abs02775,0,7,0,0,0,0
abs01106,0,"3,7",1,0,1,1
abs19188,1,"2,3,6,7",1,"15,22,26,33,39",1,1
abs16999,0,2,2,0,1,1
abs22215,1,"6,7",2,0,1,1
abs05825,1,"6,7",2,0,0,0
abs07438,1,"4,5,6,7",1,0,0,0
abs20751,0,"6,7",2,0,1,1
abs03193,1,"3,6",1,0,1,1
abs08720,1,"4,7",1,0,1,1
abs03947,0,0,2,0,0,0
abs07038,1,2,2,0,1,1
abs15431,1,"4,5,7",2,0,0,0
abs20747,1,"2,3,4,6",2,"13,15,22,26",0,0
abs21368,1,"4,5,6,7",2,0,0,0
abs14670,1,"6,7",2,0,0,0
abs08495,0,"6,7",2,0,0,0
abs18710,1,"4,5,6,7",2,0,1,1
abs20802,1,"3,7",1,0,0,0
abs16528,0,6,2,0,0,0
abs13408,1,"6,7",2,0,0,0
abs07712,1,"4,5,7",1,0,0,0
abs00689,0,"0,6",2,0,1,1
abs04023,0,"5,7",0,0,0,0
abs00650,0,0,2,0,0,0
abs07278,1,"5,6",1,0,0,0
abs14922,0,6,2,0,0,0
abs11482,0,6,0,0,0,0
abs02218,0,"2,7",1,"5,15,22,27,37",0,0
abs03176,0,"3,7",1,0,1,1
abs08259,1,"4,5,6,7",1,0,0,0
abs12588,1,"4,6",2,0,0,0
abs14560,0,"6,7",1,0,0,0
abs19180,0,"4,7",1,0,0,0
abs16794,0,"5,7",2,0,0,0
abs04475,0,"3,7",2,0,0,0
abs03261,1,6,2,0,0,0
abs04391,0,"0,6,7",2,0,0,0
abs19024,1,"4,5,6",2,0,0,0
abs14043,0,2,2,0,1,1
abs03755,1,6,2,0,1,1
abs05767,1,"4,5,6,7",2,0,1,1
abs01810,1,"3,7",2,0,0,0
abs12920,1,"5,6",2,0,0,0
abs06384,1,"6,7,9",2,0,0,0
abs10543,0,"6,7",0,0,1,1
abs17110,0,7,0,0,0,0
abs04415,0,7,0,0,0,0
abs09885,0,"4,6",2,0,1,1
abs16842,0,"2,3,6,7",1,24,0,0
abs08114,1,"4,7",2,0,0,0
abs14547,1,"4,5,6",2,0,1,1
abs17459,1,"3,7",2,0,1,1
abs12984,1,6,2,0,0,0
abs15931,1,"1,2,7",2,"2,3,6,7,8,9,11,13,14,15,18,20,22,24,30,34",1,1
abs06605,0,"6,7",2,0,0,0
abs15695,1,"5,6",1,0,0,0
abs03617,1,2,2,"12,14,22,26,27,33,34",1,1
abs05624,0,"6,7",2,0,1,1
abs07745,1,"6,7",1,0,0,0
abs04684,0,"0,3",2,0,0,0
abs11073,0,7,2,0,0,0
abs00443,0,"0,6,7",0,0,0,0
abs04394,1,3,2,0,0,0
abs13757,0,"2,3,7",1,0,1,1
abs12201,1,"4,5,6,7",2,0,0,0
abs06429,1,2,2,0,1,1
abs03886,1,"5,7",1,0,1,1
abs18935,1,"3,7",1,0,1,1
abs07586,1,"5,6",1,0,0,0
abs21483,0,"4,5",2,0,1,1
abs08173,1,"1,2,3,4,5,6",1,"7,14,18,21,26,27,30,34,35,36,39,40",1,1
abs02766,1,"2,5,7",2,"13,14,19,20,21,24,27,30,36,37",0,0
abs17237,0,"6,7",2,0,1,1
abs19134,0,"5,6,7",2,0,1,1
abs19116,0,6,1,0,0,0
abs16176,1,"4,5,6",2,"13,14,15,18,21,26,27",0,0
abs06917,0,0,0,0,0,0
abs16568,1,"4,7",2,0,0,0
abs18652,1,"4,5,6,7",2,0,1,1
abs10290,1,"1,2,3,4,5,6",2,"15,20,22,27,36",1,1
abs04651,0,"4,5",2,0,1,1
abs19347,1,"4,5,6,7",2,0,0,0
abs09181,1,"4,7",2,0,1,1
abs13221,1,"5,6",1,0,0,0
abs05404,1,"4,7",2,0,1,1
abs17219,0,"3,6",2,0,1,1
abs05717,1,"4,5,6",2,0,0,0
abs08062,1,"1,2,3,4,5,6",2,0,1,1
abs03964,0,"0,5",0,0,0,0
abs18300,1,"1,2,3",2,"11,22",1,1
abs04587,0,"0,6,7",2,0,0,0
abs09398,1,"4,5,6,7",1,0,0,0
abs01451,0,0,1,0,0,0
abs11548,1,"5,7",2,0,1,1
abs01991,0,6,2,0,0,0
abs00216,0,"0,5,6",0,0,0,0
abs02809,0,"6,7",2,0,0,0
abs17436,1,"0,5,7",1,8,0,0
abs07242,1,"4,5,7",1,0,1,1
abs19982,1,"2,3,6",2,0,1,1
abs04953,1,"2,3,6,7",2,"16,27,33",1,1
abs13274,1,"4,7",2,0,0,0
abs06349,1,"4,5,6",2,0,0,0
abs11855,1,"4,7",2,0,0,0
abs12508,0,6,2,0,0,0
abs04175,0,0,2,0,0,0
abs15436,0,"4,5,7",2,0,0,0
abs05197,1,"5,6",2,0,0,0
abs21097,1,"4,5,6,7",2,33,1,1
abs16489,1,"5,6",1,0,0,0
abs17020,0,"2,3,6",2,0,0,0
abs14449,0,"2,3,7",2,0,1,1
abs07769,1,"2,3,5,6",2,"17,18,21,22,27,33,34",1,1
abs17457,0,"0,2,7",2,0,0,0
abs03842,1,3,2,0,1,1
abs20187,1,"4,5,6,7",2,0,0,0
abs21022,0,"4,5,6,7",1,0,0,0
abs05303,1,"4,5,6",1,0,1,1
abs04255,0,"0,3,6",0,0,0,0
abs11450,0,4,0,0,1,1
abs02119,0,"0,6",2,0,0,0
abs01439,0,0,2,0,1,1
abs12453,1,"5,6,7",2,0,0,0
abs12511,1,"4,5,6,7",2,0,1,1
abs03129,0,"0,7",1,0,1,1
abs06414,1,"4,5,6,7",2,0,1,1
abs15622,0,"4,6",2,0,0,0
abs18916,1,"1,3,6,7",2,"15,16,21,26,27",1,1
abs16417,0,"4,5,6",1,0,0,0
abs16522,1,"4,6,7",1,0,1,1
abs11466,1,"4,6,7",2,0,0,0
abs07473,1,"4,5,6,7",1,0,0,0
abs02227,0,"2,3,7",2,"13,14,15,18,22,24,27,34",1,1
abs19359,1,"3,7",2,0,0,0
abs13491,1,"4,7",2,0,1,1
abs21572,0,"0,6,7",0,0,0,0
abs14643,0,"4,7",2,0,1,1
abs13790,0,"2,3,7",2,"2,4,9,14,17,22,27,36,39,40",0,0
abs06175,1,"3,7",2,0,1,1
abs02437,0,"3,6",1,0,0,0
abs03173,1,"2,3,6,7",2,"13,14,15,16,21,26,27,28",1,1
abs05051,0,"3,7",2,"16,22",1,1
abs03422,1,"6,7",2,0,1,1
abs20760,0,"0,2",1,0,1,1
abs12664,0,"2,7",0,0,1,1
abs21951,0,"1,2,7",2,"3,13,22,27",1,1
abs17802,0,0,2,0,1,1
abs07237,1,"4,5,7",1,0,1,1
abs01619,0,0,2,"3,13,18,20,22,26,27,33,40",1,1
abs00258,0,0,2,0,1,1
abs05282,0,0,2,0,1,1
abs10367,1,"2,3,7",2,0,1,1
abs09482,0,6,2,0,1,1
abs13551,1,"4,5,6",1,0,0,0
abs06754,0,0,2,0,1,1
abs19131,0,7,2,0,0,0
abs03088,0,0,2,0,0,0
abs02402,0,0,0,0,0,0
abs15149,1,"4,7",2,0,0,0
abs14951,1,"4,5",2,0,0,0
abs15835,1,"4,6,7",2,0,0,0
abs20066,1,"4,7",2,0,1,1
abs03401,0,0,0,0,0,0
abs19648,1,"4,6",2,0,0,0
abs18117,0,4,2,0,0,0
abs15328,1,"1,2,3,4,5,6",2,"2,4,9,14,15,18,20,22,26,27,32,33,35,36,39,40",1,1
abs14993,1,"4,5,6",2,0,0,0
abs11813,0,"4,5,6",1,0,0,0
abs15142,1,"1,2,4,5,6",2,0,1,1
abs10528,0,0,0,0,1,1
abs16895,0,"0,6,7",0,0,0,0
abs03275,0,"0,2,7",0,0,0,0
abs02792,0,"5,7",1,26,0,0
abs15672,1,3,2,0,0,0
abs07033,1,2,2,0,1,1
abs12121,1,"5,7",1,0,1,1
abs12220,1,"5,7",1,0,1,1
abs16629,1,"4,5,6,7",2,0,0,0
abs07476,1,"4,5,6",2,0,0,0
abs09136,0,"5,6",2,0,0,0
abs03378,0,"5,7",2,0,1,1
abs18824,0,4,1,0,0,0
abs11506,0,"5,6",2,0,1,1
abs10231,0,6,2,0,0,0
abs11618,1,"4,5,6,7",2,"14,22,24,26,27,28,33,35,36,37,39,40",1,1
abs03377,0,0,0,0,0,0
abs12926,0,6,2,0,0,0
abs20852,1,"3,7",2,0,0,0
abs15205,0,"4,5,6,7",1,0,0,0
abs12974,1,4,2,0,1,1
abs13593,0,"0,6",0,0,0,0
abs00157,0,"2,3,7",2,23,0,0
abs10806,0,"4,7",2,"17,20",0,0
abs18992,1,"3,7",1,0,1,1
abs19859,0,6,2,0,1,1
abs07115,1,"4,5,6,7",2,0,0,0
abs07951,1,"6,7",2,0,1,1
abs01945,0,0,0,0,0,0
abs21773,1,"2,7",2,0,1,1
abs07617,0,"5,6",1,0,1,1
abs03230,0,"0,6,7",2,0,0,0
abs11001,1,"4,5,6,7",2,0,0,0
abs20023,1,"4,7",2,0,0,0
abs12191,0,"0,6",0,0,0,0
abs10056,1,"2,7",2,0,1,1
abs06786,1,"3,4,5,6,7,13",2,0,1,1
abs15131,0,"4,6",2,0,0,0
abs06820,1,"1,2,7",2,"11,22,26,27",1,1
abs12426,0,"4,6",2,0,0,0
abs15769,1,"6,7",1,0,0,0
abs14323,0,0,0,0,0,0
abs02445,0,"3,6",1,0,1,1
abs18794,1,"1,2,3,4,5,6,7",2,26,0,0
abs17152,0,"0,3",2,0,1,1
abs16979,0,"6,7",0,0,1,1
abs11768,1,"5,7",1,0,0,0
abs09790,0,"5,6",1,0,0,0
abs03170,0,"2,3",0,24,0,0
abs17532,0,"2,3,7",2,"12,32",1,1
abs09045,1,"5,6",2,0,0,0
abs17643,1,"3,7",1,0,1,1
abs15209,1,"6,7",2,0,0,0
abs10623,1,"2,3,6",2,"11,17,22,27,36,37",1,1
abs04737,1,6,2,0,1,1
abs00198,0,"0,5",2,0,0,0
abs04067,0,6,2,0,0,0
abs03440,0,"2,3,4,5,6",2,"13,14,15,16,18,22,26,27,33,35",1,1
abs11777,1,"0,5,7",1,0,0,0
abs03266,0,0,2,0,0,0
abs19048,1,"1,2,3,6",2,"14,15,22,26,35,40",1,1
abs02420,0,0,0,0,0,0
abs01383,1,"2,3,6",2,0,1,1
abs11521,0,"0,2,6,7",2,0,0,0
abs21348,1,"4,5,6",2,0,1,1
abs04624,1,"1,2,3,6",2,"14,15,22,24",1,1
abs02733,0,6,0,0,0,0
abs03614,0,6,2,0,1,1
abs08590,1,"4,5,6",2,0,1,1
abs17038,0,0,0,0,0,0
abs09807,1,7,1,0,0,0
abs01076,0,"1,2,3,6,7",2,"7,17,22,26,27,30",1,1
abs17765,0,"2,3,6,7",1,"12,14,15,16,22,26,27,28",1,1
abs04558,0,0,2,0,1,1
abs13761,1,"6,7",2,0,1,1
abs06688,1,"2,3,7",2,0,1,1
abs14856,1,"4,5,6,7",2,0,0,0
abs21528,0,7,2,"3,13,21,24,26,27,30,39",1,1
abs11576,1,"1,2,4,5,6",2,0,1,1
abs08178,0,4,2,0,0,0
abs03346,1,"3,7",1,21,0,0
abs21317,1,"4,6,7",2,0,0,0
abs21354,0,"0,6",2,0,0,0
abs14520,0,"4,7",2,0,1,1
abs14263,1,"6,7",2,0,0,0
abs12648,1,"4,5,6,7",1,0,0,0
abs08519,0,"0,6",2,0,0,0
abs00035,0,"3,5,6",1,0,1,1
abs14334,0,0,2,0,1,1
abs02579,0,6,2,0,0,0
abs19202,1,"1,2,3",2,"7,17,22,29,30,34,35,36",1,1
abs06450,0,"2,3,7",1,"16,20,26,33,35,36",1,1
abs03359,0,"6,7",1,0,0,0
abs01411,0,"2,3,7",2,0,1,1
abs21880,1,"5,7",1,0,1,1
abs05023,0,3,1,0,1,1
abs10007,0,"0,3,5,6",2,0,1,1
abs20397,1,"3,7",2,0,1,1
abs22071,1,"2,3,5,6",2,"13,14,15,16,21,26,27,28,33,35",1,1
abs00036,1,"4,7",2,"13,15,16,17,22,26,27,30,34",1,1
abs21374,1,"4,7",1,0,1,1
abs01997,0,"6,7",2,0,1,1
abs11778,1,"4,6",2,0,0,0
abs17178,0,"3,6",2,0,1,1
abs04278,1,"6,7",2,0,0,0
abs07241,1,"4,5,6",2,0,0,0
abs18872,1,"3,7",2,0,1,1
abs15711,1,6,2,0,0,0
abs21162,1,"6,7",2,0,1,1
abs02611,0,"6,7",2,0,0,0
abs17997,1,"5,6",2,0,1,1
abs17086,0,2,0,0,0,0
abs11069,1,"4,6",1,0,0,0
abs12423,1,"4,6",2,0,0,0
abs17222,1,"1,2,3,4,5,6",2,"9,20,22,27,34",0,0
abs20543,1,"3,7",2,0,1,1
abs08773,1,"4,7",2,0,0,0
abs19446,1,"5,7",2,"13,15,22,27,33,34",1,1
abs11955,0,"0,6",2,0,0,0
abs14754,1,"4,7",2,0,0,0
abs09421,0,"0,2,6",2,0,0,0
abs08952,1,"4,5,6,7",1,0,0,0
abs19863,1,"3,7",2,0,1,1
abs15696,0,"4,7",2,0,1,1
abs10694,0,"1,2,3,6",2,"13,14,17,20,22,26,27,33,34",1,1
abs15245,0,"4,6",2,0,0,0
abs07895,1,"4,5,6",1,0,1,1
abs14085,0,6,2,0,1,1
abs07474,1,"5,6",1,0,1,1
abs15403,1,"5,6,7",2,0,0,0
abs19152,0,3,2,0,1,1
abs12991,1,"1,2,3,4,5,6",2,"7,22,27",0,0
abs02150,0,"0,6",2,0,0,0
abs21830,0,2,0,"16,20,27",0,0
abs19483,1,3,2,0,1,1
abs08149,1,7,2,0,0,0
abs09374,0,"0,6",0,0,0,0
abs02286,0,"2,3,7",2,9,0,0
abs00709,0,3,2,0,1,1
abs20933,0,2,2,0,0,0
abs07684,0,"5,7",1,0,0,0
abs12660,1,"3,7",2,0,1,1
abs12058,1,6,2,0,0,0
abs01873,0,7,2,0,1,1
abs08071,0,"0,3,6",2,0,1,1
abs07403,1,"6,7",2,0,0,0
abs09106,1,"4,7",2,0,0,0
abs22063,1,"1,2,3,6",2,"7,17,22,26,27,30,31,36,39",1,1
abs04462,1,"5,7",2,0,0,0
abs01158,0,4,2,0,1,1
abs09724,1,"5,6",1,0,0,0
abs01219,0,"1,2,3,6",2,"7,22",1,1
abs03415,0,0,0,0,0,0
abs18867,1,"3,4,5,6,7",1,0,0,0
abs04876,1,3,2,0,0,0
abs18282,0,0,2,0,0,0
abs18292,0,"2,7",2,"3,13,24,27",1,1
abs10863,0,"6,7",2,0,0,0
abs12100,0,"4,5,6",2,0,0,0
abs11978,0,"6,7",2,"3,13,18,20,33",1,1
abs08861,1,"4,5,6,7",2,0,1,1
abs16645,1,"5,6",1,0,0,0
abs17468,0,"0,2,7",0,0,0,0
abs07766,0,"5,6",1,0,0,0
abs08783,0,"4,6,7",2,0,1,1
abs10902,1,"3,4,5,6",1,"14,15,22,26,33",1,1
abs19950,1,"3,7",2,0,1,1
abs22216,1,"2,7",2,0,1,1
abs21027,1,"5,6",1,0,1,1
abs10572,1,"2,7",2,"14,22,27",1,1
abs18538,0,0,2,0,1,1
abs12861,0,"4,5,6",1,0,0,0
abs13395,1,"0,5,6,7",1,0,1,1
abs02281,0,"0,6",2,0,0,0
abs01685,1,3,1,0,1,1
abs18309,0,0,0,0,1,1
abs09972,0,2,2,"14,15,22,24,27,33,34",0,0
abs16348,0,"0,6",0,0,0,0
abs13280,1,"4,5,6",1,0,0,0
abs03879,0,"2,3,6,7",1,"15,20,27,34",0,0
abs01634,0,"2,3",2,"0,1,2,3,6,8,9,14,15",1,1
abs16181,1,"0,7",1,0,0,0
abs18251,1,"4,6,7",2,0,1,1
abs20094,0,"0,7",2,0,0,0
abs08788,1,"4,7",2,0,1,1
abs04338,0,"0,2,7",0,0,0,0
abs06521,0,"1,2,3",2,"13,15,16,17,22,26,27",1,1
abs14678,0,"2,4,7",2,0,0,0
abs02591,0,"0,2,6",2,0,0,0
abs19164,1,"3,7",2,0,1,1
abs11766,0,"0,6,7",2,0,0,0
abs01998,0,"0,3,6",0,0,1,1
abs09290,1,"4,5,6,7",2,0,1,1
abs17787,0,0,2,0,1,1
abs16461,0,"4,7",2,"8,18,21,26,27",1,1
abs11294,1,"4,5,6",2,0,0,0
abs02328,1,"3,7",2,0,1,1
abs12028,1,"4,5,7",2,0,0,0
abs01128,0,0,2,0,1,1
abs09034,1,"4,5,6,7",2,0,0,0
abs06083,1,"4,5,6",2,0,1,1
abs16503,1,"5,6,7",2,0,0,0
abs03624,0,0,2,0,0,0
abs15731,0,6,2,0,0,0
abs05690,1,"3,4,5,6",2,0,1,1
abs16476,0,"5,6",1,0,0,0
abs06849,1,"1,2,7",2,0,1,1
abs19248,0,"6,7",2,0,1,1
abs03736,0,"0,2,3,5,6,7",1,"3,13,18,20",0,0
abs02231,0,"0,3,6",2,0,1,1
abs06111,1,"5,7",2,0,0,0
abs06946,1,"5,6",2,0,1,1
abs17257,0,0,2,0,0,0
abs05368,1,"3,4,5,6,7",1,0,1,1
abs18664,1,"3,7",2,0,1,1
abs06255,1,"4,5,7",1,0,0,0
abs01943,1,"3,6",2,0,1,1
abs19475,1,"1,2,3,4,5,6,7",2,"20,22,24",0,0
abs04443,0,7,2,0,1,1
abs08242,0,"4,5,6",2,0,1,1
abs13287,0,"0,6,7",2,0,0,0
abs13724,0,"1,3,4,6",2,"3,13,21,34",1,1
abs17341,0,"0,6",2,"0,14,16,18,22,26,28,33,35,37",0,0
abs18092,0,0,0,0,0,0
abs16191,1,4,2,0,0,0
abs09497,0,"0,6,7",2,0,0,0
abs15020,0,"0,6",2,0,0,0
abs07791,1,"4,5,6,7",2,0,1,1
abs09464,0,"4,5,6",2,0,0,0
abs17080,0,"0,2,7",2,0,0,0
abs07159,1,"5,6,7",1,0,0,0
abs06109,1,"3,4,5,6",2,0,1,1
abs02410,0,"0,6,7",2,0,0,0
abs08999,1,"5,7",1,0,1,1
abs18688,1,"3,7",2,0,1,1
abs07726,1,"4,5,6,7",2,0,0,0
abs01428,0,7,1,0,1,1
abs14369,0,0,2,0,1,1
abs20907,1,"2,3,6,7",2,"16,26,34",1,1
abs10805,1,"5,6",1,0,0,0
abs21756,1,"2,3,6,7",2,0,0,0
abs03830,0,6,0,0,1,1
abs17250,0,0,0,0,0,0
abs02577,0,"2,3,7",2,0,0,0
abs21552,0,"3,7",2,0,1,1
abs12379,1,"4,5,7",2,0,1,1
abs18744,1,"2,3,6,7",2,0,1,1
abs19517,1,"4,7",2,0,0,0
abs07526,0,4,2,0,0,0
abs03895,0,2,2,"13,15,22,27,33,36",1,1
abs05339,1,"4,5,6,7",2,0,0,0
abs00189,0,"6,7",2,0,0,0
abs21663,1,"5,6",2,0,1,1
abs05148,0,6,2,0,0,0
abs22080,1,"2,3,6",1,0,1,1
abs09121,0,"0,6,7",2,0,0,0
abs09834,1,"4,5,6",2,0,0,0
abs05172,1,3,2,0,1,1
abs10692,0,0,2,0,1,1
abs03694,0,"3,7",2,0,1,1
abs06996,1,"5,6,7",2,0,1,1
abs14885,0,"0,5,6",2,0,0,0
abs05147,0,"0,7",2,0,1,1
abs07110,1,"3,7",2,0,0,0
abs16073,1,"3,6",2,0,1,1
abs13612,1,7,1,0,0,0
abs10569,1,"2,3,7",2,0,1,1
abs19525,0,6,2,0,0,0
abs06736,0,"2,3,6",2,0,1,1
abs17827,0,"4,5,6",2,0,0,0
abs05294,1,"6,7",2,0,0,0
abs20883,1,"6,7",1,0,1,1
abs11985,0,7,0,0,0,0
abs05575,0,6,2,0,0,0
abs02461,0,0,0,0,0,0
abs05399,1,"5,6",2,0,1,1
abs17696,1,"2,3,7",2,"3,13,22,26,27",1,1
abs16847,0,"0,6,7",0,0,0,0
abs19705,1,"6,7",1,"14,15,22,27,33,34",0,0
abs01432,0,"3,6",2,0,1,1
abs04816,0,"0,2,6,7",0,0,0,0
abs13918,0,"0,6",2,0,1,1
abs06097,1,"5,6,7",1,0,0,0
abs14839,1,"1,2,5,7",1,"13,14,18,20,21,26,27,28,33,36,37",1,1
abs20049,0,"0,5",0,0,0,0
abs09780,1,"4,7",2,0,0,0
abs10175,1,"2,3,6,7",2,"16,22,26,27,28,30,31,36,37,39",1,1
abs02824,0,"3,7",2,0,1,1
abs08528,1,7,2,0,1,1
abs21573,0,"6,7",2,0,0,0
abs05355,1,"5,6",2,0,0,0
abs05732,1,"4,6",2,0,0,0
abs12140,1,"4,5,6,7",2,0,0,0
abs10643,0,0,2,0,0,0
abs01528,1,"1,2,3,6,7",2,"14,15,16,22,24,26,27,28",1,1
abs05086,0,"2,3,4,5,6",2,"16,21,26,33,40",1,1
abs14329,0,"0,2,3,5,6",2,0,1,1
abs16531,0,0,0,0,0,0
abs16378,0,"4,6",2,0,1,1
abs03993,0,"6,7",2,0,1,1
abs17550,0,2,2,"12,15,22,33",1,1
abs15048,0,"5,6",2,0,1,1
abs06390,1,"4,5,6,7",2,0,0,0
abs08066,1,"3,7",2,0,0,0
abs01807,0,6,1,0,0,0
abs01094,0,0,0,0,0,0
abs06310,1,"4,5,6",1,0,1,1
abs11620,1,"4,5,6,7",2,0,0,0
abs09982,0,7,2,0,0,0
abs08310,0,6,2,0,0,0
abs11203,1,"0,7",2,"0,17,26,28,33,35,36,39,42",0,0
abs16872,0,"4,6",2,0,0,0
abs01353,0,2,1,"13,15,16,21,26,27",1,1
abs15957,1,"4,5,6,7",0,0,0,0
abs18471,0,"3,6",2,0,1,1
abs15857,1,"4,5,6",2,"13,15,22,27,36",0,0
abs04180,0,"0,6",0,0,0,0
abs08400,1,"4,5,6,7",2,0,1,1
abs14491,1,"6,7",2,0,0,0
abs06981,1,"1,3,7",1,0,1,1
abs11451,0,"5,7",1,0,1,1
abs04388,0,"1,2,3",2,"7,17,22",1,1
abs12611,1,"5,6",2,0,0,0
abs18152,0,7,0,33,0,0
abs09344,1,"3,4,6",2,0,0,0
abs17421,1,7,2,0,0,0
abs00499,0,"5,6",2,0,1,1
abs21923,1,"2,3,6",2,"13,14,17,22,26,33,34",1,1
abs11931,1,"4,5,6",2,0,0,0
abs08677,1,"1,2,5,6",2,"13,18,21,22,26,27",1,1
abs14713,1,"5,6",1,0,0,0
abs13807,0,2,2,"14,15,22,24",0,0
abs01124,0,"1,2,3,6,7",2,"14,15,18,20,22,26,27,28,30,33,34",1,1
abs08829,1,"3,4,5,6,7",2,0,1,1
abs09030,0,0,2,0,0,0
abs19789,0,0,0,0,0,0
abs09449,1,"6,7",2,0,0,0
abs04924,0,"1,2,3,4",2,"17,18,21,26,27",0,0
abs13257,1,"4,5,6",2,0,0,0
abs15687,1,"5,6",2,0,0,0
abs03819,0,"0,6,7",2,0,1,1
abs18360,1,"3,7",1,0,0,0
abs08676,1,"4,5,6",2,0,1,1
abs20149,0,7,2,0,1,1
abs19873,1,"1,2,3,6",2,"14,22,24,34",1,1
abs00894,0,"5,6",1,0,1,1
abs19532,1,"1,2,3,7",2,"12,14,15,16,22,26,27,28,30,34,35,36",1,1
abs15413,1,"5,6",1,0,0,0
abs12351,1,"4,5,6,7",1,0,0,0
abs17544,0,"6,7",2,0,0,0
abs20762,0,7,1,0,0,0
abs19665,1,"5,7",2,0,1,1
abs05843,1,"4,7",2,0,1,1
abs00727,1,"3,7",1,0,1,1
abs16741,1,"6,7",2,0,0,0
abs22261,1,"1,2,7",2,"7,17,22,27,36",1,1
abs02855,0,0,2,0,0,0
abs07626,1,"4,5,6,7",1,0,1,1
abs07478,1,"4,5,6,7",1,0,0,0
abs06351,1,"5,6",2,0,0,0
abs16945,0,"4,5,6,7",1,0,0,0
abs13418,0,"0,6",2,0,0,0
abs15982,0,"0,6",2,0,0,0
abs18769,0,"4,5",2,0,0,0
abs10066,0,0,2,0,0,0
abs07566,1,3,2,0,0,0
abs00953,0,6,2,0,1,1
abs17933,1,"6,7",2,0,0,0
abs19776,0,7,2,0,0,0
abs03071,0,0,0,0,0,0
abs06190,1,4,2,0,0,0
abs10128,0,"2,7",2,"14,15,22,27,33,40",1,1
abs13351,0,"5,7",1,0,0,0
abs03117,0,0,2,0,1,1
abs05171,0,7,0,0,0,0
abs01148,0,0,2,0,0,0
abs21958,1,"3,6",2,0,1,1
abs13298,1,"5,6",1,0,0,0
abs00428,1,"0,1,2,6",2,"12,15,16,21,22,27,33",1,1
abs17506,0,"0,3",1,0,1,1
abs17978,1,"4,5,6,7",2,0,0,0
abs04174,0,"2,7",2,0,0,0
abs11918,1,"4,7",2,0,1,1
abs10946,0,"0,6",2,0,0,0
abs15690,0,0,0,0,0,0
abs20660,1,6,2,0,0,0
abs15635,0,0,2,0,0,0
abs04136,0,7,2,0,0,0
abs17957,1,"4,7",2,0,1,1
abs20045,0,"0,2,3,5,6,7",2,0,1,1
abs20818,1,3,2,0,0,0
abs20253,1,"3,7",2,0,1,1
abs00025,0,"2,3,6,7",2,"16,20",1,1
abs08023,0,6,0,0,0,0
abs19767,0,0,2,0,1,1
abs02712,0,3,2,0,1,1
abs01463,0,0,2,0,0,0
abs03921,1,"2,3,6",2,"13,14,15,16,21,22,24,26,27,30,36,37,39,40",1,1
abs20029,0,"4,5,7",0,0,0,0
abs21371,1,"4,6",2,0,0,0
abs01178,0,0,2,0,1,1
abs17035,0,"1,2,7",2,"3,13,21,24,30",1,1
abs16769,1,"3,4,5,6,7",2,0,0,0
abs14689,1,"5,6",1,0,0,0
abs01564,0,0,0,0,0,0
abs21230,1,"3,4,5,6",2,0,1,1
abs08624,0,"4,6",2,0,1,1
abs08919,0,"6,7",1,0,0,0
abs04068,1,"3,7",2,0,0,0
abs17803,0,0,2,0,1,1
abs02041,1,"6,7",2,0,0,0
abs06472,1,2,2,"3,13,27",1,1
abs05860,1,"5,6",1,0,0,0
abs00911,1,"1,2,3,7",2,"15,20,27,34",1,1
abs01639,0,6,0,0,0,0
abs03086,0,"6,7",0,0,1,1
abs15583,1,"3,6,7",2,0,1,1
abs06278,1,"5,6",1,0,1,1
abs09799,1,"4,5,6",2,0,1,1
abs09738,0,"0,6",2,0,0,0
abs18027,1,"4,5,6,7",1,0,0,0
abs21680,1,"2,3,7",2,0,1,1
abs03179,1,"5,6",1,0,0,0
abs18894,0,"3,7",2,0,0,0
abs04877,0,7,2,0,0,0
abs14912,0,"0,6,7",2,0,0,0
abs16974,0,0,2,0,1,1
abs03865,0,6,1,0,0,0
abs07134,1,"4,5,6,7",2,0,1,1
abs22040,1,"1,3,7",2,"12,14,15,17,22,26,27,28",1,1
abs09326,0,0,1,0,0,0
abs04485,0,0,2,0,1,1
abs00275,0,"6,7",1,0,0,0
abs03926,0,0,0,0,0,0
abs13562,1,"4,6",2,"15,22,26,34",1,1
abs04717,0,"2,7",2,0,0,0
abs06881,0,2,2,0,1,1
abs08148,1,"4,5,6,7",1,0,0,0
abs21762,1,"1,2,3",2,"13,15,22,27,36,39",1,1
abs18426,0,0,2,0,0,0
abs09147,0,6,2,0,0,0
abs08754,0,"3,7",1,0,1,1
abs04845,1,"2,3,5,6",2,"12,18,22,27,40",1,1
abs16211,1,6,2,0,0,0
abs14518,1,4,2,"15,20,22,27",0,0
abs19302,1,"4,5,6,7",1,0,0,0
abs11072,1,"5,7",2,0,1,1
abs13626,1,"2,3,6",2,"3,13,21,22,34",1,1
abs19145,0,"5,6",1,0,0,0
abs03863,1,"5,6",2,0,0,0
abs04257,0,6,1,0,1,1
abs12657,0,0,2,"0,3,13,14,16,22,27,34,36,39,40",0,0
abs03814,0,0,2,0,1,1
abs06928,0,"3,6",2,0,1,1
abs17370,0,7,2,0,0,0
abs04908,0,"3,7",2,0,1,1
abs10971,1,"5,6",1,0,0,0
abs17539,1,"3,7",1,0,0,0
abs12757,1,"4,5,6,7",1,0,1,1
abs16032,1,"6,7",2,0,1,1
abs17862,1,"4,5,6",2,0,0,0
abs04315,0,7,2,0,1,1
abs02537,0,2,2,"15,20,25,26",1,1
abs08569,1,"5,6,7",2,0,0,0
abs20544,0,7,2,0,0,0
abs12035,0,"4,7",2,"15,20,21,26",0,0
abs21757,1,"2,3,7",2,"3,24",1,1
abs00311,0,"3,7",1,0,1,1
abs07142,1,"4,5,6",1,0,0,0
abs19968,1,"4,5,6,7",2,0,0,0
abs19175,0,0,0,0,0,0
abs14980,1,"4,5,6",2,0,0,0
abs19988,1,"3,7",1,0,1,1
abs13732,0,2,2,0,1,1
abs00710,0,2,2,"15,20,26,28,33,35,36,37,39,40",0,0
abs03870,1,"3,6",2,0,0,0
abs15190,0,"0,6,7",2,0,0,0
abs17528,0,0,2,0,0,0
abs07916,1,"4,5,6",2,0,1,1
abs16284,0,"2,3,6",2,"16,22,26,34",0,0
abs20636,1,3,2,"13,15,16,21,26,27",1,1
abs06405,0,"4,7",2,0,0,0
abs09788,1,"4,5,6,7",2,0,0,0
abs08249,1,"4,6",2,0,1,1
abs09590,1,"3,4,7",2,0,1,1
abs15996,1,"4,5,7",1,0,1,1
abs03818,0,"2,7",2,"13,14,15,24,27,32,33,35,36",0,0
abs13516,0,"0,5,6",2,0,0,0
abs08661,1,"3,4,7",2,0,1,1
abs18702,1,"3,7",2,0,0,0
abs17806,0,2,2,12,1,1
abs02239,0,"0,2",2,0,1,1
abs15443,0,"5,6",1,0,0,0
abs22157,1,"6,7",2,0,1,1
abs11170,1,"4,7",2,0,0,0
abs02617,1,3,1,0,0,0
abs15421,0,"0,5,6",0,0,0,0
abs10713,0,0,2,0,0,0
abs07637,1,"4,5,6,7",1,0,0,0
abs07649,1,"4,5,6,7",2,0,0,0
abs21679,1,"1,2,3",2,"17,22,34",1,1
abs10907,1,"2,3,4,5,6",2,"7,18,22,27",0,0
abs09587,1,"4,5,6,7",2,0,1,1
abs13672,1,2,2,0,1,1
abs02685,0,0,2,0,0,0
abs14860,0,"4,5,6",1,0,0,0
abs11395,0,"5,7",0,0,0,0
abs10508,0,2,2,"16,21,26,34,35,36,37,39,40",1,1
abs04286,0,"3,5,6",1,0,1,1
abs17155,0,"1,3,7",2,"3,13,24,27,33",1,1
abs03433,0,6,1,0,1,1
abs07759,1,"5,6",2,0,0,0
abs07570,0,"6,7",2,0,0,0
abs03331,0,"0,3,6",2,0,1,1
abs15022,0,"0,1,7",1,0,0,0
abs15488,1,"4,7",2,0,0,0
abs19292,0,6,2,0,0,0
abs00393,1,"2,3",2,"12,22,27",1,1
abs11304,1,"3,5,7",1,0,1,1
abs02302,0,"4,6",2,0,0,0
abs06264,0,"0,5,6",2,0,0,0
abs17240,1,"6,7",0,0,0,0
abs02651,0,0,0,0,0,0
abs21227,0,"6,7",2,0,1,1
abs00698,0,"0,2,3,6",2,0,0,0
abs10914,0,"0,3,6",2,0,0,0
abs17170,0,"2,3",2,"12,32",0,0
abs02992,0,2,2,0,0,0
abs14984,0,6,2,0,0,0
abs18218,0,0,0,0,0,0
abs08043,1,"1,3,4,6",2,0,1,1
abs01456,0,"0,3,6",2,0,0,0
abs14671,1,"4,5,6",2,0,0,0
abs19431,1,"5,6,7",2,0,0,0
abs06020,1,"4,5,6",2,0,0,0
abs09220,1,"6,7",2,0,0,0
abs13843,0,2,0,0,0,0
abs14679,0,"0,5,6",2,0,0,0
abs16326,1,"1,2,3",2,"15,17,22,26,27,30,33,36,39",1,1
abs15447,1,"4,5,6,7",2,0,0,0
abs00931,1,"2,7",2,0,1,1
abs08358,0,"0,6,7",2,0,0,0
abs16596,0,"4,5,6",2,0,0,0
abs09584,0,"4,6",2,0,0,0
abs18540,0,"2,3",2,0,1,1
abs15524,0,"3,5,7",1,0,0,0
abs17433,0,0,2,0,1,1
abs04383,0,"2,3,6",2,"13,14,15,16,22,27,30,36,39",1,1
abs10784,1,4,1,0,0,0
abs18960,1,"2,3,7",2,0,1,1
abs15637,0,6,1,0,0,0
abs04667,0,7,0,0,0,0
abs20546,1,"4,6",2,0,1,1
abs21500,0,"4,6",2,0,1,1
abs20470,0,"0,7",2,0,0,0
abs14955,1,"4,5",2,0,0,0
abs11314,1,"4,5,6,7",2,0,0,0
abs14731,0,6,2,0,0,0
abs05041,0,7,2,0,0,0
abs09347,1,"4,5,6",1,"14,22,27,34",0,0
abs16667,0,7,2,0,0,0
abs11683,0,"4,7",2,0,1,1
abs19556,1,"3,4,5",2,0,0,0
abs21476,1,"1,2,3,7",1,"15,16,27,34",1,1
abs13510,1,"1,2,3,4,5,6,7",2,"15,22,26,34",1,1
abs19932,1,"3,7",2,0,1,1
abs10469,1,"2,3,6",2,"7,8,9,11,12,13,14,15,16,17,20,22,23,24,25,26,27,28,29,30,31,34,35,36,39",1,1
abs20518,1,"3,6,7",2,0,1,1
abs10629,1,3,2,0,0,0
abs04491,0,"0,2,7",2,0,1,1
abs14931,1,"4,5,7",1,0,1,1
abs08740,0,"5,6",2,0,0,0
abs05194,0,7,0,0,0,0
abs02546,0,"6,7",2,0,0,0
abs01281,0,"0,2,7",0,0,0,0
abs11725,0,"0,2,7",2,0,0,0
abs05342,1,"3,4,5,6",2,0,1,1
abs02598,0,"6,7",2,0,1,1
abs06921,1,"3,7",2,0,1,1
abs10253,1,"5,6",1,"13,14,15,18,20,22,26,27",1,1
abs02507,0,"5,6",2,0,1,1
abs06199,0,"4,5,6",2,0,0,0
abs01398,0,"2,3",1,0,1,1
abs10625,1,"5,7",1,0,1,1
abs01856,0,"1,2,3,6",2,"7,18,22",1,1
abs20305,1,"3,7",1,0,1,1
abs03151,1,"1,2,3,6",2,"7,8,9,14,22,24,26,27,33,35,36,39,42",0,0
abs10785,0,"3,7",1,0,0,0
abs02033,0,"2,5,6,7",2,0,0,0
abs07599,1,"6,7",1,0,0,0
abs22114,1,"1,2,3,7",2,"15,16,27,29,30,34,35,36,37,39",1,1
abs02016,1,"1,2,3,6",2,"7,20,22",1,1
abs21168,1,"6,7",1,0,1,1
abs20619,1,"3,6,7",2,0,0,0
abs22090,1,3,2,0,1,1
abs19487,1,"3,7",2,0,1,1
abs01693,0,"0,6",2,0,0,0
abs08230,0,0,1,0,0,0
abs13713,0,0,0,0,1,1
abs04444,1,"3,7",2,0,1,1
abs21158,1,"4,7",2,"13,14,15,16,22,26,33",0,0
abs16385,0,6,2,0,0,0
abs18099,1,"4,7",2,0,1,1
abs13303,1,"5,6",2,0,0,0
abs00125,0,0,0,0,1,1
abs19624,0,0,2,0,1,1
abs03784,0,"0,6",2,0,0,0
abs05793,1,"4,5,6",2,0,0,0
abs00465,0,0,0,0,0,0
abs03893,1,"2,6,7",2,0,0,0
abs12157,0,"0,6",2,0,0,0
abs15376,0,7,2,0,0,0
abs08077,1,"4,6,7",2,0,0,0
abs09663,1,"1,2,5,6",2,"15,22,26,34",0,0
abs09150,1,"6,7",2,0,1,1
abs02892,0,"4,5,6",2,0,0,0
abs02697,1,2,2,"14,22,24,26,27,30,34,35,36,37,39,40",1,1
abs15700,1,"4,5,6",2,24,0,0
abs21574,0,"3,7",2,"13,14,15,18,20,22,26,27",1,1
abs06193,1,"4,5,6,7",2,0,1,1
abs12359,1,"4,5,6,7",2,0,1,1
abs12663,1,"6,7",1,0,0,0
abs13914,1,"5,7",1,0,1,1
abs01358,0,7,2,0,0,0
abs14595,0,0,2,0,0,0
abs01014,0,0,2,0,1,1
abs15843,1,"5,7",2,0,0,0
abs12417,1,"6,7",2,0,0,0
abs12479,1,"5,6",2,0,0,0
abs12795,0,"3,4,5,6",1,0,0,0
abs18524,0,"6,7",2,0,1,1
abs02570,0,"0,2,7",2,0,0,0
abs07828,0,"4,5,6",1,0,0,0
abs20528,1,3,2,0,0,0
abs21960,1,"4,5",1,27,0,0
abs02978,1,"3,6",2,0,1,1
abs09796,0,"6,7",2,0,0,0
abs14613,1,"4,5,6",1,0,0,0
abs05946,1,"4,5,6,7",2,0,0,0
abs08299,1,"4,5,6,7",2,0,0,0
abs08409,1,"4,5,6",2,0,0,0
abs10652,1,"3,6",2,0,1,1
abs12606,0,"5,7",1,0,1,1
abs18239,0,2,2,0,1,1
abs13219,1,"4,7",1,0,0,0
abs07660,1,"5,7",1,0,0,0
abs21189,1,"4,7",2,0,1,1
abs06610,1,"1,2,3",2,"7,17,18,21,26,27",1,1
abs04999,0,"0,6",0,0,0,0
abs17996,0,"4,5",2,0,0,0
abs08541,0,"0,5,6",0,0,0,0
abs20627,1,"3,7",1,0,1,1
abs11367,1,"4,5,6,7",2,0,0,0
abs04010,0,0,1,0,0,0
abs11841,1,"4,7",2,0,0,0
abs11249,1,"4,7",1,"2,3,4,6,7,8,9,11,12,13,14,15,16,18,19,20,21,24,25,26,28,30,33,35,36",1,1
abs20154,0,"0,2,7",0,0,0,0
abs05675,1,6,2,0,0,0
abs06436,1,"2,3,7",2,"7,17,22,26,35",1,1
abs06339,1,"5,7",2,0,0,0
abs16700,1,"3,6",1,0,0,0
abs07882,0,"5,6",2,0,0,0
abs17084,1,3,2,0,1,1
abs21607,1,"6,7",2,0,1,1
abs11387,1,4,2,0,0,0
abs19710,0,"5,6",2,0,1,1
abs02005,0,0,2,0,1,1
abs10097,0,"1,2,3",2,"0,12,19,20,22,29,30",1,1
abs17725,0,0,0,0,0,0
abs05321,1,4,2,0,0,0
abs15464,1,"4,5,6",1,0,0,0
abs16498,1,"5,6,7",1,0,0,0
abs18490,0,0,2,0,0,0
abs12914,0,0,2,0,0,0
abs05772,1,"4,5,6,7",2,0,0,0
abs19670,0,"0,2,4,5,7",2,0,0,0
abs20862,0,"0,6",1,33,0,0
abs01334,1,"1,2,4",2,"7,17,22,27,36",1,1
abs10437,0,0,2,0,1,1
abs11970,1,"4,5,6",2,0,1,1
abs01584,0,"4,7",2,0,1,1
abs15219,0,"5,6",2,0,0,0
abs16072,1,"2,3",2,"7,17,20,22,26,28",1,1
abs00259,0,0,2,"3,13,22,26,27,30",1,1
abs10695,1,"4,5,6,7",2,0,1,1
abs08179,1,"4,5,6,7",2,0,1,1
abs03737,1,"3,7",1,0,1,1
abs20229,0,"5,6",2,0,0,0
abs17622,0,"6,7",1,0,1,1
abs12455,1,"5,6,7",1,0,1,1
abs19977,1,"1,2,3,4,5,6,7",2,0,1,1
abs00670,1,"2,3,6",2,"14,15,22,26,28",1,1
abs01058,0,"0,6,7",0,0,0,0
abs02230,0,7,2,0,0,0
abs09073,0,0,2,0,0,0
abs10522,0,0,2,0,0,0
abs19939,0,0,2,0,1,1
abs09946,1,"3,7",2,0,1,1
abs04527,0,0,0,0,0,0
abs22200,1,3,2,0,0,0
abs02059,1,"2,6,7",2,"18,22,26,27,30,39",1,1
abs05279,0,"0,6",2,0,0,0
abs04792,0,"0,7",0,0,0,0
abs03603,0,"0,2,7",0,0,0,0
abs21913,0,0,2,0,0,0
abs02644,0,"0,5",2,0,0,0
abs11752,1,"5,6",1,0,1,1
abs19726,0,"2,7",2,"15,20,22,27,33",1,1
abs15214,1,5,2,0,0,0
abs11231,1,"2,3,6",2,"0,14,15,16,22,26,27,28",1,1
abs19852,0,"2,3,6",1,"16,18,19,20,22,26,27,28,30,36",1,1
abs00716,0,0,2,0,1,1
abs01989,0,"5,6,7",2,0,0,0
abs03391,0,2,1,0,0,0
abs03421,0,"2,3,6,7",2,"16,18,20,26,27,30,33,36,37,39",1,1
abs13641,0,"2,3,6",2,0,1,1
abs01792,0,"5,6,7",2,0,0,0
abs20986,1,"4,6",2,0,1,1
abs09916,0,"4,6",2,0,0,0
abs08213,0,4,0,0,0,0
abs11634,1,"5,6,7",2,0,1,1
abs21320,1,"4,5,6",2,0,0,0
abs16734,1,"5,6",1,0,0,0
abs13059,0,6,2,0,0,0
abs08807,0,7,2,0,0,0
abs17120,1,"2,3,7",2,0,1,1
abs10463,1,7,2,0,0,0
abs21783,1,"6,7",2,0,1,1
abs22155,0,"2,3,6",2,0,1,1
abs14675,1,"4,7",2,0,1,1
abs00564,1,"6,7",2,0,0,0
abs04226,1,"4,7",2,"15,20,27,34",1,1
abs01235,0,"0,6",2,0,1,1
abs21299,1,"4,5,6",2,0,1,1
abs20219,1,"3,7",1,0,1,1
abs15006,1,"3,4,5,6",2,0,0,0
abs03864,1,"4,5",2,0,1,1
abs08026,0,"0,5,6",0,0,0,0
abs20647,1,"3,7",2,0,1,1
abs17097,0,"3,6",2,"0,14,27",1,1
abs16771,1,"3,5,7",1,0,1,1
abs18736,1,"3,4,5,6",2,0,0,0
abs01120,0,"0,3,6",2,0,1,1
abs12844,1,"4,5,6,7",2,0,0,0
abs15709,0,4,2,0,0,0
abs05038,0,2,2,0,0,0
abs15272,1,"4,5,6",2,0,1,1
abs12755,1,"4,5,6",1,0,0,0
abs01832,0,0,2,0,1,1
abs00825,0,6,2,0,0,0
abs12517,0,"5,7",1,0,0,0
abs03286,1,"3,7",2,0,1,1
abs01797,0,"3,7",2,0,0,0
abs00318,0,"2,3,6",2,26,1,1
abs13965,1,3,1,0,1,1
abs13890,0,2,1,0,1,1
abs22242,1,"3,7",2,0,1,1
abs06418,0,0,0,0,0,0
abs15573,0,"0,2,6,7",0,0,0,0
abs08670,0,"5,7",2,0,0,0
abs04400,0,"0,2",2,0,1,1
abs07923,1,"4,7",2,0,0,0
abs18388,1,2,2,0,1,1
abs21946,1,"2,3,6",2,"7,9,11,12,13,14,15,17,18,22,26,30,34",1,1
abs09860,0,"4,6",0,0,0,0
abs10532,0,2,2,0,1,1
abs09270,1,"3,4,7",2,0,0,0
abs11734,1,"4,5,6,7",2,0,0,0
abs10316,0,0,2,0,1,1
abs04299,0,"0,5",1,0,1,1
abs03580,1,"1,2,5,7",2,"14,22,24,26,27",1,1
abs02949,1,"3,6",2,0,1,1
abs18766,1,"6,7",1,0,1,1
abs08883,1,"4,5,6",2,0,0,0
abs19884,1,3,2,0,1,1
abs02349,1,"3,5,7",1,0,1,1
abs14252,0,2,2,"14,22,24,26,34",0,0
abs18082,0,"4,5,6",1,0,0,0
abs02195,1,2,2,0,1,1
abs14886,0,"0,6",0,0,0,0
abs05892,1,"4,5,6,7",2,0,1,1
abs16296,0,7,2,0,0,0
abs18513,0,7,2,0,0,0
abs21997,1,"4,5,7",1,"2,3,12,27",0,0
abs21575,0,"3,7",2,0,1,1
abs06759,0,"0,2,5,7",2,0,0,0
abs09008,1,"4,5,6,7",2,0,0,0
abs13780,1,"2,3,7",2,"3,27,40",1,1
abs00482,0,"4,5,6",2,0,0,0
abs12148,1,"6,7",2,0,0,0
abs03068,0,"0,2,7",2,0,0,0
abs05839,1,"4,5,6,7",2,0,0,0
abs07896,1,"4,5,6,7",1,0,1,1
abs21930,1,"2,3,6,7",2,0,1,1
abs07529,1,"4,5,6",1,0,0,0
abs12781,0,4,2,0,0,0
abs17844,1,"4,7",2,0,1,1
abs12177,1,"5,6",0,0,1,1
abs18467,0,"2,7",1,"16,22,27,33,37",0,0
abs00331,0,2,2,0,0,0
abs09521,1,"3,6",2,0,0,0
abs18487,0,2,2,0,1,1
abs14088,0,"1,2,3,4,5,6",2,"3,13,22",1,1
abs22012,1,3,2,0,1,1
abs16402,1,"3,7",2,0,0,0
abs08467,1,"2,6,7",2,0,0,0
abs13347,1,"4,5,6",1,0,0,0
abs11893,1,"4,5,6",2,"17,22,26,34",0,0
abs20306,1,"0,6,7",2,0,0,0
abs08111,0,0,2,0,0,0
abs04987,0,7,0,0,0,0
abs19434,1,"3,7",2,0,1,1
abs16066,0,"4,5",2,0,0,0
abs17518,1,2,2,0,1,1
abs07731,1,"5,7",1,0,0,0
abs14225,0,0,0,0,0,0
abs21294,1,"4,6",2,0,1,1
abs00017,0,"3,7",2,0,1,1
abs00394,0,"6,7",2,0,0,0
abs18294,0,0,2,0,0,0
abs15951,0,"0,7",2,0,0,0
abs03942,0,7,2,0,0,0
abs05283,0,6,1,0,0,0
abs19702,1,"3,7",2,0,0,0
abs08819,0,"0,6",0,0,0,0
abs06321,1,"4,7",2,0,1,1
abs02916,1,"0,7",2,0,0,0
abs12964,0,"0,6,7",2,0,0,0
abs10064,0,2,2,"15,20,26,27",0,0
abs13973,0,0,2,0,1,1
abs05997,1,"5,6",2,0,0,0
abs19741,0,3,2,0,0,0
abs05655,1,6,2,0,0,0
abs22028,0,2,2,25,0,0
abs12560,0,"4,5,6,7",2,0,0,0
abs21285,0,"6,7",2,0,0,0
abs17775,0,0,0,0,1,1
abs15554,1,"1,2,5,6",1,"12,14,18,20,22,27,33,34,35,36,39,40",0,0
abs16478,1,"4,5,6,7",1,0,0,0
abs07507,1,"6,7",1,0,1,1
abs05377,0,"0,6",0,0,0,0
abs12647,0,"5,7",0,0,1,1
abs13894,1,"5,6,7",1,0,0,0
abs03691,0,"4,6",2,0,0,0
abs02068,0,2,2,"3,13,21,26,35",1,1
abs01781,0,"2,7",2,"13,14,15,16,22,27,33",1,1
abs00164,0,"6,7",2,0,0,0
abs00075,0,0,2,0,0,0
abs17954,0,4,2,0,0,0
abs18367,0,2,2,0,0,0
abs14136,1,"3,6",2,0,1,1
abs09429,1,3,2,0,1,1
abs03749,0,"2,3,4",2,0,1,1
abs14983,0,"0,7",2,0,0,0
abs18120,1,"0,6,7",2,0,0,0
abs08292,0,0,2,0,1,1
abs07723,1,"4,5,6",1,0,0,0
abs17369,0,"2,7",2,"3,13,14,16,22,26,27",1,1
abs09404,0,"4,5,6",1,0,0,0
abs21856,1,"4,5,6",2,0,1,1
abs15493,0,"0,6",2,0,0,0
abs22104,0,0,2,0,1,1
abs12146,0,7,2,0,0,0
abs00062,0,"4,7",0,0,0,0
abs05519,1,"5,6,7",2,0,1,1
abs00870,0,"3,7",2,0,0,0
abs17380,1,"6,7",2,0,0,0
abs13356,0,0,2,0,0,0
abs15659,1,"4,5,6,7",2,0,0,0
abs14644,0,"0,4,5,6",2,0,0,0
abs05951,1,7,2,0,0,0
abs19207,1,"4,5,7",1,0,1,1
abs07053,0,"1,2,6",2,"13,14,16,18,21,26,27",1,1
abs20517,1,3,2,0,1,1
abs13728,0,7,2,0,0,0
abs21714,1,"1,2,3,7",2,"7,17,22,27,40",1,1
abs04246,0,7,0,0,0,0
abs20635,1,3,2,0,1,1
abs16681,1,"4,5,6",2,0,1,1
abs14148,1,"1,2,3",2,"3,13,22,27",1,1
abs03384,1,"3,7",2,0,1,1
abs11188,1,"5,7",2,0,1,1
abs13714,0,2,2,0,0,0
abs10470,0,"6,7",0,0,1,1
abs09093,1,"4,5,6,7",2,0,1,1
abs22258,0,2,1,0,1,1
abs19335,1,"3,7",1,0,1,1
abs02457,0,"3,6",1,0,0,0
abs07215,1,"3,6",2,"17,22,26,27,33,35,36,39,40",1,1
abs14805,1,"4,5,6",2,0,0,0
abs09719,1,"4,5,6,7",1,0,0,0
abs12965,0,"4,6",2,0,0,0
abs03304,1,"1,2,6,7",2,"14,15,22,25,26,27,28",0,0
abs20695,0,"2,3,7",2,"16,20,26,27,33,35,37,39,40",1,1
abs12907,1,"4,5,6,7",2,0,0,0
abs11635,1,"4,5,6,7",1,0,1,1
abs21247,0,"6,7",2,0,0,0
abs12824,1,"4,5,6,7",2,0,0,0
abs01187,1,3,2,0,1,1
abs19000,1,"4,5,6",1,0,1,1
abs03689,0,"0,2,7",2,0,0,0
abs17416,0,"6,7",1,0,1,1
abs05705,1,4,1,0,0,0
abs15517,0,"5,7",1,0,0,0
abs18154,1,"4,7",2,"15,20,22,27",0,0
abs06827,0,"2,3,7",2,13,1,1
abs12374,1,"4,5,6,7",2,0,0,0
abs05371,0,"0,5,7",1,0,0,0
abs14256,1,"2,3,5,6",2,"5,15,22,27,37",1,1
abs21113,0,6,2,0,0,0
abs12084,0,"4,6",2,0,0,0
abs15108,1,7,2,0,0,0
abs07097,0,2,0,0,1,1
abs10208,1,"6,7",1,0,1,1
abs18717,1,"3,5,6,7",2,0,0,0
abs07000,1,"5,6",1,0,1,1
abs13868,0,0,2,0,0,0
abs00052,0,"2,3,7",2,"13,14,16,18,20,22,26,27",1,1
abs09912,0,6,2,0,1,1
abs15380,0,6,2,0,0,0
abs17364,0,"6,7",2,0,1,1
abs17305,0,"0,6",2,0,0,0
abs14120,0,2,2,"12,20,22,32",1,1
abs18556,0,"1,2,3,5,6",1,"7,9,22,26,35",1,1
abs19374,1,7,2,0,1,1
abs08091,1,"4,7",2,0,1,1
abs07119,1,"4,5,6",2,0,0,0
abs18204,0,"2,3,7",2,"0,12,27,32",1,1
abs06951,1,"1,2,3,7",2,"7,8,18,22,26,35",1,1
abs06582,0,"1,2,3",1,"9,27",1,1
abs09281,1,"5,6,7",2,0,1,1
abs07501,1,"5,7",2,0,0,0
abs01729,0,"0,2,7",2,0,0,0
abs21605,1,"2,5,6,7",2,0,1,1
abs21330,0,"4,7",2,"3,8,11,12,15,16,22,26,27,30,34",1,1
abs06019,1,"6,7",2,0,0,0
abs08521,1,"3,4,5,6",2,0,0,0
abs01955,0,"3,6",2,0,1,1
abs02128,0,0,0,0,0,0
abs03714,0,"3,7",2,0,1,1
abs19370,1,"3,6",2,0,1,1
abs19294,1,"4,7",2,0,0,0
abs16255,0,4,2,0,0,0
abs20024,1,"2,3,7",2,0,1,1
abs03253,0,"0,3,5,6",2,0,0,0
abs07585,1,"5,6,7",1,0,0,0
abs09545,1,"4,7",2,"15,16,21,26,27",1,1
abs07676,1,"4,5,6",2,0,0,0
abs19240,0,7,2,0,0,0
abs04592,0,3,2,0,0,0
abs15355,0,6,2,0,0,0
abs00669,0,"6,7",2,0,1,1
abs17082,1,"3,7",2,0,1,1
abs08736,1,"4,5,6,7",2,0,1,1
abs20083,0,"3,7",2,0,1,1
abs09878,1,"4,6",2,0,0,0
abs20361,0,2,2,"15,28",1,1
abs07459,1,"4,5,6,7",2,0,1,1
abs11307,1,"5,7",1,0,1,1
abs13685,0,0,0,0,1,1
abs16759,0,6,1,0,0,0
abs13539,1,"4,5,7",2,0,0,0
abs01506,0,"5,7",2,0,1,1
abs20721,0,0,0,0,1,1
abs01566,1,"6,7",2,0,1,1
abs16644,1,"4,7",2,"13,14,15,24,27,33,36,37,39,40",1,1
abs20810,1,"3,7",2,0,1,1
abs16545,0,"4,5,6",0,0,0,0
abs02951,1,"1,2,3,6",2,"12,14,15,16,22,26,27,28,30,33,35,36",1,1
abs10841,1,"4,5,6",2,0,0,0
abs05315,1,"4,5,6,7",2,0,1,1
abs11689,1,"4,7",2,"3,13,22,27",1,1
abs15638,1,"4,5,6,7",2,0,1,1
abs13836,1,"3,4,5,6,7",1,0,0,0
abs14656,1,7,2,0,0,0
abs05124,0,"1,2,3",2,"7,17,22",1,1
abs13025,0,"4,5,6",2,0,0,0
abs04161,0,0,0,0,0,0
abs14359,0,0,0,0,0,0
abs00280,0,"6,7",2,0,1,1
abs06571,1,"1,2,6",2,"12,14,15,16,22,27,30,34",1,1
abs19775,0,0,2,0,0,0
abs16856,0,"4,5,6",1,0,1,1
abs11975,1,"4,7",1,0,1,1
abs21106,0,"4,5,6",2,0,0,0
abs15210,0,4,1,0,0,0
abs21023,1,"5,7",1,0,1,1
abs18768,1,"5,7",2,0,0,0
abs22098,0,0,2,0,0,0
abs08596,1,"4,7",2,0,0,0
abs13681,1,"2,3,7",2,0,1,1
abs01534,1,"1,2,7",2,"5,15,22,27",1,1
abs16162,1,"5,7",1,0,0,0
abs12135,0,"4,7",1,0,1,1
abs19079,1,"6,7",2,0,1,1
abs19447,1,"4,7",2,0,0,0
abs10642,1,"3,7",1,0,1,1
abs12574,1,"3,5,7",2,0,0,0
abs19533,0,"0,6,7",0,0,0,0
abs09292,0,"4,5,6",0,0,0,0
abs08992,0,"4,6",0,0,0,0
abs11103,0,0,0,0,0,0
abs02468,1,"2,3,7",2,"16,21,26,34",1,1
abs16257,0,"0,4,5",2,0,0,0
abs10982,0,0,0,0,0,0
abs10868,1,"5,6,7",1,0,0,0
abs08824,1,"4,5,6,7",2,"17,20,24,26,27,30,36,37",1,1
abs20093,1,"2,3,5,6,7",2,0,1,1
abs11822,1,"4,5,6",1,"15,22,26,34",1,1
abs07150,1,"4,5,6",2,0,0,0
abs21435,0,"4,5,6",2,0,0,0
abs07319,1,"5,7",2,0,0,0
abs07850,0,"3,4,7",1,0,1,1
abs01013,1,"3,7",2,0,0,0
abs12749,0,"0,1",2,0,0,0
abs13468,0,"4,5,6",1,0,0,0
abs14336,1,"2,3",2,0,1,1
abs03971,0,"0,6,7",0,0,0,0
abs01304,0,"6,7",2,0,1,1
abs07149,1,"4,5,7",1,0,0,0
abs09255,1,4,1,0,0,0
abs05872,0,"5,7",1,0,0,0
abs00373,1,"1,2,3,7",2,"12,20",1,1
abs09278,1,"4,5,6",2,0,0,0
abs20132,1,"3,4",2,0,1,1
abs21241,0,"4,7",1,0,0,0
abs03251,0,"3,7",1,0,1,1
abs05836,0,4,0,0,0,0
abs16093,0,"0,2,3,5,6,7",0,0,0,0
abs06137,1,"4,5,6,7",2,0,0,0
abs13118,1,"4,5",2,0,1,1
abs01646,0,7,2,0,0,0
abs20897,1,"6,7",2,0,1,1
abs06658,1,"1,2,3,4,5,6",2,"2,4,7,8,9,11,12,13,14,15,16,17,18,20,22,25,26",1,1
abs01561,1,"2,3,6",2,"15,20,26",1,1
abs17879,0,"4,6,7",1,0,0,0
abs03083,1,"4,5,6,7",2,"13,14,15,17,20,21,26,28,33,36,39,40",0,0
abs20138,1,"3,7",2,0,1,1
abs13398,1,"5,6,7",2,0,1,1
abs14333,0,"2,3,7",2,"12,14,15,16,22,26,27,28,30,39",1,1
abs19758,1,"6,7",2,0,1,1
abs14429,1,"6,7",2,0,1,1
abs21205,1,"4,5,6,7",2,0,1,1
abs15496,1,"5,6,7",2,0,1,1
abs14221,0,0,0,0,0,0
abs00395,0,6,2,0,0,0
abs05245,0,6,2,0,0,0
abs20280,1,"1,2,3,6",2,"7,17,26,35",1,1
abs21795,0,"0,2,7",0,0,0,0
abs21993,1,"6,7",1,0,1,1
abs11074,1,4,2,0,0,0
abs04216,0,"2,7",2,0,0,0
abs17812,1,"4,7",2,"3,15,21",0,0
abs11210,0,"5,6",0,0,0,0
abs13700,0,"6,7",2,0,0,0
abs18665,1,"3,7",2,0,1,1
abs20358,1,"5,6",1,0,0,0
abs19780,0,"2,3,6",2,"14,15,22,26",1,1
abs16917,1,"4,5,6,7",2,0,0,0
abs14321,0,0,0,0,0,0
abs07257,1,"4,5,6,7",2,0,1,1
abs00909,0,"3,6",1,0,1,1
abs11375,1,"4,7",2,"14,19,22,26,28",0,0
abs15045,0,7,2,0,0,0
abs00873,0,0,0,0,0,0
abs21311,0,"4,5,6",2,0,0,0
abs12228,0,"4,5,6,7",2,0,1,1
abs17244,0,7,0,0,0,0
abs00005,0,6,0,0,0,0
abs14034,0,6,2,0,0,0
abs05044,0,"0,6",2,0,0,0
abs17243,1,"3,7",2,0,1,1
abs16671,0,"4,5,6",2,0,0,0
abs20499,1,"4,7",2,0,1,1
abs17870,1,"3,4,7",2,0,1,1
abs04824,0,"6,7",2,0,0,0
abs04769,0,0,0,0,0,0
abs18757,1,"1,2,6",2,"13,14,15,16,22,26,27,28,33,35,36,39",0,0
abs05267,0,"6,7",1,0,0,0
abs19038,1,"1,2,3,5,6,7",2,"12,14,15,16,22,26,27,28,30,33,34",1,1
abs16234,0,0,0,0,0,0
abs16317,0,"0,6,7",0,0,0,0
abs08605,1,"6,7",2,0,0,0
abs20510,1,"6,7",2,0,0,0
abs00196,0,2,2,0,0,0
abs10483,0,0,0,0,1,1
abs07091,0,"3,7",2,0,0,0
abs13771,1,"6,7",2,0,1,1
abs17480,1,"5,6",2,0,1,1
abs13772,0,"3,7",1,0,1,1
abs02329,0,"0,6",2,0,1,1
abs04401,1,3,2,0,0,0
abs11990,1,"5,6",2,"13,14,16,17,22,26,27,28,30,35",1,1
abs15232,1,"1,2,7",2,"3,6,7,8,9,11,12,14,15,18,20,22,24,25,26,30,33,35,36,37,39,42",0,0
abs06058,1,"4,7",2,0,0,0
abs19044,0,"5,7",0,0,0,0
abs03028,0,"0,2",2,0,0,0
abs14930,1,"2,5,6",2,"14,22,27",0,0
abs06431,1,"3,7",1,0,1,1
abs08679,1,4,1,0,0,0
abs10750,1,"4,5,7",1,0,0,0
abs01080,1,"2,3,6,7",2,"17,20,22,27,36,37",1,1
abs14630,0,"0,6,7",2,0,1,1
abs08106,0,4,2,0,1,1
abs13656,1,"1,3,4,5",1,"7,18,27,34",1,1
abs03459,0,"0,7",0,0,0,0
abs04868,0,6,1,0,0,0
abs04119,0,7,2,0,1,1
abs16837,0,"2,3,4,5,7",1,0,1,1
abs01914,0,0,2,0,0,0
abs14628,1,"4,5,6,7",1,0,1,1
abs21628,1,"3,6",2,0,1,1
abs09800,1,"4,6,7",2,0,1,1
abs18207,0,2,2,0,1,1
abs09465,1,"5,6,7",2,0,1,1
abs02175,1,7,2,"13,14,15,22,26,33,40",0,0
abs10187,0,0,2,0,1,1
abs13547,1,"5,6",1,0,0,0
abs11327,1,"5,6",1,0,0,0
abs10567,0,0,2,0,1,1
abs16312,1,"4,5,6",2,0,0,0
abs17553,1,2,2,0,1,1
abs13666,1,"1,2,5,7",2,"9,20,22,27,34",1,1
abs16783,0,"4,6",2,0,0,0
abs19200,1,"5,6",2,0,1,1
abs11104,1,"4,5,6",2,0,0,0
abs06644,1,3,2,0,1,1
abs21555,0,6,2,0,0,0
abs09976,1,"2,3,7",2,0,1,1
abs02293,0,"0,6,7",0,0,0,0
abs16563,0,"3,7",1,0,1,1
abs15476,0,2,2,0,1,1
abs03727,0,"2,3,7",2,"6,7,9,11,15,16,18,20,21,26,30,34",1,1
abs12184,0,"0,6",0,0,0,0
abs07709,1,"4,5,6",2,0,1,1
abs00064,1,"6,7",2,0,1,1
abs19001,1,"6,7",2,0,0,0
abs02142,1,7,2,0,0,0
abs13235,1,"4,5,6,7",2,0,0,0
abs12206,0,6,2,0,1,1
abs04267,1,"1,2,3,7",2,"5,15,22,26,27,30,36,37",1,1
abs10827,0,"0,6,7",0,0,0,0
abs09447,0,"5,6",2,0,1,1
abs09648,1,"2,3,6",1,"13,14,15,16,22,27,30,34,35,36,37,39,40",0,0
abs22220,1,"1,2,3,4",1,"7,17,18,20,21,26,27",1,1
abs15160,0,"0,5,6",0,0,0,0
abs11023,0,4,2,0,0,0
abs00094,1,"2,3,6",1,0,1,1
abs09522,1,"4,5,6,7",2,0,0,0
abs21685,1,2,2,"11,20,22,27",0,0
abs21369,1,"4,7",2,0,0,0
abs21433,0,"3,5,7",2,33,0,0
abs11799,1,"4,5,6",1,14,0,0
abs14798,1,"4,5,6",2,"13,14,18,21,26,27",1,1
abs08973,0,"6,7",2,0,0,0
abs12059,1,"5,6",1,0,0,0
abs19666,1,"3,6",1,0,0,0
abs13897,0,2,2,0,1,1
abs06576,0,"0,2,7",0,0,0,0
abs15873,0,"0,5,6",1,0,0,0
abs18344,0,0,0,0,0,0
abs03115,0,2,2,0,0,0
abs04867,0,2,1,0,0,0
abs06297,1,"4,5,6",2,0,0,0
abs15322,0,6,0,0,0,0
abs07842,1,"4,5,7",2,0,0,0
abs18546,0,"3,7",2,0,1,1
abs07591,1,"5,6",2,0,0,0
abs14279,0,0,2,0,1,1
abs13802,1,"2,3,6",2,0,1,1
abs03664,0,"0,7",2,0,1,1
abs21805,1,2,0,0,0,0
abs19708,0,0,2,0,1,1
abs14331,1,"2,3",2,0,1,1
abs19542,1,"4,7",2,0,1,1
abs06888,1,3,2,0,0,0
abs18046,1,"4,5,6",2,"13,15,22",1,1
abs20402,0,3,2,"3,13,22,26,35",1,1
abs16853,1,"6,7",2,0,1,1
abs18854,1,"3,7",2,0,1,1
abs21332,1,"5,7",2,0,1,1
abs06286,1,"6,7",2,0,0,0
abs04471,1,"6,7",2,0,0,0
abs18857,1,"3,6",1,24,1,1
abs01972,1,2,2,0,1,1
abs02871,0,0,2,0,0,0
abs10242,1,"0,1,7",2,0,1,1
abs06048,0,"4,5,6,7",2,0,0,0
abs20008,0,0,2,0,1,1
abs04333,0,"2,3,6",2,24,0,0
abs15390,0,4,1,0,0,0
abs04712,0,"3,6",1,0,0,0
abs14204,1,"2,3,7",2,0,1,1
abs07940,0,"4,6,7",2,0,0,0
abs04488,0,"0,3",0,0,0,0
abs04966,0,"0,2,3,5,6",0,0,0,0
abs19377,0,6,1,0,0,0
abs00544,0,"2,7",2,"17,20,26",1,1
abs22116,1,"4,5,6,7",1,0,1,1
abs14270,0,"6,7",2,"3,13,22,27",1,1
abs04159,1,"4,5,6",2,0,1,1
abs15134,0,"0,5,7",2,0,0,0
abs07560,1,"4,7",1,0,1,1
abs19098,1,"3,7",2,0,0,0
abs04655,0,"2,3,6",2,"15,16,22,27,33",0,0
abs13856,0,"4,7",2,0,0,0
abs09751,1,"4,5,6",2,0,1,1
abs04622,0,"3,6,7",2,"15,16,26,27",0,0
abs21659,1,"4,5,6",1,0,1,1
abs20914,1,"2,3",2,0,1,1
abs03837,0,6,2,0,1,1
abs17348,0,"2,3,7",2,0,1,1
abs17330,0,0,0,0,1,1
abs16355,0,"0,2,7",0,0,0,0
abs09658,1,"5,6",2,"14,22,24,26,27,28,33,35,36,37,39,40",0,0
abs09821,1,"3,5,7",1,0,1,1
abs17473,0,2,0,0,1,1
abs04224,0,"3,7",2,0,1,1
abs19716,1,"3,7",2,0,1,1
abs06535,1,"3,6",2,0,1,1
abs15359,0,"4,5,6",2,0,0,0
abs13446,1,"4,5,6,7",2,0,0,0
abs12807,0,"4,5,6",2,0,0,0
abs06912,0,0,2,0,0,0
abs16694,1,"4,7",2,0,1,1
abs05324,1,"5,6,7",2,0,0,0
abs13166,1,"5,6",2,0,1,1
abs02386,0,"0,3,6",0,0,0,0
abs18678,1,"3,7",2,0,1,1
abs21385,1,7,1,0,0,0
abs10281,1,"6,7",0,0,1,1
abs17641,1,"4,5,6",2,"14,21,22,26,35,36,37,39,40",1,1
abs12759,0,"4,5,6",1,0,0,0
abs21249,0,"2,3,6",2,"2,3,6,7,8,9,11,14,20,22,30,34",0,0
abs11928,1,"5,6,7",2,0,0,0
abs10586,0,"6,7",2,0,1,1
abs08835,1,"4,5,6,7",2,0,1,1
abs13808,1,"5,6,7",2,0,1,1
abs11253,0,"0,5,6",2,0,1,1
abs07034,1,"6,7",2,0,1,1
abs05790,1,"4,7",2,0,0,0
abs19296,1,"4,5,6,7",2,0,0,0
abs20529,0,"6,7",2,0,0,0
abs14316,0,0,2,0,0,0
abs08169,0,"4,5,6",2,0,0,0
abs12584,1,"5,6",1,0,0,0
abs20732,0,"2,3",1,"15,20,22,27,36",0,0
abs20874,1,"2,3,7",2,"15,16,17,18,20,21,22,26,27,28,30,31,36,39",1,1
abs00349,0,0,2,0,1,1
abs12315,1,"2,5,7",2,"13,14,21,26,27",1,1
abs03018,1,"5,6",1,0,1,1
abs04554,0,0,0,0,0,0
abs21318,0,6,2,0,0,0
abs02356,0,"4,5,6,7",2,0,1,1
abs09423,1,"2,3,4,5,6",2,"13,14,15,17,18,20,21,24,26,27,28,30,33,34",0,0
abs10888,1,"1,2,3,4,5,6",2,"12,14,18,20,22,27,30,34,35,36,39,40",0,0
abs15878,1,"2,3,6",2,0,0,0
abs11399,1,"4,5,6,7",2,0,0,0
abs12099,1,7,2,0,0,0
abs17234,0,2,2,"3,13,24,27,33,40",1,1
abs12875,1,"5,6",2,0,0,0
abs02057,0,"0,2,7",0,0,0,0
abs09388,1,"3,7",2,0,1,1
abs09152,1,"4,7",2,0,0,0
abs03781,0,0,0,0,0,0
abs21836,0,2,2,0,0,0
abs06824,0,"2,3",2,0,1,1
abs14235,0,0,0,0,0,0
abs05979,1,"4,5,6,7",2,0,1,1
abs18930,0,"2,3,5,6,7",2,"0,8,15,20,21,27,37",0,0
abs18000,1,"4,7",1,0,0,0
abs19427,1,"4,5,7",2,0,1,1
abs21363,1,"4,5,6,7",2,0,1,1
abs12881,1,4,2,0,0,0
abs03152,0,"2,3",2,"15,20",1,1
abs17230,0,"2,7",1,"12,32",1,1
abs17414,1,"6,7",1,0,0,0
abs20235,1,"4,7",2,0,0,0
abs01549,0,"3,5,7",2,0,0,0
abs07102,1,"4,5,6",2,0,1,1
abs04605,1,"2,5,6",2,0,1,1
abs13594,0,3,1,0,1,1
abs15181,1,"4,6,7",2,0,1,1
abs07065,1,0,2,0,1,1
abs19065,1,3,2,0,0,0
abs14392,1,"1,2,3,6",2,"12,14,15,16,22,26,27,28,30,33,35",1,1
abs14037,0,"0,6",0,0,1,1
abs19252,1,"5,6",1,0,1,1
abs01450,0,"6,7",2,0,0,0
abs10610,1,2,2,0,1,1
abs13186,0,"0,5,6",0,0,0,0
abs05959,1,"4,5,6,7",2,0,1,1
abs11732,1,"4,5,6,7",1,0,1,1
abs18955,1,"3,7",1,0,1,1
abs12053,1,"4,5,6,7",2,0,1,1
abs08441,1,"4,5,6,7",1,0,1,1
abs18579,0,"2,3,7",2,"12,20,22,26,27,30,32",1,1
abs22219,0,0,0,0,1,1
abs05831,1,"4,5,6",2,0,0,0
abs03888,1,"1,2,3,5,6",2,"7,17,22,26,27",1,1
abs21825,1,"1,2,3",1,"13,14,21,22,27,30,34",0,0
abs13329,1,"3,6",2,0,0,0
abs11551,1,"5,6",2,0,1,1
abs09958,1,"2,3",2,"16,22,26,34",1,1
abs17326,1,"2,3,4,5,6,7",2,23,1,1
abs05118,1,7,2,0,0,0
abs22125,1,"6,7",2,"3,13,18,22",0,0
abs19135,0,"0,6,7",0,0,0,0
abs01681,1,"1,2,3,4",2,"7,17,22,26,30,39",1,1
abs22201,0,"2,7",2,"7,17,22,27,39",1,1
abs09103,1,"3,7",2,0,1,1
abs03590,0,0,2,0,0,0
abs04656,1,"3,7",2,"15,20,27,34",1,1
abs04004,1,"2,3,5,6",2,0,1,1
abs19944,0,"4,5,6",1,0,0,0
abs19664,1,"1,2,3,4,5",2,"13,15,16,22,33",1,1
abs14523,1,"3,4,6",2,0,1,1
abs05348,1,"3,4,5,6",2,0,0,0
abs10683,0,0,2,0,0,0
abs05186,0,"2,3",2,0,1,1
abs14166,0,2,2,"3,12,27,34",1,1
abs11704,0,"5,6",1,0,1,1
abs02877,0,"0,2,7",2,0,0,0
abs11998,0,"4,7",2,0,0,0
abs15120,0,6,2,0,0,0
abs17103,1,"6,7",2,0,1,1
abs14933,0,6,2,0,0,0
abs07942,0,"4,5,6",2,0,0,0
abs01056,0,"0,5,7",1,0,1,1
abs07307,1,7,2,0,0,0
abs05779,1,"5,6",2,0,0,0
abs08461,1,"4,7",2,0,0,0
abs01279,0,"0,7",2,0,1,1
abs10745,0,"0,5,6",0,0,0,0
abs12128,1,"6,7",2,0,0,0
abs19364,1,"4,7",1,0,0,0
abs06897,1,"3,7",2,0,1,1
abs12233,0,4,2,0,1,1
abs04446,1,"3,7",2,0,1,1
abs01407,0,"0,2,7",2,"26,27,28,30,39,40",1,1
abs12852,0,6,2,0,0,0
abs08054,1,"5,6",1,0,0,0
abs13337,0,0,0,0,0,0
abs10057,0,"2,3,6",2,"17,22,26,27,29,30,31,36,37,39,40,41",0,0
abs06943,1,2,2,"2,3,4,6,7,8,9,11,12,13,14,15,16,17,18,21,24,25,26,27,30,33,35,36,37",1,1
abs00177,0,0,2,0,1,1
abs04182,1,"6,7",2,0,1,1
abs06618,1,"1,2,3",2,"7,17,22,26,27,30,33",1,1
abs07998,0,"4,5,7",2,0,0,0
abs21436,0,"6,7",2,0,0,0
abs16831,1,"4,6",2,0,0,0
abs19349,0,"0,7",1,0,0,0
abs01390,1,"4,7",2,"13,14,15,18,21,26,27",1,1
abs21236,0,"2,3,6",2,"12,33",0,0
abs00965,0,"0,3",2,0,0,0
abs03910,0,"0,6",0,0,0,0
abs02084,0,"0,2,7",0,0,0,0
abs18228,1,"6,7",2,0,1,1
abs03657,0,"2,3,5,6",2,"6,7,9,11,15,16,20,21,26,30,36,39,40",0,0
abs19593,1,"1,2,5,6",2,"0,2,8,14,22",1,1
abs07080,0,7,2,0,0,0
abs04132,0,0,2,0,0,0
abs19007,0,0,0,0,0,0
abs10536,1,"2,3,6",2,0,1,1
abs17608,1,"2,7",2,0,1,1
abs18981,1,3,1,0,0,0
abs15736,1,"4,6,7",2,0,1,1
abs03025,0,7,2,0,0,0
abs16579,0,"4,6",2,0,0,0
abs22082,0,0,2,0,1,1
abs21256,1,"4,5,6,7",2,0,0,0
abs01265,1,"3,7",2,0,1,1
abs17654,1,"3,7",2,0,1,1
abs16218,0,"0,2",2,23,0,0
abs17075,0,2,2,"3,13,21,26,27,35",1,1
abs09524,1,"6,7",2,0,0,0
abs20158,1,"6,7",1,0,1,1
abs07873,1,"4,7",2,0,0,0
abs21820,1,3,2,0,1,1
abs01670,0,"0,3",2,0,0,0
abs06353,0,"0,5,7",0,0,0,0
abs21259,1,"5,6,7",2,0,0,0
abs09351,1,"4,7",2,"15,20,27,34",0,0
abs06276,1,"3,7",1,0,1,1
abs09285,0,"0,6",1,0,0,0
abs15819,0,"5,6",1,0,0,0
abs18326,0,"2,3,7",2,"12,32",1,1
abs14625,0,"0,3",2,0,1,1
abs19033,1,2,2,0,1,1
abs12877,1,"5,7",2,0,0,0
abs08096,1,"4,7",2,0,1,1
abs12710,1,"4,5,6",2,0,0,0
abs15859,0,6,2,0,0,0
abs01817,0,"1,2,3,4,5,6",2,"9,12,17,19,22,27,30,34,35,36",1,1
abs15569,0,"4,5",2,0,0,0
abs05970,0,6,2,0,1,1
abs06715,1,"1,3,6,7",2,"3,13,22,27",1,1
abs02504,1,"2,7",2,"16,22,26,34",1,1
abs19896,1,"1,2,3,6",2,"11,14,15,16,26,27,33,34",1,1
abs14382,1,"1,2,3,6",2,"12,14,15,16,22,26,27,28,30,33,34",1,1
abs11267,1,"5,7",1,0,1,1
abs00786,0,"3,7",2,0,0,0
abs19695,1,3,2,0,0,0
abs10664,0,2,2,"12,27,33",1,1
abs21265,1,"2,3,4,5,6",2,"12,18,22,26,30,39",1,1
abs20791,1,3,2,0,1,1
abs21764,0,7,0,0,0,0
abs13419,0,"5,6",2,0,0,0
abs19114,1,"3,7",2,0,1,1
abs06138,1,"4,5,6,7",2,0,1,1
abs00251,1,"5,6",2,0,0,0
abs03912,0,"3,7",1,0,1,1
abs04872,0,"0,7",2,0,1,1
abs02404,1,"2,3,5,6",2,"13,15,22,27,37",1,1
abs18705,1,"3,7",2,0,1,1
abs04203,0,"4,5,6",2,0,0,0
abs03799,1,"1,2,3,7",2,"7,17,22,33",1,1
abs21589,1,2,2,0,1,1
abs06422,1,"0,3",2,0,1,1
abs08543,0,0,0,0,0,0
abs14818,1,"6,7",2,0,0,0
abs17200,1,"5,7",2,0,1,1
abs10497,0,2,2,0,1,1
abs03820,0,7,2,0,0,0
abs12637,0,"4,7",1,0,1,1
abs13378,0,6,0,0,0,0
abs06368,1,"4,5,7",1,0,0,0
abs00667,1,"3,7",2,0,1,1
abs13285,1,"4,5,6,7",1,0,0,0
abs04199,0,"0,6",0,0,0,0
abs21422,0,"6,7",2,0,1,1
abs04801,0,"2,3,6",0,"3,6,7,8,9,11,12,14,15,16,18,20,21,25,26,30,33,34,35,36",0,0
abs19226,0,"3,7",1,0,0,0
abs12279,1,"4,5,6,7",2,0,0,0
abs14771,1,"4,5,6,7",1,0,0,0
abs05012,0,"2,3,4,5,6",1,"7,9,11,15,16,18,24,26,27,28,30,32,33,34,35,36,37,42",0,0
abs20919,0,"3,7",2,0,0,0
abs00874,0,"6,7",2,0,0,0
abs13333,0,"4,5,6,7",2,0,0,0
abs18942,0,"6,7",2,0,0,0
abs04441,1,"3,7",2,"2,3,4,6,7,8,9,11,12,13,14,15,17,20,26",0,0
abs04423,1,2,2,0,0,0
abs03795,0,2,2,"13,15,16,21,26,27",1,1
abs12768,1,"4,5,6",2,0,0,0
abs02620,1,"4,7",2,0,1,1
abs08131,0,"4,6",2,0,0,0
abs07083,0,"2,3",2,"11,17,20,21,26,27,30,33,35",0,0
abs00855,1,"1,2,3,6",2,"14,22,25,26,27,28,33,35,36,37,39,40",1,1
abs16686,0,6,2,0,0,0
abs12535,0,"0,7",1,0,0,0
abs02844,0,"0,7",0,0,0,0
abs05709,1,"4,6",2,0,0,0
abs13586,1,"5,7",1,0,0,0
abs06668,0,"1,2,3,6",2,"9,19,22,27,30",1,1
abs07185,1,"4,5,7",1,0,0,0
abs16155,1,"4,6,7",2,0,0,0
abs06880,1,"1,2,3,7",2,"14,22,34",1,1
abs14345,0,"2,3,7",2,0,1,1
abs02726,1,"6,7",2,0,0,0
abs07234,1,"5,6,7",1,0,0,0
abs11019,1,"5,7",1,0,1,1
abs04642,0,0,0,0,0,0
abs14257,0,2,0,"3,13,21,26",0,0
abs00355,0,0,0,0,0,0
abs16807,1,"3,7",2,0,1,1
abs19792,1,"6,7",1,0,1,1
abs18431,1,"1,2,3,5,6,7",2,0,0,0
abs19806,1,"4,7",1,0,1,1
abs21711,0,"2,7",2,0,0,0
abs08675,1,"4,7",2,0,1,1
abs01433,0,0,2,0,1,1
abs20089,1,3,2,0,0,0
abs13849,0,0,0,0,0,0
abs10478,0,"6,7",2,0,1,1
abs20070,1,"6,7",2,0,0,0
abs09647,1,"4,5,6",2,"13,14,15,16,22,26,27,28",1,1
abs04317,0,"2,3,6",2,0,0,0
abs16024,1,"1,2,3,4,5,6",2,"14,15,22,24,26,28,33,36,39",1,1
abs13022,0,"4,5,6",2,0,1,1
abs14788,1,"4,7",2,"13,14,15,24,27,32,33",1,1
abs17646,0,2,2,0,0,0
abs01527,0,6,0,0,0,0
abs08124,0,"0,2",2,0,0,0
abs14610,0,"4,5,6,7",2,0,0,0
abs11623,1,"4,7",2,0,0,0
abs19256,1,"3,7",2,0,1,1
abs14550,1,"4,7",2,0,1,1
abs06593,1,"2,3,6",2,"3,13,22,26,27,30",1,1
abs03962,0,"3,7",2,0,1,1
abs13037,1,"4,5,6,7",2,0,0,0
abs19616,1,"4,5,7",2,0,1,1
abs09714,1,3,2,0,1,1
abs15426,0,6,1,0,0,0
abs08951,1,"4,5,6,7",2,0,0,0
abs13644,0,0,2,0,1,1
abs05683,1,"4,7",2,0,1,1
abs13799,1,"4,5,6,7",2,0,0,0
abs07148,1,"4,5,6,7",2,0,0,0
abs12459,1,"6,7",2,0,0,0
abs13054,1,"5,6",1,0,0,0
abs13090,1,"3,5,7",2,0,0,0
abs16738,0,"4,5,6",2,0,0,0
abs06890,1,"4,5,7",2,0,1,1
abs21065,0,"4,7",2,0,1,1
abs17245,0,0,0,0,1,1
abs09202,0,"0,5,6",1,0,0,0
abs06879,1,"2,3,6",1,0,1,1
abs07549,1,6,2,0,0,0
abs17726,1,"2,3,6,7",2,0,1,1
abs16267,1,"4,5,6",1,"15,20,27,33",0,0
abs19360,0,"0,7",1,0,1,1
abs18907,1,3,2,0,1,1
abs18977,1,3,2,0,0,0
abs16459,0,6,1,0,0,0
abs00073,0,"2,3,6",2,0,1,1
abs17022,1,"3,7",2,0,0,0
abs17915,1,"6,7",1,0,0,0
abs17407,0,0,2,0,1,1
abs16254,1,"4,5,6",1,0,0,0
abs16259,0,"4,7",2,0,1,1
abs18248,0,"2,3,6",1,0,1,1
abs04992,1,"3,7",1,"15,20",1,1
abs07543,0,"0,5,7",2,0,0,0
abs04807,0,"6,7",2,"13,14,15,18,21,26,27,28",0,0
abs12773,0,7,0,0,0,0
abs06959,1,"6,7",2,0,1,1
abs00341,0,"1,2,3",2,"15,20,26,27,29,30,31,36,37,39,40,42",1,1
abs08081,1,"4,6",2,0,0,0
abs02720,0,"2,3,5,6,7",2,0,1,1
abs12069,0,"0,6,7",2,0,0,0
abs14473,1,"2,3,6",2,"13,14,17,20,26,27,28,34,35,36,39,40",1,1
abs03005,0,0,2,0,0,0
abs13831,0,"3,7",2,0,1,1
abs12131,0,"0,5,6",0,0,0,0
abs07014,1,"2,3,6",2,"15,18,21,26,27,30,31,36,39",0,0
abs02572,0,6,1,0,0,0
abs20713,0,6,2,0,0,0
abs21021,1,"4,5,6,7",2,0,1,1
abs05329,1,"5,7",1,0,0,0
abs05068,1,"1,4,5",2,0,1,1
abs05755,1,"4,5,6,7",2,0,1,1
abs01147,0,"0,7",2,0,1,1
abs17718,0,0,2,0,1,1
abs21210,0,"5,6",2,0,0,0
abs20410,0,"0,3",2,0,1,1
abs02548,1,"4,7",2,0,1,1
abs07539,0,6,2,0,0,0
abs08908,1,"5,6",1,0,1,1
abs11300,1,"6,7",2,0,0,0
abs11002,1,"3,6",2,0,1,1
abs15500,0,6,2,0,0,0
abs17876,1,"4,5,7",2,0,0,0
abs17117,1,"3,7",2,0,1,1
abs02672,0,"4,7",2,"14,19,22,26",1,1
abs03576,0,6,2,0,0,0
abs11344,0,4,2,0,0,0
abs07880,0,"4,5,7",1,0,0,0
abs07979,0,4,2,"13,14,18,21,26,27",0,0
abs10135,1,"2,3,7",2,"7,15,16,27",1,1
abs10606,0,0,2,"3,12,27",0,0
abs10029,1,2,2,0,1,1
abs11044,0,"4,5,6",2,0,0,0
abs21453,0,"0,6,7",2,0,0,0
abs06134,1,"4,5,6,7",2,0,0,0
abs12067,1,"4,5,6",2,0,0,0
abs05415,0,"5,7",2,0,0,0
abs07206,1,"4,5,6,7",2,0,1,1
abs09704,0,6,2,0,0,0
abs03407,0,"3,7",2,0,1,1
abs21110,1,"4,5,6,7",2,0,0,0
abs09419,0,"0,4,5",0,0,0,0
abs12086,0,"0,6",0,0,0,0
abs16569,0,6,1,0,0,0
abs13410,0,"5,6",1,0,0,0
abs08420,1,"4,5,6,7",1,0,0,0
abs19554,1,4,2,0,0,0
abs02847,1,"4,6",2,"14,18,24,26,33,40",0,0
abs13503,1,"4,5,6",2,0,0,0
abs01315,0,"2,3,6",2,"16,20,26,27,33,36,37,39,40",1,1
abs05492,1,"4,5,6,7",2,0,0,0
abs03496,0,7,0,0,0,0
abs10185,1,"1,2,3,5,6",2,0,1,1
abs22033,0,"2,3,7",1,0,1,1
abs06318,1,"4,5,6",1,0,0,0
abs11526,1,6,2,0,1,1
abs19187,1,"3,7",1,0,1,1
abs19503,1,"4,5,6,7",2,0,1,1
abs16702,1,4,2,0,0,0
abs15330,0,0,2,0,0,0
abs00584,1,"2,5,6",2,"14,15,22,27",1,1
abs08020,1,"4,7",2,0,0,0
abs20363,1,"0,7",2,0,1,1
abs14394,0,0,0,0,0,0
abs15266,0,6,2,0,0,0
abs01842,0,0,0,0,0,0
abs08762,1,"4,6",2,0,0,0
abs00153,1,"2,7",2,0,1,1
abs19263,0,"4,7",1,0,0,0
abs17296,0,"2,3,7",2,"12,32",1,1
abs03538,1,"3,6",2,0,0,0
abs08361,1,"4,7",2,0,1,1
abs05981,0,"4,5,6",2,0,0,0
abs11362,1,"5,6,7",2,0,0,0
abs08278,1,"4,5,6,7",2,0,0,0
abs13173,1,"4,5,6,7",2,0,0,0
abs18053,0,"4,6",1,0,0,0
abs05608,1,"5,6,7",2,0,0,0
abs02362,0,"0,3",2,0,0,0
abs05084,0,"0,6",0,0,0,0
abs13582,1,"3,7",2,0,1,1
abs18674,1,"4,5,6,7",2,0,0,0
abs05736,1,"4,7",2,0,1,1
abs14028,0,"3,7",1,0,1,1
abs12256,1,"4,5,6,7",2,0,0,0
abs13473,1,"4,7",2,0,0,0
abs14246,0,"5,7",2,0,0,0
abs01505,0,"2,3,7",2,"16,20,26,27",1,1
abs00968,0,0,0,0,0,0
abs10577,0,"0,6,7",0,0,0,0
abs10105,0,"1,2,3,4,5,6",2,11,1,1
abs03812,0,"0,2,6",0,0,0,0
abs20454,0,3,2,0,1,1
abs03815,1,"3,7",2,0,1,1
abs01940,0,"2,3,6",2,"6,14,16,27,34",0,0
abs08704,0,"5,6",2,0,0,0
abs10285,1,"2,3,7",2,"13,14,15,16,22,26,27,28,30,33,35",1,1
abs19218,1,"3,7",2,0,1,1
abs00631,0,"3,7",2,0,1,1
abs15662,0,"1,2,3,4,5,6,7",2,23,1,1
abs03978,0,"0,6,7",0,0,0,0
abs21936,1,"3,6",2,"3,13,18,21,26",1,1
abs07480,1,7,1,0,0,0
abs11032,0,6,2,0,0,0
abs15039,0,6,2,0,1,1
abs00593,0,6,1,0,0,0
abs06832,1,"4,5,6,7",2,0,1,1
abs13552,0,"4,5,6",1,0,0,0
abs16133,1,"5,6",2,0,1,1
abs14790,1,4,2,0,0,0
abs04795,0,7,2,0,0,0
abs10116,1,2,2,"0,8,14,16,22,27,37,39",0,0
abs08980,1,"4,7",2,0,1,1
abs13241,0,0,0,0,0,0
abs07120,1,"4,7",1,0,1,1
abs18790,1,"4,7",2,0,0,0
abs15194,1,"4,5,6",2,0,1,1
abs21204,1,"4,5,6,7",2,0,1,1
abs01156,1,"3,7",1,0,1,1
abs11233,0,6,2,0,0,0
abs02997,0,"3,7",2,0,0,0
abs03742,0,7,0,0,0,0
abs11240,0,"6,7",1,0,0,0
abs21520,0,2,2,"3,14,22",0,0
abs12204,1,"4,5,6",1,0,0,0
abs15303,0,"0,2,6,7",2,0,0,0
abs02208,0,0,2,0,0,0
abs18697,0,"3,7",1,0,0,0
abs10998,0,"2,3,7",2,"8,14,22,27,34",1,1
abs15034,0,"4,5,6,7",1,0,0,0
abs22148,1,"1,2,3,6",2,"12,14,15,16,22,26,27,28,30,33,34",1,1
abs17210,0,"6,7",2,0,1,1
abs14154,0,0,0,0,0,0
abs21126,1,"4,7",2,0,1,1
abs20304,0,2,2,0,0,0
abs17437,1,"6,7",2,0,1,1
abs01082,0,"0,6,7",2,0,1,1
abs20386,1,"3,5,6,7",2,"3,13,21,24",1,1
abs05662,1,"4,5,7",1,"15,17,22,27,36",1,1
abs01319,0,"3,7",2,0,1,1
abs00140,0,"1,2,3,4,5,6",2,"6,14,26,27,30",0,0
abs06125,0,6,2,0,0,0
abs17831,1,"4,5,6,7",2,0,0,0
abs01413,0,"0,2,7",2,0,0,0
abs21441,0,"6,7",2,0,0,0
abs18298,0,"1,2,3",2,"13,14,17,22,30,34",1,1
abs01032,0,"0,5,6",2,0,0,0
abs21632,0,"2,7",2,"0,8,20,22,26,27,30,31,36,37,39,40",0,0
abs18304,0,"0,2,3,6",2,0,0,0
abs17173,0,0,0,0,0,0
abs09568,0,"5,6,7",1,0,0,0
abs11597,1,"6,7",2,0,0,0
abs08341,0,4,0,0,0,0
abs04480,0,2,2,0,1,1
abs13044,1,"5,6",2,0,0,0
abs05463,1,"4,5,6,7",2,0,0,0
abs08638,0,"4,5,7",2,0,0,0
abs20749,1,3,2,0,0,0
abs05134,0,"3,7",2,"15,16,21,26",0,0
abs21811,1,"6,7",2,0,1,1
abs15026,0,"4,5,6",2,0,0,0
abs04526,1,"3,7",2,0,1,1
abs09163,1,"4,6",2,0,0,0
abs04813,0,"6,7",2,0,1,1
abs12903,1,"4,5,7",2,0,1,1
abs03462,0,0,0,0,0,0
abs06092,1,"6,7",2,0,1,1
abs18502,0,0,2,0,1,1
abs04279,0,"1,3,4,5,6,7",2,11,1,1
abs18256,0,2,2,"13,14,17,20,26,27",1,1
abs09058,1,"4,5,6",1,0,0,0
abs13490,0,"4,5,6,7",2,0,0,0
abs14546,0,"4,6",2,0,0,0
abs10531,1,"4,5,6",2,"13,14,15,17,20,21,26,34",1,1
abs05155,0,"2,7",2,"13,14,18,20,21,22,26,27,30,36,37,39,40",0,0
abs02187,0,0,2,0,0,0
abs04829,0,"2,3,6",1,"12,26,33",1,1
abs19197,1,2,2,0,1,1
abs03642,0,"3,6",1,"15,20",1,1
abs00992,0,7,2,0,0,0
abs14948,1,"4,7",1,0,0,0
abs11842,0,6,1,0,0,0
abs08424,1,"4,5,6,7",2,0,0,0
abs14386,0,"6,7",2,0,1,1
abs08187,1,"4,7",2,0,0,0
abs06466,0,7,2,0,0,0
abs17298,0,"6,7",2,0,0,0
abs16778,1,"4,6",2,0,0,0
abs09797,1,"4,5,6,7",2,0,0,0
abs17185,0,2,2,"3,13,24",1,1
abs01342,0,7,1,0,0,0
abs09005,1,"6,7",2,0,0,0
abs19659,1,"6,7",2,0,1,1
abs14480,1,"1,2,3,7",2,"11,17,22,26,27,30,31,36,39",0,0
abs04032,0,"0,3",2,0,0,0
abs12738,1,"6,7",2,0,0,0
abs15941,0,"5,6",1,0,0,0
abs07446,1,"4,5,7",1,0,1,1
abs07743,0,"4,7",2,33,0,0
abs11824,0,7,2,0,0,0
abs09485,1,"5,6,7",1,0,0,0
abs01563,1,"5,7",2,0,0,0
abs19239,0,"2,3,7",2,"15,16,22,27,33,40",1,1
abs16533,0,"0,2,7",0,0,0,0
abs04389,0,"0,2,7",1,0,0,0
abs20772,1,"4,5,6,7",1,0,0,0
abs07897,1,"5,7",2,0,0,0
abs03919,1,"3,7",1,0,0,0
abs19013,1,"3,7",0,0,1,1
abs05784,0,0,2,0,0,0
abs04956,0,0,2,0,0,0
abs10486,1,"2,3,6",2,"6,14,15,26,27,28,30,33,36",1,1
abs04186,0,"3,6,7",2,0,1,1
abs05890,1,"4,5,7",2,0,0,0
abs01008,0,"0,6,7",2,0,0,0
abs11828,0,"0,6,7",2,0,0,0
abs09977,1,"1,3,7",2,"3,13,21,24,27,35,36",1,1
abs16295,0,"0,5,6",0,0,0,0
abs02391,0,"0,6,7",2,0,0,0
abs10356,0,2,2,0,1,1
abs13250,1,4,2,0,0,0
abs11774,1,"5,7",2,0,0,0
abs20643,1,3,2,0,1,1
abs10258,0,"6,7",2,0,1,1
abs16739,1,"4,5,7",2,0,1,1
abs00378,0,"6,7",2,0,0,0
abs21754,0,0,2,0,0,0
abs19917,1,"2,3,6,7",2,0,1,1
abs12211,1,"4,5",1,0,1,1
abs06559,1,"2,3,7",2,0,1,1
abs03730,0,0,0,0,0,0
abs04479,0,6,2,0,0,0
abs13035,1,"5,6,7",2,0,1,1
abs03866,0,"3,6",2,0,1,1
abs10503,0,0,0,0,0,0
abs14986,0,"5,7",1,0,0,0
abs07689,1,"5,7",2,0,1,1
abs20653,1,"2,3",2,0,1,1
abs12598,0,"5,6",2,0,0,0
abs21194,1,"4,5,6,7",2,0,0,0
abs16959,0,"2,3,7",2,"12,22",1,1
abs14346,0,2,2,0,1,1
abs10520,0,"3,6",2,0,1,1
abs21991,1,"1,2,3,7",1,"6,14,27,28,40",1,1
abs04102,0,3,2,0,0,0
abs03219,0,"3,5,7",2,0,0,0
abs13020,1,"4,7",2,0,0,0
abs13385,0,"4,5,6",2,0,0,0
abs03572,0,3,0,0,0,0
abs10858,0,0,2,0,1,1
abs18885,0,7,2,0,0,0
abs20658,1,"2,3",2,"15,16,18,20,21,26,27",1,1
abs05341,1,"4,7",2,0,1,1
abs12979,1,"4,5,6,7",1,0,1,1
abs16994,0,"3,7",2,0,1,1
abs05809,1,"4,7",2,0,0,0
abs18793,1,"1,2,6",2,"14,17,22,26,27,33,34",0,0
abs15176,0,"1,2,7",2,24,1,1
abs10921,1,"5,6",1,0,0,0
abs04200,0,"2,7",2,0,0,0
abs04821,0,"3,6",2,0,0,0
abs15024,0,"4,5,6",1,0,1,1
abs15896,0,"3,7",2,0,1,1
abs03681,0,"2,3",2,0,1,1
abs01530,1,"6,7",2,0,0,0
abs15567,0,6,2,0,0,0
abs11401,0,"0,2,4,5",0,0,0,0
abs03726,0,0,2,0,1,1
abs16669,1,"4,7",2,0,1,1
abs11245,0,"6,7",2,0,0,0
abs17907,0,0,0,0,0,0
abs03467,0,"0,6,7",0,0,0,0
abs09198,0,"1,2,3,6,7",2,"14,22,26,27",1,1
abs10893,1,"5,6",2,0,1,1
abs13899,1,2,2,"13,14,18,21,26,27",1,1
abs08442,1,"4,5,6,7",1,0,1,1
abs10245,0,"1,2,3,6",2,"13,16,22,24,26,27,33,35,36,39,41",1,1
abs19247,1,"3,5,6,7",1,0,1,1
abs18639,1,"1,2,3,4,5,6",2,"13,18,19,21,22,26,27,28,34",1,1
abs20629,1,"1,2,3,7",2,"14,15,22,34",1,1
abs19012,0,"6,7",2,0,0,0
abs21216,1,"3,7",1,0,0,0
abs13306,1,"4,7",2,0,0,0
abs17491,0,0,2,0,1,1
abs13986,0,0,0,0,0,0
abs20159,0,7,2,0,0,0
abs03853,0,"0,2,3,6,7",1,0,0,0
abs22145,0,2,2,"3,14,22,33",1,1
abs16687,1,"4,7",2,"3,4,14,15,16,17,18,22,24,25,26,30,31,33,36,39",0,0
abs15475,1,"2,3,6",2,"7,27",1,1
abs08315,1,"5,6",2,14,0,0
abs19609,0,0,0,0,0,0
abs04628,1,"3,6",2,"16,21,26,33,40",1,1
abs19357,1,"3,7",2,0,0,0
abs06119,1,"4,5,6,7",2,0,1,1
abs17660,0,0,2,0,0,0
abs08731,0,"6,7",2,0,0,0
abs07235,1,"4,5,6,7",2,0,0,0
abs15199,0,"4,6",1,0,0,0
abs17218,1,"2,3,7",2,0,1,1
abs18822,1,"4,5,6,7",2,"17,22,26,34",1,1
abs06430,0,"6,7",2,0,1,1
abs22243,1,"2,5,6,7",2,"7,18,21,22",1,1
abs09767,1,"5,6",2,0,0,0
abs09049,1,"4,7",2,"15,20,26,27",1,1
abs05411,1,"5,6",2,0,0,0
abs01212,0,0,0,0,1,1
abs17435,1,2,2,0,1,1
abs09201,1,"4,5,6,7",1,0,0,0
abs12030,1,"5,6,7",2,0,1,1
abs05254,0,"0,6,7",0,0,0,0
abs15310,1,"4,5,6",2,0,0,0
abs01497,1,"3,6",2,"14,22,24",1,1
abs04015,1,"1,2,3,4,5,6,7",2,"22,27,34",1,1
abs17260,0,6,0,0,0,0
abs10669,0,"3,7",2,0,1,1
abs11041,0,6,2,0,0,0
abs21881,1,"2,3,7",2,"5,15,22,27,37",1,1
abs11260,1,"4,5,6",1,0,1,1
abs01337,1,"3,7",2,0,1,1
abs13231,0,"0,5,6",2,0,0,0
abs19970,0,"2,5,6,7",2,"16,27,34",0,0
abs16904,0,"4,7",2,0,1,1
abs17494,0,7,2,0,1,1
abs18259,0,0,0,0,1,1
abs06787,1,"3,7",1,0,1,1
abs21009,0,"3,5,7",1,0,0,0
abs10354,0,0,2,0,1,1
abs15507,0,"0,2,7",0,0,0,0
abs13740,0,0,0,0,0,0
abs14210,0,0,2,0,1,1
abs07299,0,6,2,0,0,0
abs19433,1,"4,6",2,0,0,0
abs22123,1,"2,3,6,7",2,0,1,1
abs03598,0,0,0,0,0,0
abs11882,0,"4,5,7",2,0,0,0
abs19586,1,"3,7",1,0,1,1
abs18704,1,"4,7",1,0,1,1
abs07094,0,0,0,0,0,0
abs09901,1,"4,5,7",1,0,1,1
abs17400,1,2,2,0,1,1
abs11365,1,"4,7",2,0,1,1
abs11518,1,"4,6,7",2,0,1,1
abs18682,1,"4,5",2,0,0,0
abs21927,0,"2,3,6,7",2,0,1,1
abs12940,1,"2,3,4,5,6",2,"14,18,26,34",1,1
abs15229,1,"5,7",2,0,0,0
abs17815,1,"2,3,5,6",2,"13,14,15,16,18,20,21,24,26,27,28,33,36,37,39,40",1,1
abs09662,1,"4,6,7",2,0,0,0
abs10095,1,2,2,0,1,1
abs09996,0,0,2,0,1,1
abs01930,0,"0,7",2,0,0,0
abs17343,1,3,2,"15,20,22",0,0
abs03495,1,"2,3,5,6",2,"16,26,34",0,0
abs21975,1,2,2,0,1,1
abs06686,1,2,2,"3,13,22",1,1
abs19443,1,"4,6",2,"8,9,13,14,17,26,30,33,39,40",1,1
abs09898,1,"5,6",2,0,1,1
abs12801,0,"5,6",1,0,1,1
abs18322,0,2,2,"8,15,22,33",1,1
abs02214,1,"5,6",1,0,1,1
abs06393,0,0,0,0,0,0
abs03558,0,2,2,23,0,0
abs03774,0,"0,2",2,0,1,1
abs08116,1,"5,6",1,0,0,0
abs17176,0,0,0,0,0,0
abs04618,0,"2,6",2,"13,14,15,16,22,27,30,34",0,0
abs08144,1,"6,7",2,0,0,0
abs13825,0,0,2,0,1,1
abs19807,1,"4,5,7",1,0,1,1
abs19355,1,"4,5,6,7",2,0,1,1
abs10353,1,"2,3,6",2,0,1,1
abs00502,0,"3,7",2,0,0,0
abs16221,1,"5,6",2,0,0,0
abs05013,1,"3,7",1,0,1,1
abs05270,0,2,0,"13,15,16,21,24,27,30,34",0,0
abs20072,0,6,0,0,0,0
abs16863,0,"4,5,6",2,0,0,0
abs13327,0,6,2,0,0,0
abs04531,0,"0,6,7",0,0,0,0
abs04971,1,"2,7",2,0,1,1
abs15324,0,"0,5",0,0,0,0
abs15435,0,"0,2,7",2,0,0,0
abs06475,1,"2,3,7",2,0,1,1
abs05612,1,"5,6,7",2,0,1,1
abs16691,0,"4,5,6",1,0,0,0
abs16147,0,0,0,0,0,0
abs11390,0,0,1,0,0,0
abs17581,0,0,0,0,0,0
abs20967,1,3,1,0,1,1
abs19107,1,3,2,0,0,0
abs14975,1,"6,7",2,0,0,0
abs22161,0,"2,3,6,7",2,"3,13,22,33",1,1
abs05301,1,"4,5,6,7",2,0,0,0
abs05962,1,"6,7",2,0,0,0
abs20727,1,"3,6",2,"15,20,26,27",0,0
abs19283,1,"0,6,7",2,0,1,1
abs07101,0,"4,7",1,"3,15,22",0,0
abs20186,1,"2,3,6",2,0,1,1
abs06532,0,7,2,0,0,0
abs10327,0,2,0,0,0,0
abs02848,1,"6,7",2,0,1,1
abs10068,1,"2,3,5,6",2,0,1,1
abs05846,1,7,2,0,0,0
abs13102,1,"4,7",2,0,1,1
abs18106,1,"4,7",2,"15,20,26",1,1
abs18075,0,"0,5,6",2,0,0,0
abs07836,1,"4,5,6,7",2,0,0,0
abs07483,1,"4,5,6,7",2,0,0,0
abs05704,0,7,0,0,0,0
abs02495,0,"0,2,3,5,6",2,"3,18,33",0,0
abs08165,1,"4,6",2,0,1,1
abs11173,0,"4,6",2,0,0,0
abs07259,1,"4,6",2,0,0,0
abs10195,0,"3,7",1,0,1,1
abs15274,1,"5,7",1,0,1,1
abs21146,0,"0,6",2,0,0,0
abs09784,1,"2,3,7",2,"8,15,22,27",1,1
abs07803,0,4,2,0,0,0
abs22202,1,"2,7",2,"5,15,22,27,37",0,0
abs11208,1,"3,4,5,6,7",2,0,1,1
abs12088,0,"4,5,7",2,0,0,0
abs06833,0,"6,7",2,0,1,1
abs15224,1,"4,5,6",2,0,1,1
abs09931,0,"2,3,6,7",2,"0,16,27",1,1
abs12409,1,"4,5,6",1,0,0,0
abs20954,1,2,2,0,1,1
abs15820,0,6,0,0,0,0
abs06680,0,2,2,"14,22,25,26,34,40",0,0
abs03692,1,"3,7",2,0,1,1
abs16339,1,"4,5,6",2,0,0,0
abs13809,0,0,2,0,1,1
abs01331,0,"2,7",2,0,1,1
abs11953,0,"4,5,6",0,0,0,0
abs18137,1,"4,5,6,7",2,0,0,0
abs20789,1,"3,6,7",2,0,1,1
abs21729,0,"2,6,7",0,0,0,0
abs16475,0,0,0,0,0,0
abs12912,1,"4,5,6",1,0,0,0
abs08189,1,"5,6",2,0,0,0
abs01805,1,"3,7",1,0,0,0
abs13064,1,"4,5,6,7",2,0,0,0
abs20209,0,"0,3,6",2,0,1,1
abs08616,0,"0,6,7",2,0,0,0
abs00830,0,"3,7",2,0,1,1
abs16376,1,"4,7",1,0,1,1
abs14486,0,"0,2,3,5,6",2,0,1,1
abs10043,0,0,1,0,1,1
abs08498,1,"4,6",2,0,1,1
abs02958,1,"3,6",2,0,1,1
abs13417,1,"4,5,6",2,0,0,0
abs06547,1,"6,7",2,0,0,0
abs00917,0,"6,7",1,0,0,0
abs19847,0,"2,3,7",2,"6,7,9,11,12,14,15,18,20,21,24,25,26,27,28,30,31,33,34,35,36,37,42",1,1
abs06202,0,"5,6",1,"14,22,27,33,37",1,1
abs18085,1,"5,7",1,0,1,1
abs09309,0,"5,7",1,0,0,0
abs00172,0,"0,6,7",2,0,0,0
abs21100,1,"4,6",2,0,0,0
abs04950,0,"6,7",2,0,0,0
abs20748,1,"4,5,6,7",1,"15,20,26",1,1
abs02876,0,"1,2,7",2,26,1,1
abs03677,0,6,2,0,0,0
abs19567,1,"3,5,7",1,0,1,1
abs13998,1,3,2,0,1,1
abs08536,0,"0,5",2,0,0,0
abs16315,1,"3,4,7",2,"14,15,22,27,33,40",1,1
abs11039,1,"4,7",2,0,1,1
abs21007,1,"4,5,6,7",1,0,1,1
abs21699,1,2,2,"14,22,24,26,27,28,33,35,36,37,39,40",1,1
abs18039,0,"0,5,6",0,0,0,0
abs02451,0,0,2,0,0,0
abs05406,1,"4,5,6",1,0,1,1
abs02944,0,2,2,0,1,1
abs05188,0,"0,2,7",0,0,0,0
abs02578,0,2,2,0,0,0
abs20190,0,"4,7",2,"15,20,27,28",1,1
abs08753,0,"0,1",2,0,0,0
abs13770,0,0,1,0,1,1
abs05702,1,"4,7",2,0,0,0
abs18671,0,"3,6",1,0,1,1
abs15777,1,"4,5,6",2,0,0,0
abs09175,1,6,1,0,0,0
abs08099,1,"5,6",2,0,0,0
abs14020,0,0,2,3,1,1
abs04803,0,"0,6",2,0,0,0
abs00308,1,"6,7",2,0,0,0
abs16099,0,"0,5,7",2,0,0,0
abs00419,0,"0,6",2,0,1,1
abs16600,1,"4,5,6",2,0,0,0
abs17121,0,2,2,0,1,1
abs17562,0,"2,3",2,0,1,1
abs18295,0,2,2,0,1,1
abs07104,1,"4,5,6",2,0,1,1
abs09129,1,"4,7",2,0,1,1
abs03686,1,4,2,0,0,0
abs13416,1,"4,5,6",2,0,0,0
abs00795,0,"1,2,3,5,6",2,40,1,1
abs16083,1,"6,7",2,0,0,0
abs14668,0,"0,5",0,0,0,0
abs16630,1,"4,5,6,7",2,0,1,1
abs21406,0,"6,7",2,0,1,1
abs21866,0,"1,2,3",2,"12,22,26,33",1,1
abs09395,1,"4,7",2,0,0,0
abs06562,1,"4,7",2,"0,8,14,22,26,27,30,34,36,37,39,40",0,0
abs18572,1,"4,7",2,0,0,0
abs14092,1,"2,7",2,"7,17,22,27,37",1,1
abs13512,1,"4,5,6,7",2,0,1,1
abs22021,1,"2,5,6,7",0,0,0,0
abs11355,0,"6,7",2,0,0,0
abs02854,0,2,2,0,0,0
abs17340,0,2,2,0,1,1
abs09937,0,"1,2",0,"7,18,22,26",0,0
abs08252,0,"4,6",2,0,0,0
abs13984,0,0,2,0,0,0
abs06813,1,"1,2,3,4,5,6",2,24,1,1
abs17790,0,"1,2,3,6",2,"8,9,22,27",1,1
abs10588,0,7,0,0,0,0
abs14654,1,"4,7",2,"13,14,18,20,22,26,27,33,34",0,0
abs12980,1,"4,6,7",2,0,0,0
abs16167,1,"4,6",2,0,0,0
abs19550,0,"6,7",1,0,1,1
abs11105,0,4,2,0,0,0
abs02241,0,"2,3,6",2,"6,7,9,15,16,20,26,33,34,35,36,39,40",1,1
abs15692,1,"3,4,5,7",2,0,1,1
abs00945,0,3,2,0,1,1
abs17583,0,0,0,0,0,0
abs01760,1,"2,3,7",1,"7,18,27,34",1,1
abs14145,0,0,2,0,1,1
abs06638,1,"2,5,6,7",2,0,1,1
abs16680,0,0,2,0,0,0
abs09128,0,"6,7",2,0,0,0
abs17288,0,0,0,0,0,0
abs00717,0,"0,2,3,5,6",2,0,0,0
abs18836,1,"3,7",2,0,0,0
abs22043,1,"1,2,3,6",2,"7,18,21,22,27,30,34",1,1
abs06322,0,"4,7",2,0,0,0
abs09968,0,0,2,0,1,1
abs06262,0,"6,7",2,0,0,0
abs13476,1,"4,5",2,0,0,0
abs06944,1,2,2,"17,18,27,34",1,1
abs08110,1,"4,5,6,7",2,0,0,0
abs20090,0,"4,5,6",1,0,0,0
abs17600,0,"3,7",2,0,1,1
abs16525,1,"4,5,6,7",2,"13,14,15,16,22,26,27,28",1,1
abs17913,1,"5,7",2,0,1,1
abs17617,0,2,2,0,1,1
abs19473,1,"4,5,6,7",2,0,0,0
abs02632,0,"0,6",0,0,0,0
abs16127,0,"5,6",2,0,0,0
abs15801,0,"2,3,5,6",2,"7,18,27",0,0
abs18635,1,"4,7",2,0,1,1
abs15888,1,"4,5,6",1,0,0,0
abs12342,1,"4,6,7",2,0,0,0
abs16854,0,"4,5,7",1,0,0,0
abs13536,1,"4,5,7",1,"13,14,15,17,21,22,26,30,33,34",1,1
abs00573,0,"1,2,7",2,0,0,0
abs17508,0,2,2,"3,13,22,27",1,1
abs12448,0,"5,7",2,0,1,1
abs02800,0,7,1,0,1,1
abs11183,0,"3,7",1,0,0,0
abs14096,0,"2,3",2,"16,22,33",1,1
abs10539,1,"6,7",2,0,1,1
abs07298,1,"5,6,7",1,0,0,0
abs17677,0,0,0,0,1,1
abs20469,1,7,2,0,0,0
abs12524,1,"4,5,6",2,0,1,1
abs21148,1,"1,2,3,4,5,6,7",2,"0,3,14,22,33",1,1
abs18742,1,"4,7",2,0,0,0
abs01730,1,7,2,"3,13,22,27",1,1
abs10369,0,2,2,"15,20,21,24",1,1
abs16474,1,"2,3,6",2,"12,15,22,27,40",0,0
abs12281,1,"6,7",2,0,0,0
abs15962,0,0,0,0,0,0
abs12518,0,0,2,0,0,0
abs05510,1,"4,5,6,7",1,0,0,0
abs21774,1,"6,7",2,0,1,1
abs16129,1,"4,6,7",2,0,1,1
abs15940,0,6,2,0,0,0
abs18009,0,7,0,0,0,0
abs02829,0,"3,6",2,0,0,0
abs04241,1,4,2,0,1,1
abs02160,0,"3,7",2,"0,2,8",0,0
abs16919,1,"5,6",1,0,0,0
abs07071,1,"2,3,5,6",2,0,1,1
abs17838,0,"5,6",2,0,0,0
abs16885,1,"4,5,6",1,0,1,1
abs13393,1,4,2,"17,22,26,34",0,0
abs04236,0,0,2,0,0,0
abs17549,0,"0,2,3,5,6",2,0,1,1
abs04016,0,"2,3,7",1,"15,17,18,22,26,30,33,34",1,1
abs07096,1,"3,7",2,0,1,1
abs13535,1,"4,5,6",1,0,0,0
abs19511,1,"1,2,3,4,5,6,7",2,"12,14,15,16,22,26,27,28,35",1,1
abs13209,1,"4,5,6",2,0,0,0
abs08758,1,"4,7",1,"13,14,15,24,27,33,39,40",0,0
abs05107,0,7,2,0,0,0
abs11171,1,"5,6",2,0,0,0
abs10115,1,"2,3,7",1,"15,22,26,33,39",1,1
abs14475,1,"2,3,7",2,0,1,1
abs05707,0,"4,7",2,0,1,1
abs20125,0,"0,6",2,0,1,1
abs00468,0,0,2,0,0,0
abs12097,1,"4,5,6",2,0,0,0
abs08262,0,"4,6",2,0,1,1
abs04515,0,"0,2,3,5,6",0,0,0,0
abs07304,1,6,2,0,0,0
abs04259,0,"1,2,3,6",2,40,1,1
abs01200,0,2,2,"7,17,22",1,1
abs11519,1,"3,7",2,0,1,1
abs19472,0,6,2,0,0,0
abs12198,0,0,2,0,0,0
abs15112,0,"4,6",2,0,0,0
abs16657,1,"5,6",1,0,1,1
abs05214,0,0,0,0,0,0
abs19076,1,"3,7",2,0,1,1
abs03059,0,"0,6",2,0,1,1
abs11587,1,"4,5,6,7",2,0,1,1
abs05138,0,2,2,"17,20",0,0
abs13573,0,"4,6",2,0,0,0
abs18891,1,"6,7",2,0,0,0
abs21394,1,"6,7",2,0,0,0
abs03647,0,"0,2,7",0,0,0,0
abs19027,1,"3,6",2,0,0,0
abs09920,0,"6,7",2,0,0,0
abs18452,0,"2,3,6",2,0,1,1
abs13422,1,"4,5,6",2,"12,14,15,16,22,26,27,28,30,33,34",0,0
abs02116,0,0,2,0,1,1
abs19826,1,"0,7",2,0,0,0
abs00492,0,7,0,0,0,0
abs00435,0,6,2,0,1,1
abs01739,0,"6,7",2,0,1,1
abs04708,1,"4,6",2,"14,15,16,21,26,27,28,33,34",1,1
abs03776,0,7,2,0,0,0
abs21516,0,"2,3,4",2,"13,14,15,16,18,20,21,26,27",0,0
abs03821,0,0,0,0,0,0
abs15479,1,"0,7",2,0,0,0
abs05848,1,"4,5,6",2,0,0,0
abs16290,1,"1,2,3,4,5,6",2,"3,4,6,7,8,9,11,12,13,14,15,16,17,18,20,22,24,25,26,28,30,35,36,42",1,1
abs04449,0,"0,6,7",2,0,0,0
abs18745,1,"4,7",2,0,1,1
abs12336,0,"5,6",2,0,0,0
abs09974,0,"2,3,7",2,"0,12,27",1,1
abs14966,0,"0,4,5",0,0,0,0
abs18980,1,"3,7",1,0,1,1
abs14097,0,2,2,0,1,1
abs18095,1,"5,7",1,0,1,1
abs10489,1,"6,7",2,0,1,1
abs12356,1,"4,5,6",1,0,1,1
abs14076,0,"1,2,3,5,6",2,0,1,1
abs10075,1,"2,3,6",2,0,1,1
abs10897,1,"4,5,6,7",2,0,0,0
abs12138,1,"4,5,6",2,0,0,0
abs08408,1,"6,7",1,0,0,0
abs11291,1,4,2,0,0,0
abs19924,0,"6,7",2,0,1,1
abs13988,0,"3,5,7",1,"13,14,15,16,22,26,27",1,1
abs13577,0,"0,5,6",0,0,0,0
abs13698,0,0,0,0,0,0
abs17405,0,0,2,0,1,1
abs09427,0,6,1,0,0,0
abs20261,0,7,1,0,1,1
abs04879,0,6,2,0,0,0
abs13237,0,2,2,"14,18,22,27,33",0,0
abs16501,1,"4,6,7",2,0,1,1
abs04507,0,"0,6",2,0,0,0
abs09721,1,"4,5,6",2,0,0,0
abs03011,0,"2,3,6",2,0,0,0
abs01699,1,"4,5,7",2,0,0,0
abs16144,0,"4,6",2,0,1,1
abs04804,0,"4,5,6,7",1,0,0,0
abs18971,1,"3,7",2,0,0,0
abs11404,0,"0,2,7",2,0,0,0
abs21748,1,"2,3,7",2,0,1,1
abs12154,0,"5,6",2,0,0,0
abs11552,1,"1,2,4,5,6",1,"12,22,25,26,33,39,41",1,1
abs12362,1,"0,5,6,7",2,0,1,1
abs09993,0,"2,4,7",1,"16,17,22,26,27,30,36,37,39,40",1,1
abs06909,0,0,2,0,0,0
abs07495,1,"4,7",2,0,0,0
abs14667,1,"4,5,7",2,0,1,1
abs04630,1,"2,7",2,0,1,1
abs07447,0,4,1,0,0,0
abs12375,0,"6,7",2,0,0,0
abs14870,1,"4,7",1,0,0,0
abs18097,0,"4,6,7",2,0,1,1
abs14350,0,"6,7",2,0,0,0
abs05360,0,"4,5,6",1,0,1,1
abs03816,0,"4,6",2,24,0,0
abs16111,0,6,0,0,0,0
abs14224,0,0,0,0,0,0
abs02555,0,"0,6",2,0,1,1
abs18400,0,"0,6",0,0,0,0
abs21837,1,"2,5,6,7",2,"7,18,22,27",0,0
abs00751,0,"6,7",2,0,0,0
abs06035,1,"5,6",2,0,0,0
abs14676,1,"4,6",2,0,1,1
abs10259,1,"5,6",1,0,0,0
abs14109,1,"2,6,7",2,"13,14,17,20,26,27",1,1
abs02799,1,"1,2,3,6,7",2,"14,20,22,26,35",1,1
abs19117,1,"6,7",2,0,1,1
abs20459,0,7,0,0,0,0
abs04078,0,3,2,0,0,0
abs12133,0,"0,4,5",2,0,0,0
abs11436,1,"3,4,5,6",1,0,1,1
abs16757,0,"4,5,6",1,0,0,0
abs00731,0,"6,7",2,0,0,0
abs01215,0,6,2,0,0,0
abs06706,0,2,2,"10,22,26,27",0,0
abs03715,1,"2,3,6",2,"7,17,22,27,37",1,1
abs09250,1,"4,6",2,0,0,0
abs06093,1,"4,5,6,7",2,0,1,1
abs02352,0,"2,3,4,5,7",1,"15,22,27,33",1,1
abs21360,1,"4,5,6",2,"11,17,24,26,39",1,1
abs17135,1,"6,7",2,0,1,1
abs17852,1,"4,7",2,0,0,0
abs03509,0,"6,7",2,0,0,0
abs05972,1,"4,7",2,0,1,1
abs09553,1,"4,6,7",2,0,0,0
abs21939,1,"1,2,7",2,"10,22,26,27",1,1
abs17034,1,0,2,0,1,1
abs09965,0,"2,3,6",2,0,1,1
abs01721,0,6,1,0,1,1
abs13016,0,6,1,0,0,0
abs13696,0,2,1,0,1,1
abs09943,0,"2,3,7",1,0,1,1
abs04600,0,"5,7",2,0,0,0
abs00851,0,6,2,0,0,0
abs11638,1,"5,6",1,0,0,0
abs07338,1,"0,7",1,0,1,1
abs09135,0,"4,5,6",1,0,0,0
abs17561,1,"4,7",2,0,0,0
abs10861,0,"3,6,7",2,0,1,1
abs17224,0,"3,7",2,0,1,1
abs15779,0,"6,7",0,0,0,0
abs11561,1,"4,6",2,0,0,0
abs15816,0,"4,5,6",1,0,0,0
abs19680,0,"6,7",2,0,1,1
abs17799,0,"3,6",2,0,1,1
abs16580,1,"4,6",2,0,0,0
abs21994,0,0,2,0,0,0
abs11929,1,"4,5,6,7",2,0,1,1
abs08328,1,"4,5,6,7",2,0,0,0
abs19490,1,"6,7",1,0,1,1
abs06764,0,0,2,0,1,1
abs14206,1,7,2,0,0,0
abs04128,0,6,0,0,0,0
abs06901,0,"1,2,3,6",1,"14,27,34",1,1
abs20998,1,"6,7",2,0,0,0
abs13032,1,"4,5,6,7",1,0,0,0
abs00108,0,7,0,0,0,0
abs10363,0,0,0,0,0,0
abs07277,1,"4,5,6",1,0,1,1
abs10021,1,2,2,0,1,1
abs11754,0,"0,5",2,0,0,0
abs01768,0,3,2,0,1,1
abs04152,0,"0,2,7",0,0,0,0
abs04683,1,"5,7",1,0,1,1
abs10230,1,"2,3,6",2,0,1,1
abs09564,1,"4,5,6,7",2,0,0,0
abs19623,0,"2,7",2,9,1,1
abs05699,1,"4,5,6,7",2,0,1,1
abs19457,0,"4,7",2,0,1,1
abs07913,0,"4,6",1,0,0,0
abs19817,1,"4,5,7",2,0,1,1
abs06560,0,0,2,0,1,1
abs06260,1,"4,5,6,7",2,0,1,1
abs07286,1,"5,6,7",2,0,0,0
abs21104,1,"4,7",1,"3,18,27",0,0
abs20420,1,"2,3,6",2,"12,20,22",1,1
abs07598,1,"5,6",2,0,0,0
abs05416,1,"4,5,6,7",1,0,0,0
abs19667,1,3,2,0,1,1
abs06326,1,"4,6",2,0,0,0
abs16273,1,"6,7",1,0,1,1
abs14557,0,"5,6",1,0,0,0
abs08055,1,"6,7",2,0,0,0
abs03224,1,"4,6",2,"15,20,26",1,1
abs02552,0,0,2,0,0,0
abs05780,1,"4,5,6,7",2,0,1,1
abs01291,1,"2,3,5,6,7",2,0,1,1
abs18163,0,7,2,0,0,0
abs03615,0,"0,6",2,0,1,1
abs05727,0,"6,7",2,0,0,0
abs18634,1,"2,3,4,5,6,7",2,0,1,1
abs11342,1,"3,4,6",2,0,0,0
abs17637,0,2,2,"3,13,22,33",1,1
abs03062,0,0,2,0,0,0
abs21544,1,"3,6",2,0,1,1
abs21955,0,7,0,0,0,0
abs17202,0,"0,2,7",0,0,0,0
abs16084,0,"0,6,7",2,0,0,0
abs06143,1,"5,7",2,0,1,1
abs10714,0,6,2,0,0,0
abs06090,1,"6,7",2,0,0,0
abs20191,0,"0,6",2,0,0,0
abs21116,0,0,2,0,0,0
abs13375,1,"4,5,6",2,0,0,0
abs02597,0,"3,7",2,0,0,0
abs08419,1,"6,7",2,"14,22,24,26,27,28,33,35,36,37,39,40",0,0
abs12929,1,"4,5,6",2,0,1,1
abs15866,0,"4,5,6",2,0,0,0
abs03654,0,"6,7",2,0,1,1
abs19638,1,6,1,0,1,1
abs08700,1,"4,5,6",2,0,0,0
abs00001,0,"0,7",2,0,1,1
abs13452,0,"0,5",2,0,0,0
abs17043,1,"6,7",2,0,1,1
abs06970,1,"2,3,6",2,2,1,1
abs12287,1,"4,5,6,7",2,0,0,0
abs14573,1,"4,5,6,7",2,0,1,1
abs15985,0,"0,6,7",0,0,0,0
abs12597,1,"5,6,7",2,0,0,0
abs04556,0,"0,6",2,0,0,0
abs11186,0,"4,5,6",2,0,0,0
abs04472,0,"6,7",1,0,0,0
abs21279,1,"5,6",1,0,1,1
abs12464,0,4,2,0,0,0
abs16946,1,"4,5,6,7",2,0,1,1
abs10488,1,2,2,0,0,0
abs00675,1,"2,7",2,"12,18,32",1,1
abs17880,0,"0,6,7",0,0,0,0
abs21668,1,2,2,0,1,1
abs17762,0,0,2,0,0,0
abs19253,1,3,2,0,0,0
abs01645,0,"1,2,3,4,5,6,7",2,"14,18,27,34",0,0
abs05682,1,"4,5,6,7",2,0,0,0
abs08122,1,4,2,0,0,0
abs20571,1,"3,7",2,0,1,1
abs17731,0,0,2,0,1,1
abs16506,1,"6,7",2,0,1,1
abs00683,0,"2,3,7",2,"16,22,26,27,30,39",1,1
abs01328,0,6,0,0,0,0
abs03695,0,0,2,0,0,0
abs16888,0,"5,7",1,0,0,0
abs01427,0,"6,7",2,0,0,0
abs12109,1,"5,6,7",2,0,0,0
abs18050,0,0,0,0,0,0
abs03823,0,7,2,0,0,0
abs06899,1,"1,2,3,6",2,"7,17,22,26,30,39",1,1
abs16440,0,"0,5",1,0,0,0
abs03445,0,"0,6",2,0,0,0
abs16493,1,"4,5,6,7",1,0,1,1
abs05494,1,"4,5,6,7",1,0,0,0
abs08191,1,7,2,0,0,0
abs14956,1,"4,5,6,7",2,0,0,0
abs08714,1,6,1,0,0,0
abs15976,0,6,2,0,0,0
abs09367,1,"4,5,6",2,0,0,0
abs09042,0,"0,4,5",2,0,0,0
abs00932,0,0,0,0,0,0
abs20881,0,7,2,0,0,0
abs20700,0,"2,7",1,0,1,1
abs03250,0,"2,3,7",2,"0,1,2,3,5,6,7,8,9,17,22",1,1
abs03900,0,0,0,0,0,0
abs04676,0,"0,2,7",0,0,0,0
abs01157,0,0,2,0,0,0
abs15381,1,"3,7",2,0,0,0
abs08858,0,4,2,0,0,0
abs12823,0,"5,6",2,24,0,0
abs00779,0,"0,6,7",0,0,0,0
abs08458,1,"5,6,7",2,0,0,0
abs02210,0,"0,5,6",2,0,0,0
abs16237,0,"4,5,7",1,0,0,0
abs16177,0,"4,5,6,7",2,0,0,0
abs09826,1,"1,2,3,4,5,6,7",2,34,0,0
abs06936,0,"2,3,7",2,0,1,1
abs08435,1,"4,5,7",2,0,0,0
abs06591,0,2,0,"16,26,34",0,0
abs01688,0,"0,7",2,0,0,0
abs07802,0,"4,5,6",2,0,0,0
abs11697,1,"4,5,6,7",1,0,1,1
abs02250,0,0,2,0,1,1
abs20342,0,"6,7",2,0,0,0
abs17629,0,"6,7",0,0,0,0
abs07326,1,"4,5,7",1,0,0,0
abs09244,0,"0,5,6",2,0,1,1
abs19768,0,"6,7",2,0,1,1
abs02429,0,"0,6",0,0,0,0
abs04436,0,"4,5,6",2,"13,15,16,21,26,27,28,33,35,36,39,40",0,0
abs20208,1,"3,7",2,0,1,1
abs04861,1,"2,3,7",1,"6,7,8,9,11,12,13,14,15,16,24,25,26,29,30,31,33,34,35,36,37,42",1,1
abs09583,0,7,1,0,0,0
abs05553,1,"4,5,6,7",2,0,0,0
abs20195,1,"2,3,7",2,0,0,0
abs00170,0,"0,2,7",2,0,0,0
abs01757,1,7,2,0,0,0
abs18460,0,0,0,0,0,0
abs14446,0,0,0,0,1,1
abs08882,1,"4,6",2,"12,14,15,16,22,26,27",1,1
abs06942,0,7,2,3,0,0
abs17771,0,7,2,0,0,0
abs09412,1,3,2,0,1,1
abs19154,1,"6,7",1,0,1,1
abs21084,0,"4,7",2,"13,14,15",0,0
abs00899,0,"0,2,7",2,"12,18,20",1,1
abs03751,0,"0,2,7",0,0,0,0
abs10349,0,3,2,0,1,1
abs06047,1,"4,5,6,7",2,0,0,0
abs04021,0,7,1,0,0,0
abs05622,0,"4,5,7",1,0,0,0
abs18374,0,0,0,0,1,1
abs14519,0,"4,7",2,0,1,1
abs16527,0,6,1,0,0,0
abs20970,1,"0,7",2,0,1,1
abs12006,1,"4,6",2,0,0,0
abs22189,1,"1,2,3,6",2,"6,14,26,27,30,34,35,36,39",1,1
abs17993,1,"4,5,6",2,0,0,0
abs02655,0,2,2,23,1,1
abs21564,0,"0,5,6,7",2,0,0,0
abs11380,1,"4,5,6,7",2,0,0,0
abs11739,0,"2,5,6",0,"0,8,17,20,21,26,27,30,33,35,36,37,39,40,42",0,0
abs07202,1,"4,5,6",2,"17,22,26,34",0,0
abs16541,0,4,0,"13,17,22",0,0
abs10681,0,"6,7",2,0,1,1
abs22016,0,"2,3,5,6",1,"12,15,22,27,36,37",1,1
abs04594,0,6,2,0,0,0
abs16491,0,7,2,0,0,0
abs05514,0,"5,6",0,0,0,0
abs15002,1,"4,5,6,7",1,0,1,1
abs16643,0,"3,7",2,0,0,0
abs03342,0,"0,2",2,33,0,0
abs15323,0,0,0,0,0,0
abs18456,1,"1,2,3,6",2,0,1,1
abs09441,1,"6,7",2,0,0,0
abs16002,0,"4,5,6",0,0,0,0
abs08188,1,4,2,0,1,1
abs06801,1,"1,2,7",2,"7,17,22,33",1,1
abs14816,0,0,1,0,0,0
abs01678,1,"5,7",2,0,1,1
abs07730,1,"4,5,6,7",1,0,0,0
abs20427,1,"2,6,7",1,24,0,0
abs06131,1,"5,6",1,0,1,1
abs14398,0,"2,3,7",1,12,1,1
abs18285,0,0,2,"3,13,19,22,33",1,1
abs11640,0,"5,6",2,0,0,0
abs07901,1,"5,6,7",1,0,0,0
abs01966,0,"3,7",2,0,0,0
abs04435,0,"5,6",1,0,0,0
abs14604,0,4,2,0,0,0
abs08871,1,"4,5,6,7",2,0,0,0
abs18073,0,"4,7",2,"8,14,18,21,26,27",0,0
abs01663,0,"3,7",2,0,1,1
abs18802,1,"6,7",2,0,1,1
abs01624,0,2,2,"16,17,22,26,27,28,30,31,36,37,39,40",1,1
abs07407,0,"6,7",1,0,0,0
abs06416,0,"2,3,6,7",2,"12,32",1,1
abs04202,1,"4,7",2,"15,20,26,27",1,1
abs01403,0,0,2,0,0,0
abs08367,0,"4,5,6",2,0,0,0
abs07225,1,"4,5,6",2,0,1,1
abs07820,1,"3,6",2,0,1,1
abs10464,0,"6,7",1,0,1,1
abs09291,1,"4,6",2,0,1,1
abs20868,1,"6,7",2,0,0,0
abs19530,1,"4,7",2,0,0,0
abs07172,1,"4,5,6",2,0,0,0
abs10495,1,"2,7",2,"14,22,27",1,1
abs16873,1,"3,5,6",1,0,1,1
abs08503,1,4,2,0,0,0
abs14191,0,0,0,0,0,0
abs17426,0,6,0,0,0,0
abs14356,0,2,2,0,0,0
abs18048,1,"5,6",1,0,0,0
abs10857,1,"1,2,4,5,6",2,"8,17,22,33",1,1
abs12938,1,"4,5,6,7",2,0,1,1
abs11303,1,"5,6",1,0,0,0
abs15242,1,"4,5,6",2,0,0,0
abs05448,1,"4,5,7",2,0,0,0
abs17254,1,"2,3,6",2,"3,13,24,27,33,35,36",1,1
abs17602,0,"3,6",1,0,1,1
abs11456,1,"4,7",2,0,0,0
abs00826,0,"4,5",2,0,0,0
abs20226,0,"3,7",1,0,0,0
abs20675,0,3,2,0,0,0
abs10541,0,"2,3,6",2,"3,13,22,27",1,1
abs11889,0,6,1,0,0,0
abs18862,0,"6,7",2,0,0,0
abs17094,0,"0,3",2,0,1,1
abs16154,0,"5,6",2,0,0,0
abs07595,1,"5,6",0,0,0,0
abs20690,1,"2,3,6,7",2,"13,14,17,20,22,26,27,28,34,35,36,37,39,40",1,1
abs17059,0,6,2,0,1,1
abs16650,0,4,2,0,0,0
abs17990,1,"4,7",2,0,1,1
abs14551,0,6,0,0,0,0
abs07861,1,"5,6,7",1,0,0,0
abs06649,0,"4,7",2,0,1,1
abs10186,0,"6,7",2,0,1,1
abs09174,1,"5,6",2,0,0,0
abs20763,1,"3,6,7",2,0,1,1
abs22168,0,"2,7",2,"13,16,22,27,37",0,0
abs10989,1,"4,7",2,0,0,0
abs17882,0,"4,5,6",2,0,0,0
abs21325,1,"3,6",1,0,0,0
abs05290,0,"3,7",2,0,0,0
abs11972,1,"5,6,7",1,0,0,0
abs05388,1,"4,7",2,0,1,1
abs17690,0,0,0,0,0,0
abs21983,1,"2,3,7",2,"7,17,22,26,27,30,33",0,0
abs14111,0,0,1,"3,13,14,15,18,20,22,26,27,28,30,39",1,1
abs00906,0,"0,6",2,0,1,1
abs03560,0,3,2,0,1,1
abs20172,1,"3,7",2,0,1,1
abs05280,1,"3,7",2,0,0,0
abs13077,1,"3,7",2,0,1,1
abs18090,0,"4,7",0,"15,20,27,34",0,0
abs15482,0,"0,5,7",0,0,0,0
abs20220,1,"6,7",1,0,1,1
abs16026,0,"0,5",1,0,0,0
abs05905,1,"4,5,6,7",2,0,0,0
abs07075,1,0,1,0,1,1
abs21438,1,"4,5,6,7",2,0,0,0
abs21131,1,"5,6",2,"13,14,18,21,26,27",1,1
abs05073,1,"6,7",2,0,0,0
abs08593,1,"4,7",2,0,1,1
abs22244,0,7,2,"13,16,22",0,0
abs21464,0,"4,7",2,"2,15,16,22,33",0,0
abs13331,1,"5,6,7",2,0,0,0
abs02240,0,6,1,0,0,0
abs15789,1,"4,5,6",2,0,0,0
abs06803,1,"5,7",2,0,1,1
abs06520,0,"1,2,3",2,"7,18,22,27",1,1
abs16410,1,"4,6",2,0,0,0
abs13588,0,7,2,0,0,0
abs04416,0,0,1,0,1,1
abs00401,0,0,2,0,1,1
abs17711,0,0,0,0,0,0
abs04779,0,0,0,0,0,0
abs15121,1,"3,5,6",2,0,1,1
abs18764,1,"4,5,6",2,"7,17,22,26,27,30,34",1,1
abs16730,1,"4,5,6,7",1,0,0,0
abs18478,1,"1,2,3,6",2,"12,14,15,16,22,26,27,28,30,33,35",1,1
abs02627,0,"2,3,5,6",2,0,1,1
abs07122,1,"4,5,6,7",1,0,1,1
abs01536,0,"6,7",2,33,1,1
abs01095,0,"5,7",0,0,0,0
abs16662,1,"4,5,6",2,0,0,0
abs02905,1,"1,2,3,5,7",2,"5,8,20,22,26,27,30,36,37",1,1
abs19627,0,2,1,0,1,1
abs04328,0,"2,3,6",2,24,0,0
abs18913,0,"2,3,7",2,"15,16,22,27,33,34",1,1
abs06747,0,7,0,0,0,0
abs00013,0,0,0,0,0,0
abs07330,1,"5,6,7",2,0,1,1
abs00975,0,"0,6,7",2,0,0,0
abs08245,1,"4,6",2,0,0,0
abs13711,0,"1,2,3,6",2,"6,7,9,14,15,17,22,26,27,33,35,36,39",1,1
abs19956,0,"3,7",2,0,1,1
abs05857,1,"5,6,7",2,0,0,0
abs01015,0,"1,2,3,6",2,"6,14,22,26,27,30,31,36,37",1,1
abs09212,1,"4,5,6,7",1,0,0,0
abs07103,1,"4,5,6,7",1,"20,22,28,34",0,0
abs09726,0,6,0,0,0,0
abs07182,1,"5,6,7",2,0,0,0
abs00324,0,0,2,0,1,1
abs09810,1,"4,5,6,7",2,0,1,1
abs05853,1,"4,5,6,7",2,0,0,0
abs01700,0,"0,6",1,0,1,1
abs20726,1,"5,6",2,0,1,1
abs14688,0,"4,7",2,26,0,0
abs19432,0,"0,6,7",1,0,1,1
abs20180,1,"5,6,7",2,"14,15,22,27,33",0,0
abs02915,0,"0,6,7",2,0,0,0
abs04837,0,"2,3,6,7",2,0,0,0
abs11273,1,"4,7",2,0,0,0
abs14826,0,"5,6",2,0,0,0
abs03595,1,"2,7",2,"13,15,22,27",1,1
abs03546,0,"6,7",2,0,0,0
abs10926,0,"5,6",1,0,1,1
abs06235,1,"4,5,6",1,0,1,1
abs06142,1,"6,7",1,0,0,0
abs18041,0,"0,6,7",2,0,0,0
abs00886,1,"6,7",2,0,0,0
abs20704,1,"3,6,7",2,0,0,0
abs14685,1,"4,5,6,7",2,0,0,0
abs19345,1,"6,7",2,0,1,1
abs06934,1,"2,3,6",2,0,1,1
abs16920,0,"4,7",1,0,0,0
abs03704,0,"2,6",2,0,0,0
abs19110,1,7,1,0,0,0
abs01844,1,"6,7",2,0,0,0
abs13249,0,"6,7",1,0,0,0
abs03787,1,"0,7",2,0,1,1
abs01136,0,"3,5,7",2,0,0,0
abs07638,1,"5,6,7",1,0,0,0
abs20019,0,"0,6",2,0,0,0
abs07369,1,"4,5,6,7",2,0,0,0
abs15044,0,"6,7",2,0,0,0
abs05264,0,"0,6",2,0,0,0
abs13910,0,6,2,0,0,0
abs20548,0,"3,7",2,0,1,1
abs13968,0,0,2,0,1,1
abs20227,1,"4,7",1,"16,18,19,26,27,33",0,0
abs09844,1,"4,5,6",2,0,0,0
abs12354,0,0,2,0,0,0
abs17716,1,2,2,"14,22,26,33,37",0,0
abs11862,1,"3,5,6",2,0,1,1
abs20225,1,"6,7",2,0,1,1
abs04739,1,2,2,"13,14,18,20,22,26,27,30,34",1,1
abs01968,0,"2,3,6",2,"14,22,26,34",1,1
abs17547,1,"3,7",2,0,1,1
abs00529,0,"2,3,5,6",2,0,1,1
abs03711,0,7,2,0,0,0
abs09686,1,"5,6",2,0,0,0
abs11590,1,"1,3,5,6",2,"7,17,22,27,36,39,40",0,0
abs19289,0,"0,6",2,0,1,1
abs13258,0,"6,7",2,0,0,0
abs04442,1,"3,7",2,0,1,1
abs03161,0,"1,2,3,6",2,"7,17,18,20,22,26,27",1,1
abs09221,0,0,2,0,0,0
abs05370,0,"0,5,6",2,0,0,0
abs04557,1,"3,7",1,0,1,1
abs14319,0,2,2,0,1,1
abs07960,1,7,2,0,1,1
abs15058,1,"4,5,6",0,0,0,0
abs04269,0,6,0,0,0,0
abs10192,0,"6,7",2,0,1,1
abs21036,1,"4,7",2,0,1,1
abs05074,0,"0,2,7",2,0,0,0
abs02509,0,7,1,0,0,0
abs20262,1,"6,7",2,0,1,1
abs03832,0,"6,7",2,0,1,1
abs17729,1,"2,3,7",2,0,1,1
abs16203,0,"2,3,4,5,6,7",2,0,1,1
abs11935,1,"5,6",2,0,1,1
abs03337,0,0,0,0,0,0
abs00151,1,"3,7",2,0,1,1
abs15201,1,"1,2,4,5,6,7",1,0,1,1
abs06882,0,"0,2,7",0,0,0,0
abs02603,0,"0,6",2,0,0,0
abs09397,1,"4,5,6,7",2,"3,13,22,27",0,0
abs21190,0,6,2,0,0,0
abs10852,1,"4,7",2,"14,18",1,1
abs17456,1,"2,3,5,6,7",2,0,1,1
abs18390,0,0,1,0,1,1
abs06729,0,2,1,0,1,1
abs05525,1,"4,6,7",2,0,1,1
abs21463,0,3,1,"3,13,18,22",0,0
abs04954,1,7,2,0,1,1
abs19358,1,"4,5",1,0,0,0
abs22002,0,"2,3,4,5,6",2,"8,18,22",1,1
abs17871,1,"4,5,6",2,"3,8,11,18,22,27",0,0
abs05785,1,"3,4,5,6",2,0,1,1
abs16109,0,"3,6",1,0,1,1
abs18089,0,2,2,0,0,0
abs07688,0,"5,6",2,0,0,0
abs12388,0,0,0,0,0,0
abs16308,0,"0,5,6",0,0,0,0
abs16891,1,"4,7",2,"3,18,33",0,0
abs08426,0,"5,7",2,0,0,0
abs14819,1,"4,5,6,7",2,0,0,0
abs19629,0,"5,7",2,0,0,0
abs21652,1,"2,7",2,0,1,1
abs16298,0,"4,5,7",2,0,0,0
abs03439,1,2,1,0,1,1
abs07990,1,"4,5,6",2,0,0,0
abs04731,0,"0,6",2,0,0,0
abs19651,1,"3,7",2,0,1,1
abs08517,1,"4,5,6",2,0,0,0
abs18896,1,"6,7",1,0,1,1
abs00781,0,"1,2,3,4",2,"7,18,22,27",0,0
abs00400,0,"6,7",2,0,0,0
abs18121,0,"4,5,6,7",1,0,1,1
abs08095,1,"2,3,4,5,6",2,"14,18,22,24,26,30,33,34",1,1
abs08465,0,4,2,0,0,0
abs00041,0,"6,7",1,0,0,0
abs14116,1,"1,2,3,4,5,6,7",2,"9,11,12,15,18,20,22,26,27,30,34",0,0
abs16899,0,"4,6",2,0,0,0
abs09368,1,"4,5,6",2,0,0,0
abs13325,0,"4,7",2,0,0,0
abs18145,1,"4,7",2,"13,16,22,27,33",0,0
abs21361,0,"4,7",2,"17,20,22",0,0
abs10980,1,"4,5,6",2,0,0,0
abs14935,0,"6,7",2,0,0,0
abs04529,0,"2,3,6",2,0,1,1
abs12698,1,"4,5,6",2,0,0,0
abs06452,0,"2,7",2,"10,22,26,27",0,0
abs02469,0,0,0,0,0,0
abs09575,0,"3,7",1,0,1,1
abs21289,1,"3,7",2,0,1,1
abs01324,0,7,2,0,1,1
abs19654,1,"3,7",1,0,0,0
abs10011,0,"2,3,6",2,"9,30",1,1
abs05912,1,"5,7",2,0,0,0
abs16104,1,"4,5,7",2,0,1,1
abs03434,0,0,2,0,0,0
abs06719,0,"2,7",2,0,1,1
abs14396,0,"1,3,6",2,0,1,1
abs11168,1,"5,6",1,0,0,0
abs20383,0,"5,7",1,0,1,1
abs12232,1,"1,2,3,4",2,"12,15,16,21,22,26,27,28",1,1
abs04113,0,"0,3",0,0,0,0
abs09814,0,0,2,0,0,0
abs11004,0,"6,7",2,0,1,1
abs00183,0,"2,7",2,"18,21,26",0,0
abs10395,1,"3,7",2,0,1,1
abs00169,0,0,0,0,0,0
abs06217,0,4,1,0,0,0
abs07059,0,2,1,0,1,1
abs12168,1,"4,5,7",1,0,1,1
abs12788,1,"6,7",2,0,0,0
abs14172,0,"1,2,3,7",2,"12,18,32",1,1
abs21982,0,"6,7",2,0,0,0
abs13675,0,"3,7",2,0,1,1
abs12697,1,"5,6",1,0,0,0
abs14528,1,"4,5,6,7",2,0,0,0
abs15227,0,7,2,0,0,0
abs09629,0,"2,3,6",2,0,1,1
abs12975,1,"4,7",2,"14,15,16,21,26,27",1,1
abs06550,0,"6,7",0,0,0,0
abs14248,0,"2,3",2,"12,27,32",1,1
abs18970,0,"0,6,7",0,0,0,0
abs12011,0,"4,7",2,0,0,0
abs11398,1,"4,5,6",2,0,1,1
abs01053,0,0,0,0,0,0
abs17526,1,"5,6,7",2,0,0,0
abs08120,1,"6,7",2,0,0,0
abs04864,0,"0,6,7",2,0,0,0
abs19558,1,"3,7",2,0,1,1
abs09493,1,"4,5,6,7",2,0,0,0
abs07902,0,4,2,0,0,0
abs17943,0,"6,7",2,0,0,0
abs06774,1,"1,2,3,7",2,"0,2,8,14,22",1,1
abs14438,0,2,2,0,1,1
abs12498,0,6,2,0,0,0
abs09132,0,"5,6",2,0,0,0
abs08870,1,"6,7",2,0,0,0
abs18529,0,0,2,0,1,1
abs17982,0,"4,6",2,"0,26,27",0,0
abs04390,0,"4,5,6",2,0,0,0
abs03276,0,"0,3,6",2,0,1,1
abs18708,1,"3,7",2,0,1,1
abs05759,1,"4,5,6,7",2,0,1,1
abs00361,1,"2,6,7",1,"13,14,18,21,26,27,33,34",1,1
abs09453,1,"4,5,6,7",1,0,0,0
abs21953,1,2,2,0,0,0
abs12272,0,"4,7",1,0,0,0
abs01098,0,6,2,0,1,1
abs07404,0,"0,6,7",0,0,0,0
abs14207,1,"6,7",2,0,1,1
abs16357,1,"4,5,6,7",2,0,0,0
abs07949,0,6,2,0,0,0
abs20815,1,"6,7",2,0,0,0
abs04283,0,0,2,0,0,0
abs04817,0,7,0,0,0,0
abs07965,0,"4,5,6",2,0,1,1
abs20823,0,7,1,0,1,1
abs03447,0,6,2,0,0,0
abs05297,0,6,2,0,0,0
abs03944,0,"2,3,6",2,"7,18,22",0,0
abs15710,0,"4,5,6",1,0,0,0
abs09154,0,4,2,0,1,1
abs01605,0,"5,7",1,0,1,1
abs15315,1,"4,5,6,7",2,0,0,0
abs15980,0,"0,6,7",0,0,0,0
abs15815,0,"0,2,7",2,0,0,0
abs18818,1,"4,6,7",2,0,1,1
abs14942,0,"0,6",2,0,0,0
abs01570,0,6,1,0,0,0
abs20121,1,"3,6,7",2,"13,14,19,20,26,27,28,33,36,37,39,40",1,1
abs20672,1,"3,7",2,0,0,0
abs10655,0,"2,3",1,0,1,1
abs14789,0,"4,5,6,7",2,0,0,0
abs00049,1,"2,3,7",2,"15,22,27,34",1,1
abs06270,1,"4,5,6",1,0,1,1
abs10996,1,"5,7",2,0,0,0
abs13165,0,"1,2",2,"16,22,27,33,35,36,37,39",1,1
abs05873,1,"1,2,5,6",2,"12,14,15,16,22,26,27,28,30,33,34",0,0
abs01269,1,"3,7",1,0,1,1
abs04051,1,"4,7",1,0,0,0
abs02205,0,"1,3,6,7",2,"9,27,32,33,36,37,39",1,1
abs14152,0,0,0,0,1,1
abs04425,0,"6,7",2,0,0,0
abs13758,0,2,2,"0,14,25,26,33",1,1
abs13392,0,"6,7",2,0,0,0
abs04610,0,0,2,40,0,0
abs21377,1,"4,7",2,0,1,1
abs09409,1,"4,5,6,7",2,0,1,1
abs09888,1,"4,7",2,0,1,1
abs11665,0,"0,3,5,7",0,0,0,0
abs04932,0,"0,6,7",0,0,0,0
abs13060,1,"4,7",2,0,0,0
abs21201,1,"4,5,6,7",1,0,1,1
abs04325,1,"0,2,3,5,6,7",2,0,0,0
abs02104,0,0,2,0,1,1
abs01223,0,0,2,0,0,0
abs00458,0,"0,7",2,0,0,0
abs13427,0,"4,7",2,0,0,0
abs11490,1,"4,6",2,0,0,0
abs02266,0,6,0,0,0,0
abs10382,0,"3,7",2,0,1,1
abs18307,0,7,2,0,1,1
abs07353,1,"6,7",2,0,0,0
abs03109,1,"7,8",2,0,1,1
abs12645,1,"4,5,6,7",2,0,0,0
abs09789,1,"4,5,6,7",2,0,0,0
abs02345,1,"3,7",2,0,1,1
abs16291,1,"6,7",2,0,1,1
abs06296,0,"4,7",1,0,1,1
abs05576,1,"4,5,6,7",2,0,0,0
abs11866,1,"3,6",2,0,0,0
abs15317,1,"4,5,7",1,0,0,0
abs13776,0,"6,7",1,0,1,1
abs07811,1,"4,5,6,7",2,0,1,1
abs18087,1,"4,5,6",2,0,1,1
abs11715,1,5,2,0,0,0
abs10871,1,"4,5,6",2,"11,16,22,26",1,1
abs02470,0,0,0,0,0,0
abs15301,0,"0,5",2,0,0,0
abs18086,0,0,0,0,0,0
abs10507,1,"0,5,6",2,0,0,0
abs15408,1,"4,5,6,7",1,27,1,1
abs09702,0,"6,7",2,0,0,0
abs03555,0,"0,6,7",2,0,0,0
abs10399,0,"2,7",2,"13,16,22,27",0,0
abs14621,1,"5,7",2,0,1,1
abs18645,1,"4,5,6,7",2,0,1,1
abs12573,0,"0,2,6,7",2,0,0,0
abs04494,0,"1,2,3,4,5,6,7",2,26,1,1
abs02716,1,"5,7",2,0,0,0
abs21892,0,"2,7",2,"10,22,27",0,0
abs04466,1,"2,3,6",2,"13,14,15,16,22,27,28,36,37,39",1,1
abs10338,1,"2,3,7",2,"0,14,27",1,1
abs08653,0,"6,7",0,0,0,0
abs18078,0,"0,7",2,0,0,0
abs05985,1,"4,5,6,7",2,0,0,0
abs14914,1,"3,7",1,0,1,1
abs16984,0,0,2,0,1,1
abs02409,0,"4,7",2,0,1,1
abs16740,0,"0,5,6,7",2,0,0,0
abs18119,0,"0,6",0,0,0,0
abs21779,1,"4,5,6,7",2,"20,22,24",1,1
abs06825,1,"6,7",2,0,1,1
abs17865,0,"3,4,5",1,0,1,1
abs07524,1,"5,6",2,0,0,0
abs18319,0,2,2,"12,32",1,1
abs13845,0,"6,7",2,0,1,1
abs03427,0,"2,3,7",2,"3,4,6,7,8,9,11,13,15,17,18,20,21,25,26,28,29,30,32,33,34,35,36",1,1
abs03380,1,3,2,0,0,0
abs02463,0,6,2,0,0,0
abs09063,0,"2,6,7",2,"14,17,22,26,27,33,34",1,1
abs07760,1,"5,7",1,0,0,0
abs16050,1,"5,6",1,0,0,0
abs13777,0,0,2,0,1,1
abs05143,0,2,2,"7,15,16,21,26,27",1,1
abs07601,1,"5,6",1,0,0,0
abs17980,0,"4,5,6,7",2,0,0,0
abs11578,1,"1,2,4,5,6,7",2,"14,22,27",1,1
abs15163,0,"6,7",2,0,0,0
abs13004,1,"4,7",2,0,0,0
abs09794,0,"4,6",2,0,1,1
abs04036,0,"2,3,6,7",2,"16,22,27,33,40",1,1
abs03118,1,3,2,0,1,1
abs16422,1,"3,4,5,6",1,0,1,1
abs00747,0,"0,3",2,0,0,0
abs09998,0,"6,7",2,39,1,1
abs02996,0,"5,6",2,"17,22,26,27,33,35",0,0
abs20833,0,"4,5,6",2,0,0,0
abs06661,0,2,2,"15,20,27",1,1
abs05191,1,"2,3",2,"12,14,18,22,26,30,36,39",1,1
abs03675,0,"6,7",0,0,0,0
abs05806,1,4,2,0,0,0
abs02560,1,"3,7",2,0,1,1
abs11997,0,"4,5,7",2,0,0,0
abs11711,0,4,2,0,0,0
abs10819,1,"4,5,7",1,0,0,0
abs00181,0,"4,5,6,7",2,0,0,0
abs10321,0,0,0,0,0,0
abs16319,1,"5,6,7",2,0,1,1
abs06451,1,"2,3,7",2,"5,8,15,20,22,26,27,33,35,36,37",1,1
abs07315,1,"4,5,6",1,0,0,0
abs07409,1,"4,5,7",1,0,0,0
abs05745,1,"4,5,7",1,0,1,1
abs21608,1,"6,7",2,0,1,1
abs12677,0,"0,2,6,7",2,0,0,0
abs11986,1,"4,5,6,7",2,0,0,0
abs11586,1,"5,7",2,0,1,1
abs15898,1,"4,7",2,0,0,0
abs20040,0,7,2,0,0,0
abs19721,0,3,0,0,1,1
abs16566,1,4,2,0,0,0
abs03131,1,2,2,0,1,1
abs14786,1,"4,5,6",1,0,0,0
abs07432,1,"4,5,6,7",2,"14,22,24,26,27,31,33,34",0,0
abs03235,1,"3,7",1,0,0,0
abs20871,0,"3,6",2,0,1,1
abs11358,1,"4,5,6",2,0,0,0
abs01814,1,"2,3,6",2,"0,12,15,18,22,27,33",1,1
abs10964,1,"4,6",2,0,0,0
abs07203,1,"5,6",1,0,0,0
abs15110,0,"0,6,7",0,0,0,0
abs10039,1,"4,5,6,7",2,0,0,0
abs14247,0,"2,3,6",2,0,1,1
abs16634,0,"6,7",0,0,0,0
abs12542,0,"1,2,5,6",2,"13,14,15,16,18,21,22,26,27,30,33,34",0,0
abs18578,1,"2,3,5,6",2,"3,13,22,29,30,39,40",1,1
abs15375,1,"4,7",2,0,1,1
abs00801,0,"0,1",2,0,1,1
abs04305,1,"0,3",1,0,0,0
abs17228,0,"6,7",2,"13,15,16,21,26",1,1
abs20015,0,0,2,0,1,1
abs01372,0,"6,7",2,0,0,0
abs09032,1,"4,7",2,0,0,0
abs16431,1,3,2,0,1,1
abs11747,0,"4,7",2,0,0,0
abs10330,0,0,0,0,0,0
abs04048,0,"2,3,7",2,"15,16,22,26,27,28",0,0
abs03065,0,"3,7",2,0,1,1
abs08851,0,"4,5,6",2,0,0,0
abs13051,0,"6,7",2,0,0,0
abs05224,0,3,2,0,1,1
abs12998,0,2,0,"13,14,15,24,27,32,33",0,0
abs21135,0,"4,7",2,0,0,0
abs16196,0,6,2,0,0,0
abs16538,0,"4,5,6",1,0,0,0
abs00951,0,7,2,0,0,0
abs10518,0,"3,7",2,0,1,1
abs17527,0,"0,5,6",1,0,0,0
abs19754,1,"4,7",1,"15,20,26,27,33,34",0,0
abs06916,1,"4,7",2,0,0,0
abs10061,0,0,0,0,0,0
abs07746,1,"4,5,6,7",2,0,1,1
abs16413,0,7,2,0,0,0
abs00069,0,"0,7",0,0,0,0
abs12778,1,"4,5,6",1,0,0,0
abs20486,1,7,2,0,0,0
abs19378,1,"2,3",2,0,1,1
abs21037,1,"5,7",2,0,1,1
abs20758,0,3,0,0,0,0
abs18733,0,"5,7",0,0,0,0
abs18728,1,"4,5,7",2,0,1,1
abs22262,0,2,1,0,0,0
abs21274,0,4,2,0,0,0
abs13006,1,"4,6",2,0,0,0
abs17542,0,"2,3,7",2,"3,13,22,27",1,1
abs14397,0,0,0,0,1,1
abs15965,1,"4,5,7",2,0,0,0
abs09871,1,"5,6",2,0,1,1
abs08964,1,"1,3,4,5,6",2,0,0,0
abs04883,0,3,2,0,0,0
abs03412,0,"0,2,3,5,6,7",2,0,1,1
abs10094,1,"2,3,7",2,0,1,1
abs09218,0,0,2,0,0,0
abs05482,1,"4,5,6",1,0,1,1
abs14622,0,"5,7",1,0,0,0
abs04669,0,3,1,0,1,1
abs21794,1,"1,2,7",2,"12,22,26,32",1,1
abs04071,0,"0,2",2,0,1,1
abs11798,0,"3,7",2,0,0,0
abs08855,1,"5,7",2,0,1,1
abs08564,0,"3,7",2,0,0,0
abs04308,1,2,2,0,1,1
abs00634,0,"1,2,3,6",2,"6,14,26,27,30,34",1,1
abs13488,0,"2,3,7",2,0,0,0
abs05966,1,"4,5,6,7",2,0,0,0
abs20995,1,"4,5,6",2,"15,20,26,27",1,1
abs18545,0,2,2,0,1,1
abs07322,0,"5,6",1,0,0,0
abs15773,0,0,2,24,0,0
abs15822,1,"4,7",2,0,1,1
abs15576,1,"4,5,7",1,0,0,0
abs07947,0,"4,5,6,7",2,0,0,0
abs10246,0,0,2,0,1,1
abs03982,1,"6,7",2,0,1,1
abs09480,0,"0,5",0,0,0,0
abs04162,0,3,2,0,0,0
abs09846,1,"4,5,6",1,0,0,0
abs06922,0,0,0,0,0,0
abs20894,1,"3,7",2,0,1,1
abs09677,1,6,1,0,0,0
abs01005,1,"5,7",2,0,0,0
abs19925,0,"2,3,6,7",2,"14,20,22,26,29,30,31,36,37,39,40,41",0,0
abs22238,0,2,2,"8,9,11,18,20,26,35",1,1
abs07422,1,"4,6,7",2,0,0,0
abs06455,1,"1,2,3",2,"7,17,22,27",1,1
abs14242,1,"4,5,6,7",1,0,1,1
abs21792,1,"2,7",2,0,1,1
abs07082,0,"0,7",2,0,0,0
abs21144,1,"4,5,6",2,0,0,0
abs00260,0,"0,3,6",2,0,1,1
abs10801,0,"0,6,7",2,0,0,0
abs11917,1,"5,7",2,0,0,0
abs18590,1,"1,3,6,7",2,0,1,1
abs09560,1,"4,5,6,7",2,0,0,0
abs03577,0,"0,7",2,0,0,0
abs20743,0,"2,7",1,0,0,0
abs14122,0,0,0,0,0,0
abs10142,1,"5,7",2,0,1,1
abs14494,1,"4,5,7",2,0,1,1
abs11161,1,"4,6,7",2,0,0,0
abs11341,0,"4,7",1,0,0,0
abs20976,1,"4,5,6,7",1,0,1,1
abs04035,0,"4,5,6",0,0,0,0
abs03186,0,"5,7",1,0,1,1
abs02535,0,3,2,0,1,1
abs01744,1,"3,6",1,0,0,0
abs13889,0,2,2,0,1,1
abs18386,0,2,2,0,0,0
abs17109,0,"0,2,7",0,0,0,0
abs20500,1,"4,5,6,7",2,0,0,0
abs17041,1,"1,3,7",2,"13,15,22,27,36",1,1
abs01047,0,7,2,0,1,1
abs13050,1,"4,5,6,7",1,0,1,1
abs08504,1,"4,6,7",2,0,0,0
abs06347,1,"5,6,7",2,0,1,1
abs14395,0,"2,3,6",1,23,1,1
abs06666,0,0,2,0,1,1
abs04060,1,"4,5,6",1,"18,21,26,27,33",1,1
abs07386,1,"4,5,6,7",1,0,0,0
abs02294,0,"3,6,7",2,0,0,0
abs17658,0,0,2,0,1,1
abs06597,1,"1,2,5,6,7",2,"22,24,26,27,34,39",1,1
abs09402,1,"1,2,3,4,5,6",2,"14,22,27,34",0,0
abs08181,1,"2,3,6,7",2,0,1,1
abs06518,0,"2,3",2,"7,16,17,26,35",0,0
abs17165,0,"1,2,3,6",2,"3,13,22,27",1,1
abs04493,0,"0,2,7",0,0,0,0
abs10773,0,6,2,0,0,0
abs04288,0,"1,3,4,5,6,7",2,40,1,1
abs02127,1,7,2,0,0,0
abs02662,0,"0,2,7",2,0,0,0
abs22110,0,"1,2,7",2,"7,18,22",0,0
abs06002,1,"4,5,7",2,0,0,0
abs06694,0,0,2,0,0,0
abs10165,0,"2,3,6",2,"14,22,27,34",1,1
abs21492,0,"6,7",2,0,0,0
abs10710,0,"2,3,7",2,0,1,1
abs15010,1,"5,7",2,0,0,0
abs16816,1,"4,6",2,0,1,1
abs10282,1,"3,7",2,0,0,0
abs03543,0,"0,2,6,7",2,0,0,0
abs00277,0,"5,7",2,0,1,1
abs03184,0,"6,7",2,"2,3,14,17,22,26,27,30",1,1
abs14483,1,0,2,0,1,1
abs06274,1,"4,5,6,7",1,0,0,0
abs02938,1,"3,6",1,0,1,1
abs08929,1,"6,7",2,0,1,1
abs06370,1,"5,6",2,0,0,0
abs21835,0,"1,2,5,6",2,"13,16,22",0,0
abs14907,1,"5,6",1,0,0,0
abs20794,0,7,1,0,0,0
abs03178,0,"0,4,5",2,0,0,0
abs01360,0,"2,3,6",2,"13,15,16,21,26,27",1,1
abs21957,0,"3,7",2,0,1,1
abs18568,0,0,0,0,0,0
abs07477,0,7,2,0,0,0
abs17410,0,0,0,0,0,0
abs19545,1,"1,2,3,4,5,6,7",2,"12,14,22,27",1,1
abs05204,0,7,2,0,0,0
abs12149,1,"6,7",2,0,0,0
abs15907,0,7,2,0,0,0
abs18693,1,"3,6",2,"7,17,22,27,36",0,0
abs20021,1,"2,5,6,7",2,0,1,1
abs07819,1,"4,5,6,7",2,0,1,1
abs05477,1,"5,7",1,0,0,0
abs03185,0,"0,2,6,7",0,0,0,0
abs19260,1,3,2,0,1,1
abs03330,1,"4,5,7",2,0,0,0
abs06312,1,"3,4,5,6",1,0,1,1
abs17092,0,"0,6",2,0,1,1
abs20803,0,"0,7",0,0,1,1
abs14219,0,6,2,0,1,1
abs20403,1,"1,2,3,6",2,"11,14,15,16,22,26,27,28,35,36",1,1
abs10599,0,2,2,0,1,1
abs21741,0,"5,7",1,"13,16,22,27,40",1,1
abs21715,1,2,2,0,0,0
abs03318,0,3,1,0,1,1
abs05875,0,"5,6",2,0,0,0
abs21855,1,"4,7",2,0,1,1
abs11923,1,"3,4,5,6",2,0,1,1
abs02748,0,"2,3,7",2,"15,20,26,27,29,30,31,36,37,39",1,1
abs07451,1,"4,5,6,7",2,0,0,0
abs01942,0,6,2,0,1,1
abs10355,0,"2,6",2,0,1,1
abs13332,1,"4,5,6,7",2,0,0,0
abs10333,1,"2,3,7",2,0,1,1
abs08072,1,"4,5,6,7",2,0,0,0
abs00087,1,"3,7",1,"21,26,28,33,39,40",1,1
abs18902,1,"3,7",2,0,1,1
abs01468,0,"0,6",2,0,1,1
abs02568,0,0,2,0,1,1
abs19486,0,"4,7",2,0,0,0
abs10707,1,3,2,0,1,1
abs05008,0,"0,2,7",0,0,0,0
abs20088,0,"2,3,7",2,"6,7,8,9,11,12,13,14,15,16,17,20,24,25,26,28,30,33,34,35,36,39,42",1,1
abs05314,1,"4,5,6,7",1,0,1,1
abs04382,1,"0,2,6",2,0,1,1
abs06931,0,0,0,0,0,0
abs15504,0,"0,5",2,0,0,0
abs10822,1,"2,6,7",2,"20,22,24,26,34,35,37,39,40",0,0
abs04822,0,"6,7",1,0,0,0
abs03072,0,2,2,"11,17,26,27",0,0
abs07686,1,4,2,0,0,0
abs13082,1,"4,5,6,7",2,0,0,0
abs01339,1,2,2,"16,20,26",0,0
abs13725,0,0,0,0,0,0
abs18723,1,"6,7",2,0,0,0
abs17070,0,"2,3,6",2,0,1,1
abs18455,0,"2,7",1,"12,32",0,0
abs05481,1,"4,5,6",1,0,1,1
abs08422,1,"2,4,6,7",2,"13,14,18,21,26,27",1,1
abs05908,1,"2,3,5,6",1,0,1,1
abs16906,0,6,0,0,0,0
abs13793,0,"6,7",2,0,1,1
abs21165,0,0,2,0,0,0
abs18565,0,"2,3,6",1,0,1,1
abs13985,0,"0,2,7",0,0,0,0
abs15968,0,"0,7",0,"15,16,22",0,0
abs07127,1,4,2,0,1,1
abs19128,1,"3,6",2,0,1,1
abs18687,1,3,1,0,1,1
abs09935,0,6,2,0,0,0
abs16542,1,"4,6",2,0,0,0
abs06406,1,"5,7",1,0,1,1
abs19824,0,7,2,0,1,1
abs06788,0,0,0,0,0,0
abs07297,1,"6,7",2,0,0,0
abs20352,1,7,2,0,0,0
abs08978,1,"4,5,6",2,0,1,1
abs07779,1,4,2,0,0,0
abs12854,0,7,2,0,1,1
abs20888,1,"2,3,6,7",2,"16,18,20,21,26,27,29,30,33,35,36,37,39",0,0
abs12143,0,"0,6,7",2,0,0,0
abs20524,0,"0,7",0,"3,13,22,27",1,1
abs15701,0,"4,5,6",2,0,1,1
abs17036,1,"4,5,6",1,0,0,0
abs10832,1,"4,6",2,0,0,0
abs10092,1,"5,7",1,0,0,0
abs13465,0,"4,7",2,0,1,1
abs00302,1,3,2,0,1,1
abs13070,1,"1,2,5,6",2,"12,18,21,22,26,29,30,34,35,36,37,39",1,1
abs01374,0,0,2,0,0,0
abs02065,0,"0,6,7",2,0,0,0
abs01910,0,"6,7",2,0,1,1
abs03970,0,"2,7",1,"0,15,16",1,1
abs15890,0,"2,7",2,"16,22,26,34",1,1
abs22075,0,0,2,0,0,0
abs10426,0,0,2,0,1,1
abs09634,0,"6,7",2,0,0,0
abs12752,1,"5,7",1,0,1,1
abs15326,1,"4,6",2,0,0,0
abs11113,1,"4,7",2,0,1,1
abs18918,0,"1,2,3",1,"0,12,18,22,29,30,31,36",1,1
abs01023,0,"3,7",1,0,1,1
abs01101,0,0,2,0,0,0
abs02927,1,"6,7",2,0,0,0
abs19308,1,"4,6",2,0,0,0
abs09684,1,"4,6",2,0,0,0
abs17316,0,0,0,0,1,1
abs22265,0,"6,7",2,0,1,1
abs10086,0,"1,2,7",2,"7,8,9,18,26,27,30",1,1
abs14808,1,"4,7",2,0,0,0
abs09172,1,"3,4,5,6,7",1,0,1,1
abs02925,0,"2,3,6",2,0,1,1
abs01180,1,7,2,0,1,1
abs18617,0,"2,3,4,5,6",2,"3,13,22,24",1,1
abs12957,1,"3,7",2,0,1,1
abs21137,0,"3,7",2,0,0,0
abs09978,0,0,0,0,0,0
abs10048,0,2,2,"13,14,17,20,22,26,27,28,33,36,39,40",1,1
abs18603,0,"6,7",2,0,1,1
abs06354,1,"5,6",2,0,0,0
abs17148,0,0,0,0,1,1
abs08681,1,"4,7",2,0,1,1
abs20777,0,"3,7",2,0,0,0
abs09003,0,"4,5,6,7",2,0,1,1
abs03620,0,"6,7",0,0,0,0
abs04983,0,"2,7",2,0,1,1
abs09473,0,"4,7",2,0,0,0
abs11966,1,"4,6",2,0,1,1
abs10024,0,2,2,0,0,0
abs17270,0,0,0,0,0,0
abs12900,0,0,0,0,0,0
abs04470,1,"5,7",2,0,0,0
abs22118,0,2,2,0,1,1
abs18949,0,"6,7",1,0,0,0
abs12493,1,6,2,0,1,1
abs01231,0,3,2,0,1,1
abs14177,0,0,0,0,0,0
abs01749,0,0,2,0,0,0
abs10308,0,"6,7",2,0,1,1
abs13766,0,"1,2,3,7",2,"3,13,22,27",1,1
abs09341,1,"4,5,6",2,"16,18,26,32,39,40",0,0
abs20451,0,3,2,0,1,1
abs00635,0,7,2,0,0,0
abs21907,0,7,1,0,1,1
abs17992,0,"4,5,6",1,0,0,0
abs07264,1,"4,5,6",2,0,0,0
abs04638,1,"3,7",2,0,1,1
abs03049,0,"1,2,3,4",2,"13,14,21,22,26,27,30,34",1,1
abs19495,1,"4,5,6,7",2,0,0,0
abs16722,1,"4,5,6,7",2,0,0,0
abs04134,0,"0,7",1,0,0,0
abs11476,1,"4,6",2,0,0,0
abs09350,0,"4,5,6",1,0,0,0
abs11421,0,"0,5,6",2,0,0,0
abs15571,1,"4,5,6,7",2,0,1,1
abs11735,1,"4,5,6",1,0,0,0
abs16820,0,"5,6",1,0,1,1
abs21123,1,"4,7",2,0,1,1
abs20270,0,"2,3,7",1,0,1,1
abs15422,1,"4,5,6,7",2,0,0,0
abs12366,0,"0,7",2,0,0,0
abs14537,1,"0,7",2,0,1,1
abs01876,0,"3,7",1,0,1,1
abs05250,0,"4,7",1,0,0,0
abs05095,0,0,2,0,0,0
abs10113,0,2,2,0,1,1
abs06220,1,"4,5,6",2,0,0,0
abs15846,0,4,2,0,1,1
abs21545,1,3,2,0,1,1
abs20575,0,"6,7",2,0,0,0
abs17892,0,"4,5,6",2,0,0,0
abs07417,1,"5,7",2,0,0,0
abs13553,1,3,2,0,1,1
abs20641,1,"2,3",2,0,0,0
abs01220,1,"6,7",1,0,0,0
abs04052,0,"4,5,7",2,0,1,1
abs17738,1,"1,2,3,4,5,6,7",2,"0,1,2,3,5,6,7,8,9,14,15,22",0,0
abs14337,0,"6,7",2,0,1,1
abs09428,0,"0,5",0,0,0,0
abs09352,0,"6,7",2,0,0,0
abs16866,0,"0,6",0,0,0,0
abs08955,0,"3,6",2,0,0,0
abs13462,0,7,1,0,0,0
abs03889,1,"2,3,6",2,0,1,1
abs16075,0,"2,3,6,7",2,"8,15,18,21,27,28",1,1
abs05497,1,"4,5,6,7",2,0,0,0
abs00762,0,0,2,0,0,0
abs18904,1,"1,2,3,7",2,14,1,1
abs14683,0,"5,6",1,0,0,0
abs19324,1,"4,5,6,7",2,0,0,0
abs08508,0,"4,6",2,0,0,0
abs06180,0,"0,2,7",0,0,0,0
abs02113,0,"0,6",2,0,1,1
abs08450,1,"4,7",2,0,0,0
abs16278,1,"4,5,6",2,0,0,0
abs18327,0,"2,3,7",2,"12,15,22,27,33,40",1,1
abs07518,0,"0,5,6",2,0,0,0
abs19325,1,"3,5,6,7",2,0,1,1
abs13155,0,"4,5,7",0,0,0,0
abs13786,0,"3,6",2,0,1,1
abs17382,1,3,1,0,1,1
abs13946,0,"6,7",2,0,1,1
abs05632,1,"5,7",1,0,0,0
abs02842,0,0,2,"3,13,22,27",1,1
abs07781,1,"4,5,6,7",2,0,0,0
abs21138,0,"4,5,7",0,0,0,0
abs17337,0,0,2,0,1,1
abs06395,1,"5,7",2,0,0,0
abs13171,0,0,2,0,0,0
abs19298,1,"4,7",2,"13,14,18,20,22,26,27,33,34",1,1
abs17623,0,0,2,0,0,0
abs11870,0,6,2,0,0,0
abs00158,0,"0,6,7",0,0,0,0
abs21705,1,"4,7",1,"13,16,22,27,33,40",0,0
abs14285,1,"2,3,6,7",2,0,1,1
abs07631,1,"4,5,7",1,0,0,0
abs17295,0,2,2,0,1,1
abs09732,0,4,2,0,0,0
abs07982,1,"1,2,5,6",2,"9,20,22,27,40",1,1
abs02209,0,"3,7",2,0,1,1
abs19271,1,"3,7",2,0,1,1
abs01141,0,2,2,0,1,1
abs05260,0,"0,6,7",2,0,0,0
abs07088,1,"0,1,2",2,"10,14,17,22,27",1,1
abs11031,1,"4,6,7",2,0,0,0
abs00753,0,"6,7",2,0,0,0
abs21594,1,"3,7",2,"16,22,26,34",1,1
abs02071,1,"2,3,7",2,"11,16,22,27",1,1
abs18501,0,"2,3,6",2,0,1,1
abs14211,0,0,2,0,1,1
abs09479,1,"3,7",1,0,0,0
abs10067,1,"3,5,7",2,0,1,1
abs17201,0,0,0,0,0,0
abs18415,0,"3,7",2,0,1,1
abs02380,0,"0,6",0,0,1,1
abs14989,0,"5,7",2,0,0,0
abs19580,1,"3,6,7",2,"17,18,20",1,1
abs02918,0,"0,6",2,0,0,0
abs16529,1,"5,6,7",2,0,1,1
abs20443,1,3,1,0,0,0
abs22124,1,"3,6",2,0,1,1
abs03503,1,"1,2,3,5,6",2,"7,17,22",1,1
abs05037,0,2,2,0,0,0
abs19810,1,"2,7",2,0,1,1
abs05313,1,"4,5,6,7",2,0,1,1
abs14505,1,"4,5,6,7",2,0,0,0
abs11196,1,"4,5,6,7",1,0,0,0
abs04666,0,"2,3,6,7",2,"14,18,22,24,28,34",0,0
abs03217,0,0,0,0,0,0
abs01209,0,"0,5,7",2,0,0,0
abs00651,1,"6,7",2,"6,7,8,9,12,13,14,17,18,20,21,26,33,35,36,37,39,40",1,1
abs12167,0,"0,5,6",2,0,0,0
abs01622,0,"0,2,7",2,0,0,0
abs15445,0,"4,7",2,33,0,0
abs13440,1,"4,5,6",1,0,0,0
abs19819,0,7,0,0,0,0
abs00473,0,0,2,0,0,0
abs04262,0,2,2,"3,13,23,24,26,29,30,34,37",1,1
abs13083,1,"4,5,6,7",2,0,1,1
abs04595,0,0,0,0,0,0
abs02219,0,0,0,0,0,0
abs14384,1,"1,2,3,4",1,"12,17,22,24,26,30,33,35,36,39,40",1,1
abs16614,1,3,1,0,0,0
abs12213,1,"6,7",2,0,1,1
abs07177,1,"4,5,6,7",2,"14,18,22,26,27,33,34",1,1
abs04193,0,"0,6",2,0,0,0
abs15783,0,7,2,0,0,0
abs03419,0,"0,2,7",0,0,0,0
abs18605,0,0,2,0,1,1
abs06427,0,"0,1,7",2,0,1,1
abs00416,0,"0,6",1,0,1,1
abs07502,0,6,2,0,0,0
abs13368,1,6,2,0,1,1
abs09456,0,"0,6,7",0,0,0,0
abs08943,0,"0,5,6",0,0,0,0
abs00622,0,0,0,0,0,0
abs09515,0,0,0,0,0,0
abs12945,0,"0,6,7",2,0,0,0
abs17040,1,"3,7",2,0,1,1
abs17136,1,"5,7",1,0,0,0
abs12320,1,"4,5,6",2,0,0,0
abs19507,0,7,2,0,0,0
abs07685,0,"4,7",2,0,0,0
abs06830,1,"1,2,5,6",2,"12,14,15,17,18,20,22,26,27,33,34,35,36,39",1,1
abs04234,0,0,2,0,0,0
abs11522,0,"3,7",1,0,1,1
abs14538,1,"4,5,6,7",2,0,0,0
abs04727,1,"3,6",1,0,1,1
abs15767,1,"4,5,6",1,0,1,1
abs05094,0,"3,6",2,"16,18,26,27,33,36,37",0,0
abs13891,0,0,0,0,0,0
abs14748,0,"5,6",2,0,0,0
abs21064,1,"4,6",2,0,1,1
abs09840,1,"3,7",2,0,1,1
abs04123,0,0,2,0,0,0
abs19082,0,"5,6,7",2,0,1,1
abs03604,0,0,2,0,1,1
abs15061,1,"5,6",2,0,0,0
abs01525,1,"5,6",1,0,1,1
abs12123,1,"4,5,6,7",1,0,1,1
abs11914,1,"6,7",2,0,0,0
abs16556,0,"0,7",0,0,0,0
abs05700,1,"5,6",2,0,1,1
abs14920,0,"4,5,6,7",1,0,1,1
abs05810,1,"4,5,6",1,"15,22,26,34",0,0
abs09739,1,"4,5,7",1,0,1,1
abs19836,1,"6,7",2,0,1,1
abs04823,0,"2,7",2,"16,20,22",0,0
abs17625,1,2,2,0,1,1
abs15106,0,2,0,0,0,0
abs20365,1,"2,3,5,6,7",2,"5,7,8,9,14,15,20,22,26,32,33,36,37",1,1
abs03500,1,"2,3,7",1,"11,15,19,20,27",1,1
abs03188,1,"3,7",2,"17,22,26,34",1,1
abs22150,1,"3,7",2,"15,20,21,26",1,1
abs00624,0,"0,2,7",0,0,0,0
abs17529,0,0,2,0,1,1
abs21419,0,"0,5,6",1,0,0,0
abs05728,1,3,2,0,1,1
abs13726,1,2,2,0,1,1
abs07892,1,"4,5,6,7",2,0,0,0
abs07030,0,"2,7",2,0,0,0
abs17124,1,"6,7",2,0,1,1
abs20140,0,6,1,0,0,0
abs09390,1,"4,6",2,0,0,0
abs17432,1,"2,3,7",2,"13,15,16,18,20,21,26,27,33",1,1
abs09316,1,"4,5,6,7",1,0,1,1
abs12439,1,"4,5",1,0,0,0
abs19350,1,"4,5,6,7",1,0,1,1
abs15416,0,"4,5,6",1,0,0,0
abs00282,0,"4,5,6",2,"15,16,18,26,35",0,0
abs01460,0,"6,7",2,0,1,1
abs22044,1,2,2,0,1,1
abs04959,0,"6,7",2,0,1,1
abs15667,0,"0,6",0,0,0,0
abs18878,0,"2,3,7",2,"15,20",1,1
abs20604,1,"0,7",1,0,1,1
abs06017,1,"3,6",1,0,1,1
abs03375,1,"6,7",2,0,0,0
abs19540,1,"4,7",2,0,1,1
abs01345,0,7,2,0,1,1
abs13584,1,"4,7",2,0,0,0
abs18612,1,"2,3,6,7",2,"3,14,22,33",1,1
abs14188,0,6,2,0,1,1
abs07832,1,"3,7",2,0,0,0
abs00408,1,"2,7",2,"13,14,17,22,26,33,39,40",0,0
abs03925,0,"0,6",2,0,0,0
abs07414,1,"6,7",2,0,1,1
abs07969,0,6,2,0,0,0
abs02185,0,"6,7",2,0,0,0
abs15735,0,4,2,"3,13,22,27",0,0
abs11832,1,"4,5,6,7",2,0,1,1
abs15845,0,"0,6,7",0,0,0,0
abs14749,1,"5,6",2,0,0,0
abs12665,1,"2,4,7",2,"15,16,17,19,20,22,27",1,1
abs21228,1,"4,6",2,0,0,0
abs07994,0,"4,5,6",2,0,0,0
abs19018,0,7,1,0,1,1
abs01752,0,"3,6",2,0,1,1
abs03064,0,"4,5",2,0,1,1
abs09735,1,"5,6,7",2,0,0,0
abs20417,1,"1,2,3,6",2,"14,22,24,26,27,28",1,1
abs08711,0,2,2,"13,14,18,21,24,26,27",0,0
abs02020,0,"0,1",2,0,0,0
abs20782,1,"2,3,6,7",2,0,1,1
abs16589,1,4,1,0,1,1
abs02819,0,7,0,0,0,0
abs00037,0,6,2,0,0,0
abs12843,0,0,0,0,0,0
abs21683,1,"2,3,5,6",2,"2,3,4,6,7,8,9,11,12,13,14,15,16,17",1,1
abs02146,0,0,2,0,1,1
abs18828,1,"4,5,6",1,0,0,0
abs05109,0,0,2,0,1,1
abs18318,0,2,2,0,1,1
abs12886,0,"0,4,5",0,0,0,0
abs21222,1,"4,5,6",1,0,1,1
abs11861,1,"4,5,6,7",2,0,0,0
abs02902,0,"0,6,7",0,0,0,0
abs13451,1,4,2,0,0,0
abs00868,0,"3,7",2,0,1,1
abs00459,0,"0,6,7",2,0,1,1
abs08713,1,"4,5,6,7",2,0,0,0
abs11092,0,0,2,0,0,0
abs20820,0,7,0,0,0,0
abs12450,1,"4,6,7",2,0,1,1
abs13826,0,"2,3,6",2,0,1,1
abs09819,1,"4,5,6,7",2,0,0,0
abs16670,0,"0,2,6",0,0,0,0
abs07236,0,"4,5,7",1,0,0,0
abs05597,1,"5,7",2,0,0,0
abs19809,0,"2,3",2,0,1,1
abs16625,1,"4,5,7",1,0,0,0
abs15939,1,"4,6",2,0,0,0
abs09994,0,0,0,0,0,0
abs08645,1,"1,6,7",2,0,0,0
abs01821,0,0,2,0,1,1
abs13916,0,0,2,0,0,0
abs15223,0,"5,6",1,0,0,0
abs05165,0,"0,2,7",2,0,0,0
abs09343,0,"6,7",2,0,0,0
abs07325,1,"5,6,7",2,0,0,0
abs09676,0,"6,7",2,0,0,0
abs16439,1,4,2,"13,14,15,17,22,26,29,30,34",1,1
abs08614,1,"4,5,6",1,0,1,1
abs04057,1,3,2,0,1,1
abs02635,0,0,2,0,0,0
abs09838,1,"6,7",2,0,0,0
abs15095,0,"5,6",0,0,0,0
abs19786,1,"3,7",2,0,1,1
abs02000,1,0,2,0,1,1
abs10169,0,6,2,0,0,0
abs00636,1,"2,7",2,0,1,1
abs14857,1,"4,5,6",1,0,0,0
abs01465,0,"2,3,5,7",2,0,0,0
abs03959,0,7,2,0,0,0
abs21814,1,2,2,0,1,1
abs12451,1,"4,5,6",1,0,0,0
abs14728,0,0,2,0,0,0
abs02472,0,"0,6",2,0,0,0
abs11022,1,"4,6",2,"0,14,27",1,1
abs15796,1,"4,5,6",1,0,0,0
abs17910,0,"0,4,5",2,0,0,0
abs08994,1,"5,7",1,0,0,0
abs09697,0,"4,6",2,0,0,0
abs03939,0,0,2,0,0,0
abs21876,1,"1,3,7",2,"7,17,22,27,30",1,1
abs20770,1,"2,3,6",2,"13,14,15,16,21,26,27,28,33,34",1,1
abs15393,0,0,2,0,0,0
abs07853,0,5,2,0,0,0
abs08327,1,"1,2,6,7",2,"8,9,21,26,27,30,33",1,1
abs13933,0,0,0,0,0,0
abs12568,1,"4,5,6",2,0,0,0
abs01924,1,"3,7",1,0,0,0
abs13549,0,"5,6,7",2,0,0,0
abs11791,0,"4,7",2,"3,13,22,26",0,0
abs01902,0,"6,7",2,0,0,0
abs02887,0,0,2,0,0,0
abs00175,0,"6,7",2,0,1,1
abs14030,0,0,0,0,0,0
abs04738,1,"2,3,6",2,"15,22,27,33",1,1
abs19010,1,"4,5,6",2,0,1,1
abs16239,1,"4,5,6,7",2,0,0,0
abs00078,1,"6,7",2,0,1,1
abs04420,1,"2,7",2,0,1,1
abs15760,1,"4,5,6,7",1,0,0,0
abs09733,0,"4,5,6",2,24,0,0
abs12750,0,"4,7",2,0,0,0
abs02993,1,"3,7",1,0,1,1
abs19686,1,"3,7",2,0,1,1
abs16074,1,"4,5,6",2,0,0,0
abs13528,0,"3,5,6",2,"18,20,26,27,33,36,39,40",1,1
abs04360,0,"1,2,3,5,6",2,"7,17,22,27,36",0,0
abs16202,0,"4,6",2,0,1,1
abs00376,0,0,0,0,0,0
abs07376,1,"4,7",1,15,0,0
abs01264,0,0,2,0,1,1
abs12779,1,"5,6",2,0,0,0
abs15851,1,"4,7",2,0,1,1
abs16840,0,"4,5,6",2,0,0,0
abs03424,0,0,2,0,0,0
abs03046,0,0,0,0,0,0
abs02110,0,"0,5,6",2,0,0,0
abs11055,1,"4,6",2,0,1,1
abs19318,1,"4,5,6,7",2,0,1,1
abs03207,1,"5,7",1,0,0,0
abs08640,1,"4,6,7",2,0,0,0
abs21921,1,2,2,"13,14,18,20,22,26,27,28,33,35,36,37",0,0
abs02105,0,6,2,0,0,0
abs17642,1,"6,7",2,0,0,0
abs06163,1,"4,5,6,7",2,0,0,0
abs14041,0,0,0,0,0,0
abs14130,0,2,2,0,1,1
abs17060,0,"0,6",0,0,0,0
abs18843,1,"3,7",2,0,1,1
abs05011,0,"0,2,7",2,23,0,0
abs00526,1,"2,3,6,7",1,"6,7,11,12,13,14,15,16,18,20,26,36,39",0,0
abs03052,0,2,2,"7,8,9,20,22,26,30",1,1
abs03199,0,6,2,0,0,0
abs12613,0,"4,7",2,0,0,0
abs01874,0,"0,6",2,0,0,0
abs07616,1,6,2,0,0,0
abs21882,0,0,0,0,1,1
abs19963,1,"2,3,6,7",2,0,1,1
abs02709,0,"4,5,6",2,0,0,0
abs12791,1,"5,6",1,0,0,0
abs06122,1,"4,5,7",1,"14,22,27,33,37",0,0
abs06752,0,2,2,"11,15,22,27,36,37",1,1
abs11127,1,"4,6,7",2,0,0,0
abs04098,1,"1,2,3,4,5,6",2,"15,22,26,34",1,1
abs05840,1,"4,5,6,7",2,0,1,1
abs20096,1,"3,7",2,0,1,1
abs07045,0,"1,2,3,6",2,"12,27,33",1,1
abs20474,1,"1,2,3,4,5,6,7",2,"14,17,22,24,34",1,1
abs07612,1,"5,6,7",1,0,1,1
abs13379,0,"4,7",2,0,0,0
abs19328,1,"5,6",1,0,0,0
abs20181,1,"6,7",1,0,0,0
abs18676,1,"4,5,7",2,0,1,1
abs16411,0,4,2,0,0,0
abs02888,0,"0,6,7",0,0,0,0
abs16309,1,"4,5,7",1,0,1,1
abs16100,0,"6,7",1,0,0,0
abs21058,1,"4,5,6,7",2,0,0,0
abs01919,0,"2,3,5,6,7",2,"0,8,11,18,20,22,27,36,37",1,1
abs21758,0,2,0,0,1,1
abs15094,1,"1,2,4,5,6,7",2,0,1,1
abs05201,0,"0,6",0,0,0,0
abs14459,0,"3,7",2,0,1,1
abs00274,0,6,2,0,0,0
abs18776,1,"1,2,3,4,5,6,7",2,0,1,1
abs19853,0,7,2,0,0,0
abs03839,0,0,2,23,0,0
abs02103,1,"3,7",2,0,1,1
abs08397,1,"4,7",2,0,1,1
abs00907,0,"5,6",2,"13,18,22,26,27,30,36,38",0,0
abs20281,1,"3,7",2,0,1,1
abs07629,0,"6,7",2,0,0,0
abs04788,0,"6,7",2,0,0,0
abs20547,1,7,2,0,1,1
abs14732,0,"0,6",2,0,0,0
abs00083,1,"3,7",1,0,1,1
abs00057,1,"2,3,6,7",2,"16,17,18,19,20,21,22,25,26,27,28,30,31,36,37,39",1,1
abs09213,1,"4,5,6,7",2,0,0,0
abs07333,0,"3,5,7",2,0,0,0
abs09944,0,"2,3,6",2,0,1,1
abs21297,0,"4,5,6",2,0,0,0
abs18241,1,"2,3,5,6",2,0,1,1
abs15275,1,"6,7",2,0,0,0
abs22169,0,"0,2,7",2,0,1,1
abs16166,1,"4,6,7",2,0,0,0
abs10417,1,"3,6",2,0,1,1
abs19842,1,"2,3,6,7",2,0,0,0
abs20437,0,3,2,0,0,0
abs18093,0,"4,5,6",2,0,0,0
abs07817,1,"5,7",2,0,0,0
abs21688,0,"3,7",2,0,1,1
abs10843,0,"0,6",2,0,0,0
abs12868,1,6,2,0,0,0
abs00962,0,"0,5",1,0,0,0
abs03306,0,0,2,0,0,0
abs14641,0,"5,7",1,0,0,0
abs13800,0,2,2,0,0,0
abs18018,1,"5,7",2,0,0,0
abs01870,1,"1,3,5,6",2,"12,14,16,22,26,27,30,34,35,36",1,1
abs06614,1,"2,3,5,6,7",2,0,1,1
abs14859,0,"6,7",2,0,0,0
abs09887,1,"5,6",1,0,0,0
abs14181,0,0,0,0,0,0
abs01830,0,"4,6",2,"7,8,9,11,12,13,14,15,17,22,24,25,26,30,31,33,34,35,36,39,40",1,1
abs00359,1,"1,2,3,4,5,6,7",2,"12,14,15,17,22,26,27,28,30,33,34",1,1
abs02991,0,"2,3,7",1,9,1,1
abs02817,1,"3,6",1,0,1,1
abs02043,0,"4,5,6,7",2,0,0,0
abs07453,1,"4,5,7",1,0,1,1
abs15125,0,"0,6,7",0,0,0,0
abs18937,0,"3,7",2,0,1,1
abs13104,1,"4,6",2,0,0,0
abs19926,1,"6,7",2,0,0,0
abs07060,0,0,1,0,1,1
abs08194,1,"5,6",2,0,0,0
abs00933,1,2,2,0,0,0
abs07833,1,"5,6",2,0,0,0
abs17131,1,"3,6",2,0,1,1
abs15418,1,"2,3,4,5,6,7",2,"14,18,24,26,33,41",1,1
abs18659,0,"4,5,7",2,0,0,0
abs00531,1,"3,7",2,0,1,1
abs01937,0,"2,3,6,7",2,0,0,0
abs19854,1,"3,7",2,0,1,1
abs11332,0,6,2,0,0,0
abs17691,0,"2,7",2,0,1,1
abs11983,0,"5,6",2,0,0,0
abs06034,0,"4,5,6",2,0,1,1
abs11148,1,"5,6,7",1,0,0,0
abs18114,0,0,0,0,0,0
abs02172,0,"3,7",2,0,0,0
abs06031,1,"5,6,7",2,0,0,0
abs11259,0,"0,5,6,7",2,0,0,0
abs03981,0,2,2,0,1,1
abs19985,0,7,2,0,1,1
abs09839,1,"4,5,6",1,0,0,0
abs20218,1,"3,5,7",2,0,0,0
abs12328,1,"5,6,7",2,0,0,0
abs08108,1,"3,6",2,0,0,0
abs20246,1,"3,5,6,7",2,0,1,1
abs05034,0,"3,7",1,24,0,0
abs17232,0,0,2,0,1,1
abs09823,0,"4,6",2,0,0,0
abs07460,1,"4,5,6",1,0,1,1
abs08804,0,"6,7",1,0,0,0
abs11354,1,"4,5,6,7",2,0,0,0
abs05060,0,6,2,0,0,0
abs00979,0,"4,7",2,0,1,1
abs14075,0,0,2,0,1,1
abs08105,1,"4,7",2,0,1,1
abs07780,1,"5,6,7",2,0,0,0
abs04001,0,"0,5,6",2,0,0,0
abs18749,1,"3,4,5,6",2,0,1,1
abs09833,1,"4,5,6,7",2,0,1,1
abs13531,0,0,2,0,0,0
abs02037,0,0,2,0,0,0
abs18846,1,"5,7",2,0,1,1
abs09720,1,"5,6",1,0,0,0
abs11271,1,"5,7",1,0,0,0
abs07355,1,"5,6",2,0,1,1
abs13651,1,"3,7",1,0,1,1
abs02920,0,"5,7",2,0,0,0
abs20876,1,"3,5,7",2,0,1,1
abs16435,0,"5,6",1,0,1,1
abs19646,1,3,2,0,1,1
abs10485,0,"3,6",2,0,1,1
abs15930,1,"4,5,6,7",1,"3,13,18,21,26",0,0
abs21174,0,"4,5,6",0,0,0,0
abs02575,0,"4,7",1,"15,16,21,26",0,0
abs01560,0,0,2,"3,13,24,27,40",1,1
abs00201,1,"2,7",2,"16,17,18,19,20,21,22,25,26,27,28,30,33,35,36,37",1,1
abs07872,0,"4,5,6",2,0,0,0
abs04297,0,"0,2,6,7",2,0,0,0
abs03786,1,"6,7",2,0,1,1
abs11765,0,7,0,0,0,0
abs04092,0,"3,7",2,0,1,1
abs21381,0,"6,7",2,0,0,0
abs20354,0,"0,7",2,0,0,0
abs01958,0,"6,7",2,0,0,0
abs18405,0,"3,7",2,0,1,1
abs11280,0,"0,6",2,0,0,0
abs21796,1,"3,7",2,0,1,1
abs01718,0,0,0,0,0,0
abs06770,1,0,2,0,1,1
abs21149,0,"6,7",2,0,0,0
abs17934,0,"3,6",1,0,1,1
abs17606,1,"1,2,6,7",2,"14,18,22,26,28,33,36,39",1,1
abs20007,0,"6,7",1,0,0,0
abs10168,0,0,2,0,1,1
abs04198,0,"0,6",0,0,0,0
abs01911,0,"0,7",0,0,0,0
abs20640,1,"4,5,6,7",2,33,1,1
abs20884,1,3,2,0,1,1
abs19009,1,"4,5,6,7",2,0,0,0
abs02278,0,0,0,0,0,0
abs14548,0,"5,7",2,0,0,0
abs18549,0,"6,7",2,0,1,1
abs20608,1,3,2,0,1,1
abs14791,0,"0,2,5",0,0,0,0
abs19228,1,"4,7",1,0,1,1
abs04034,0,"6,7",2,0,1,1
abs16070,1,"5,6,7",2,0,0,0
abs14271,0,2,0,0,1,1
abs18771,1,"4,5,6,7",2,0,1,1
abs03315,0,"0,7",2,0,0,0
abs19743,1,3,2,0,1,1
abs07028,1,"6,7",2,0,1,1
abs22092,1,"5,6",2,0,0,0
abs06714,0,0,2,0,1,1
abs03693,1,"5,6",2,0,0,0
abs06443,1,"2,3,4",2,"7,18,27",0,0
abs13608,1,"4,5,6,7",2,"14,15,22,27,33,34",0,0
abs21263,1,"4,7",2,0,0,0
abs06808,1,"2,3,6",2,0,1,1
abs01826,0,6,2,0,0,0
abs17079,0,2,0,0,1,1
abs18305,0,"2,3,6",2,"13,14,15,16,22,26,27,28,30,33,36,37",1,1
abs19002,1,7,2,"13,14,15,17,22,24,26",1,1
abs11052,0,"0,6,7",0,0,0,0
abs00705,0,"2,3,7",2,"7,15,22,27",1,1
abs03486,0,7,2,0,0,0
abs14340,1,"2,7",2,0,1,1
abs06641,1,"1,2,3,5,6",2,"14,22,24,26,27,28",1,1
abs20018,0,"0,6,7",2,0,0,0
abs03700,0,3,2,0,1,1
abs18449,0,"2,3",2,0,1,1
abs04580,0,0,0,0,0,0
abs10613,1,2,2,0,1,1
abs02936,0,0,2,0,0,0
abs15771,0,"0,6",0,0,0,0
abs21473,0,"6,7",2,0,0,0
abs11136,0,"5,6",2,0,0,0
abs01787,1,"5,6,7",2,0,0,0
abs10719,0,"6,7",1,0,1,1
abs18608,0,"2,3,6",1,"12,15,22,29,30,34",1,1
abs15468,0,"0,6",0,0,0,0
abs08708,0,0,0,0,0,0
abs22233,1,"2,7",2,"17,22,26,27,33,37",1,1
abs15899,0,"5,6",1,0,0,0
abs14830,1,"6,7",2,0,1,1
abs07174,1,"6,7",2,0,0,0
abs12483,1,"4,5,6",2,0,1,1
abs15651,1,"5,7",1,0,0,0
abs07736,0,"4,5,6",1,0,0,0
abs07964,0,0,2,0,0,0
abs20112,1,"3,7",1,"16,18,26,27,33,40",1,1
abs17901,0,"0,6",2,0,0,0
abs22254,0,0,0,0,0,0
abs14698,0,"4,5",1,0,0,0
abs11508,0,0,0,0,0,0
abs15627,0,"4,5,6",1,0,0,0
abs00109,0,0,0,"3,13,18,20",1,1
abs18831,1,"4,6,7",2,0,0,0
abs01111,0,"6,7",1,0,1,1
abs01951,0,0,0,0,0,0
abs13113,0,6,2,0,1,1
abs20330,0,"1,2,3,5,7",2,"5,7,20,22,27,37",1,1
abs06224,1,"4,5,6,7",2,0,0,0
abs17083,1,"1,2,3,7",2,"2,7,9,14,15,17,18,20,22,26,27,30,34,35,36,39",1,1
abs06319,1,"6,7",2,0,0,0
abs03741,0,3,2,0,0,0
abs18334,0,2,2,"12,22,33",1,1
abs12947,1,"4,5,6",1,0,0,0
abs21903,1,"6,7",2,0,1,1
abs17985,0,"5,6",2,0,0,0
abs03444,1,"3,7",2,0,1,1
abs01862,1,"2,3,6",2,"13,18,21,22,26,27,30,34",1,1
abs17651,1,"4,5,7",2,0,1,1
abs08726,1,"5,7",2,0,0,0
abs08034,0,"6,7",2,0,0,0
abs15472,1,"4,7",2,0,1,1
abs16265,1,3,2,0,1,1
abs01444,0,"4,6",2,0,0,0
abs19238,0,"3,7",1,0,0,0
abs02212,1,"2,3,7",2,"15,22,26,34",1,1
abs20613,0,"6,7",0,0,0,0
abs14846,1,"5,6",2,0,1,1
abs15212,0,7,2,0,0,0
abs08946,1,"1,4,5,6",2,0,0,0
abs09124,1,"4,6,7",2,0,1,1
abs07915,1,"4,5,6",2,0,0,0
abs19910,1,"3,7",2,0,1,1
abs17713,0,0,0,0,1,1
abs03592,0,"6,7",2,0,0,0
abs18312,0,"2,3,6",2,"0,14,15,22,29,30,31,36,37,39",1,1
abs01359,0,7,2,0,0,0
abs07205,1,"4,5,6",2,0,0,0
abs16976,1,"2,3,5,6",2,0,1,1
abs09754,1,"4,5,6,7",2,0,1,1
abs11579,0,"0,6",2,0,0,0
abs20572,1,"3,7",1,0,1,1
abs08880,0,"4,7",2,0,0,0
abs15129,1,"1,2,3,4,5,6",2,"13,15,22,27,40",1,1
abs10102,1,"3,7",2,0,1,1
abs03600,0,"6,7",2,0,1,1
abs13188,0,"6,7",2,0,0,0
abs18494,0,"0,2,7",0,"0,2,9,15,18,22,33,36",1,1
abs17465,0,"3,7",2,0,1,1
abs05672,1,"4,6",1,0,0,0
abs11556,0,"0,6",0,0,0,0
abs18187,0,0,2,0,0,0
abs16483,1,"3,7",1,0,0,0
abs10627,0,"3,6",2,0,1,1
abs03093,1,2,2,0,1,1
abs08634,1,"4,5,6",2,0,0,0
abs05762,1,"5,6",1,0,1,1
abs18303,0,0,0,0,0,0
abs03136,0,0,0,0,0,0
abs12833,0,"6,7",2,0,0,0
abs05403,1,"4,5,6,7",2,0,1,1
abs05328,1,6,2,0,0,0
abs00930,0,0,2,0,1,1
abs12286,0,0,2,0,0,0
abs19570,0,"1,2,7",2,"26,27,28,33,35,36,37,39,40",1,1
abs02170,0,0,2,0,1,1
abs07064,0,6,0,0,0,0
abs20813,1,"6,7",1,0,0,0
abs21751,1,2,2,"14,22,26,34",1,1
abs06805,1,"6,7",2,0,0,0
abs05271,0,2,2,"8,17,22",0,0
abs10053,1,"4,7",2,0,0,0
abs21292,1,"4,5,6,7",2,0,0,0
abs17959,0,4,2,0,0,0
abs02262,0,"3,5",2,0,0,0
abs14019,0,0,0,0,1,1
abs22057,0,"0,6,7",0,0,0,0
abs08208,1,"2,7",2,0,0,0
abs12134,0,"0,6",0,0,0,0
abs17969,0,"6,7",2,"3,13,21,26",1,1
abs18651,0,"4,5,7",2,0,0,0
abs16844,0,6,2,0,0,0
abs01960,0,7,2,17,0,0
abs16726,0,2,2,"7,18,22,26",0,0
abs01406,1,"2,3",2,0,1,1
abs10272,1,"3,6",2,0,1,1
abs18283,0,"3,7",2,0,0,0
abs16761,1,"3,6,7",2,0,0,0
abs00291,1,"6,7",2,0,0,0
abs08075,1,"4,5,7",2,0,0,0
abs02608,1,"3,7",2,0,0,0
abs16954,0,"3,6",2,0,1,1
abs17194,0,"1,2,3",2,40,1,1
abs14292,0,2,2,"11,17,22,27,36",1,1
abs11469,0,"4,7",2,0,0,0
abs04647,0,"0,6",0,0,0,0
abs05473,1,"4,5,6",2,0,1,1
abs02393,0,0,0,0,0,0
abs11028,0,0,0,0,0,0
abs20711,0,"5,6",1,0,0,0
abs18166,0,"4,5,6",0,0,0,0
abs03491,0,"4,5,7",2,0,0,0
abs18147,0,"4,5,6,7",1,0,0,0
abs11878,0,6,2,0,1,1
abs07063,0,"0,2,7",2,0,1,1
abs05940,1,"4,7",2,0,1,1
abs22154,0,0,0,0,0,0
abs02052,0,"5,6",2,0,1,1
abs03035,0,7,2,0,0,0
abs03373,0,0,2,0,1,1
abs03924,0,0,0,0,0,0
abs14634,0,"5,6",1,0,0,0
abs11219,1,"4,5,6",2,0,0,0
abs02994,0,"0,6",2,0,1,1
abs17681,0,0,2,0,0,0
abs20947,0,7,0,0,0,0
abs13068,1,"1,2,3,6,7",2,"7,18,21,22",1,1
abs05947,1,"4,5,6",1,0,0,0
abs00480,0,"2,4,7",2,"13,15,16,17,22,27,36,37",1,1
abs08219,1,"4,5,6,7",2,"13,14,18,20,26,27",1,1
abs01348,0,3,1,0,0,0
abs13529,1,7,2,0,1,1
abs09549,0,"6,7",2,0,1,1
abs12089,1,"4,6",2,0,0,0
abs17695,1,3,2,0,1,1
abs06070,1,"4,5,6",1,0,0,0
abs18607,0,0,0,0,1,1
abs05046,0,7,1,0,0,0
abs08759,1,"6,7",1,0,0,0
abs11629,1,"6,7",2,0,0,0
abs01190,0,7,2,0,0,0
abs01487,0,0,2,0,0,0
abs11495,1,"4,6",2,0,0,0
abs05106,0,"0,2,7",2,0,0,0
abs21329,1,"6,7",1,0,1,1
abs21631,1,"1,2,3,4,5,6,7",2,"12,14,15,16,22,26,27,28,30,33,34",1,1
abs12730,1,"3,4",1,0,1,1
abs09333,0,"2,3,6",2,"14,18,21,24,26,27,28,33",0,0
abs16200,1,"5,6",1,0,1,1
abs15893,0,6,2,0,1,1
abs01197,0,0,2,0,1,1
abs02171,0,"5,7",2,0,0,0
abs22064,0,7,2,"17,20,22",0,0
abs03871,1,3,2,0,1,1
abs19387,1,"4,6",2,0,1,1
abs02777,1,"2,3,6",2,0,0,0
abs14877,0,"4,5,6",1,"14,22,24,26,27,28,33,35,36,37,39,40",0,0
abs05359,1,"5,6",1,0,0,0
abs14884,0,"0,4,5",0,0,0,0
abs01904,0,6,1,0,0,0
abs13120,0,0,0,0,0,0
abs08974,1,"4,5,6,7",2,0,1,1
abs13150,0,"4,5,6",2,0,0,0
abs20151,1,"6,7",0,0,0,0
abs21372,1,"4,5,6",2,0,0,0
abs05561,1,"1,2,3,4,5,6",2,"2,3,6,7,8,9,12,13,14,15,18,21,26,28,30,31,34,35,36,37,39,40",0,0
abs03295,1,"3,6",2,"15,22,27,34",1,1
abs15520,1,"4,7",1,0,0,0
abs05055,0,"0,7",0,0,0,0
abs06244,1,"5,6,7",2,0,1,1
abs14999,1,"4,6,7",2,0,1,1
abs18623,1,"1,2,4,5,6,7",2,"12,18,20,22,26,30,32,34,36,37,39,40",0,0
abs13262,1,"5,6",2,0,1,1
abs15059,1,"4,6",2,0,0,0
abs01687,0,0,0,0,0,0
abs18063,0,"0,6,7",2,0,0,0
abs05334,1,"4,5,6,7",2,0,0,0
abs03840,0,7,2,0,0,0
abs02643,0,0,0,0,0,0
abs04434,0,0,0,0,0,0
abs17777,0,2,1,"7,8,9,11,15,16,22,26,27,30,33",1,1
abs03218,0,6,2,0,0,0
abs18873,0,7,2,0,1,1
abs06570,0,0,0,0,0,0
abs02192,0,"0,3,6",2,0,0,0
abs13312,0,"0,6",0,0,0,0
abs00760,0,"3,6",2,0,1,1
abs17440,0,0,0,0,0,0
abs01944,1,"0,5,6,7",2,0,0,0
abs06223,1,"5,6,7",2,0,1,1
abs20401,0,"2,3,7",2,"12,18,26,33",1,1
abs06613,0,"1,2,3,5,7",2,"7,17,22",1,1
abs08682,1,"5,6",2,0,0,0
abs11973,1,"1,2,3,4,5,6",1,"12,14,15,17,18,20,22,26,27,33,34,35,36,39",0,0
abs01470,0,0,2,0,1,1
abs18763,0,4,2,0,0,0
abs11909,1,"4,5,6",2,0,0,0
abs19849,0,"0,2,7",0,0,0,0
abs21183,1,"5,7",1,0,1,1
abs19733,1,"1,2,3,5,6",2,"0,1,2,3,5,6,8,9,14,20,22",1,1
abs05211,0,2,1,"15,20,26,27",0,0
abs20650,0,3,2,0,1,1
abs16656,1,"5,6",2,0,1,1
abs07243,1,"5,6",2,0,1,1
abs10322,1,"2,6",2,"10,11,12,17,22,27,30",1,1
abs06563,1,"2,3,7",2,0,1,1
abs01163,0,"2,3,4",2,"16,21,26,33",0,0
abs10050,0,"0,5,6",0,0,0,0
abs01705,0,"2,3,6,7",2,"6,14,22,27",1,1
abs12129,0,"5,6,7",2,0,0,0
abs16401,0,"5,6,7",2,0,0,0
abs13399,0,"4,7",2,0,0,0
abs07835,0,7,2,0,0,0
abs20587,0,"6,7",2,0,1,1
abs05996,1,"4,5,6,7",2,0,0,0
abs12257,1,"3,7",1,0,1,1
abs10776,1,6,2,0,0,0
abs01735,0,"6,7",2,0,0,0
abs06413,1,"4,5,6,7",1,0,0,0
abs20817,1,2,2,0,1,1
abs15717,1,"1,2,5,6",2,"12,14,15,16,22,26,27,28,30,33,35",0,0
abs04365,0,"3,6",2,0,1,1
abs15320,0,"0,5,6",2,0,0,0
abs00461,0,2,2,0,0,0
abs16335,1,"4,5,6",2,0,1,1
abs10644,0,2,2,0,1,1
abs21972,0,2,2,"10,22,26,27",0,0
abs16876,0,6,2,0,0,0
abs17576,1,"4,5,7",1,0,1,1
abs02159,0,"0,3",2,0,0,0
abs07749,0,"6,7",2,0,1,1
abs01431,0,7,2,0,1,1
abs17123,0,"6,7",1,0,1,1
abs00070,0,"0,2",2,0,1,1
abs12027,1,"5,6",1,0,0,0
abs16377,0,"4,5,6,7",2,0,0,0
abs04419,1,"2,5,6,7",2,0,1,1
abs22023,0,0,1,0,1,1
abs02074,1,"1,2,3,7",2,"15,22,33,40",1,1
abs16223,1,"4,5,6,7",2,0,1,1
abs06671,1,"6,7",2,0,1,1
abs06871,0,0,2,0,1,1
abs09593,1,"4,7",1,0,0,0
abs13313,0,"0,6",0,0,0,0
abs04973,1,7,1,0,0,0
abs12758,1,"4,5,7",1,0,1,1
abs03451,1,"2,3,6",2,"12,18,20,21,26,27,32,33,34,35,36,39,40",1,1
abs03469,1,"3,6",2,0,1,1
abs08263,0,4,1,0,0,0
abs02623,0,"2,3,4,6",2,"13,14,15,16,18,21,22,26,27,28",0,0
abs10791,1,"4,5,6,7",2,0,1,1
abs08214,0,0,0,0,0,0
abs00505,1,"6,7",2,0,1,1
abs07806,1,"4,5,6",2,0,1,1
abs03565,0,"2,7",2,"5,15,22,27",0,0
abs12726,1,"4,5,6,7",1,0,0,0
abs03119,0,"6,7",2,0,1,1
abs00022,0,"6,7",2,0,0,0
abs11293,1,"4,5,6",2,0,0,0
abs12305,1,"4,5,6,7",1,0,0,0
abs18713,1,"4,5,6,7",1,0,1,1
abs14176,1,"4,5,6,7",2,0,0,0
abs07650,0,"0,4,5",1,0,0,0
abs10140,0,0,0,0,0,0
abs18786,1,"6,7",2,0,1,1
abs13460,1,"5,6",2,0,0,0
abs17009,1,0,2,0,1,1
abs20310,0,"0,2,7",2,0,0,0
abs06631,1,"3,7",2,0,1,1
abs22164,0,0,2,0,1,1
abs17278,0,0,0,0,1,1
abs13089,0,"5,6",2,0,1,1
abs12264,1,"4,5,6",2,0,1,1
abs05221,0,"2,7",1,"0,8",0,0
abs10127,0,"2,6",2,0,0,0
abs16583,0,"4,5",2,0,0,0
abs21658,0,2,2,"3,13,22,33",1,1
abs09056,1,"5,7",2,0,1,1
abs14501,1,"4,5,6",2,0,1,1
abs11501,1,"4,5,6,7",1,0,0,0
abs19442,0,"4,5,6,7",2,0,1,1
abs09134,0,"4,6",2,0,1,1
abs03166,0,6,2,0,0,0
abs14168,0,2,2,0,1,1
abs06428,0,"2,7",2,0,1,1
abs08186,1,"5,6",1,0,1,1
abs19519,1,"3,7",2,"3,13,22,33",1,1
abs20845,1,3,2,"13,14,18,21,26,27",1,1
abs07639,0,"4,5,6,7",2,0,0,0
abs17923,0,"4,5",2,0,0,0
abs16814,1,"4,5,6,7",2,0,0,0
abs20077,0,"6,7",2,0,0,0
abs03017,1,"5,6",2,0,1,1
abs06043,1,"4,5,7",2,0,0,0
abs16880,0,"6,7",1,0,0,0
abs08013,0,"4,5,6,7",2,0,1,1
abs16112,1,"4,5,7",2,0,0,0
abs19141,1,"4,5,6",1,0,1,1
abs09061,1,"2,3,4,5,6,7",2,"0,14,15,16,17,22,26,28,33,35",1,1
abs01978,0,0,2,0,0,0
abs22005,1,3,2,0,0,0
abs04635,0,3,0,0,0,0
abs00690,0,"2,3,6,7",2,0,1,1
abs03707,0,"6,7",2,"16,20,22",0,0
abs04851,1,"3,7",2,0,1,1
abs18864,1,"0,3",1,0,1,1
abs10028,0,"0,3",2,0,1,1
abs04885,0,"2,6",2,0,0,0
abs11058,1,"4,6,7",2,0,0,0
abs15293,0,3,2,0,0,0
abs19697,1,"0,5,6",2,0,0,0
abs05805,1,"4,6,7",2,0,0,0
abs05895,1,"3,7",2,0,0,0
abs04758,1,2,2,0,1,1
abs06040,1,"4,5,6,7",2,0,0,0
abs08737,0,"4,7",1,0,1,1
abs16725,1,"6,7",2,0,0,0
abs11396,1,"4,5,6,7",2,0,0,0
abs11737,0,"1,2,7",2,"14,19,22,27,33,34",1,1
abs09559,1,"4,5,6",1,0,1,1
abs13358,1,"4,5,6,7",1,0,0,0
abs18350,0,0,0,0,0,0
abs03355,0,3,2,"2,3,6,7,8,9,14,15,18,20,21,22,26,30,31,36,37,39,40",0,0
abs02341,1,"5,6",1,0,1,1
abs08274,0,"4,6",0,0,0,0
abs05184,0,"2,3,4,5,6",2,"17,18,21,22,27,33,34",0,0
abs10184,1,2,2,"3,12,13,14,15,18,21,22,25,26,27,28,30,33,35,36",1,1
abs21968,0,"0,6,7",0,0,0,0
abs05235,0,0,2,0,0,0
abs07301,1,"6,7",2,0,0,0
abs10904,1,"4,5,6,7",1,0,1,1
abs17006,0,0,2,0,0,0
abs02793,0,"5,7",1,0,1,1
abs12526,1,"5,7",1,0,0,0
abs18553,0,"2,3,7",2,"13,14,15,22,27,32",1,1
abs13796,1,"2,6,7",2,"14,22,27",1,1
abs07918,1,"5,6",2,0,1,1
abs13350,0,"4,6",2,0,0,0
abs17087,0,"3,7",2,0,1,1
abs14801,1,"5,6",2,0,1,1
abs05543,1,4,2,0,1,1
abs04309,1,"3,7",2,0,1,1
abs13438,1,"1,2,3,6,7",2,"2,3,6,7,8,9,11,14,15,20,22,30,34,39,40",1,1
abs05015,0,"2,3,6",2,"6,7,9,11,12,15,16,18,20,21,26,30,33,35,36,37,39,40",0,0
abs21430,1,"5,7",2,0,1,1
abs20283,1,"4,5,6",2,0,0,0
abs02741,1,"1,2,3,6,7",2,"7,11,15,16,22,26,27,28",0,0
abs05571,1,"5,6",2,0,0,0
abs17891,0,2,2,"13,15,16,21,26,27,33,34",1,1
abs10065,0,2,2,0,1,1
abs04602,0,"6,7",2,0,0,0
abs12505,0,"3,7",2,0,0,0
abs12083,1,6,2,0,0,0
abs15559,1,"3,6",2,0,1,1
abs00389,0,0,2,0,0,0
abs09926,1,"6,7",1,0,0,0
abs11933,1,"3,7",2,0,1,1
abs14761,1,6,2,0,0,0
abs17146,0,"6,7",2,0,1,1
abs03708,1,"2,3,6",2,0,1,1
abs19268,1,"3,6,7",2,0,1,1
abs00329,1,"6,7",2,"5,15,22,27,37",0,0
abs02397,0,"2,7",2,"12,14,15,16,22,26,27,28,30,31,32",0,0
abs01789,0,"6,7",2,0,1,1
abs11945,1,"5,6",2,0,0,0
abs05373,1,"5,6",2,0,0,0
abs12310,1,"5,6",2,0,1,1
abs08226,1,"4,5,6,7",2,0,0,0
abs00821,0,"2,7",0,"14,19,20",0,0
abs13987,0,0,1,0,1,1
abs14706,1,"4,6",2,"3,13,22,27",1,1
abs22217,1,7,0,0,0,0
abs12820,1,"4,5,6,7",2,0,0,0
abs16173,0,"4,5,6",2,0,0,0
abs14107,0,0,2,0,1,1
abs03943,1,"3,6",2,0,0,0
abs21641,1,"2,5,6",2,0,1,1
abs06084,1,4,2,0,1,1
abs06884,1,"5,6",2,0,1,1
abs10232,0,"0,6,7",0,0,0,0
abs09848,0,"6,7",2,0,0,0
abs13318,1,"3,5,7",2,0,0,0
abs15487,0,6,2,0,0,0
abs12294,1,"5,7",2,0,1,1
abs11181,1,"4,5,6",2,0,1,1
abs16965,1,"2,3,6",2,"14,22,40",1,1
abs17488,0,0,0,0,0,0
abs05000,0,"0,6",0,0,0,0
abs21691,1,"1,2,3,6",2,"12,17,18,21,26,27,30,34,35,36",0,0
abs02080,0,7,2,0,0,0
abs15001,0,"6,7",2,0,0,0
abs10604,0,2,2,"3,12,19,20,22,33",1,1
abs17823,1,"4,7",1,0,1,1
abs01684,0,"6,7",2,0,0,0
abs10432,1,"2,7",2,"15,22,33",1,1
abs17942,1,"4,5,6",2,0,1,1
abs04310,0,"4,5,6",1,0,0,0
abs02533,1,"3,7",2,0,1,1
abs09338,1,"3,7",2,"13,14,15,17,20,21,26,28,33,35,36,39,40",0,0
abs02856,1,2,2,"13,14,15,16,22,27,33,36,37,39",0,0
abs20838,0,"3,7",2,"3,8,11,18,22,27",1,1
abs06703,1,"3,7",2,0,1,1
abs16800,1,"4,6",2,0,1,1
abs03796,0,7,2,0,0,0
abs17986,1,"4,5,6",2,25,0,0
abs19740,1,"3,6",1,0,1,1
abs21076,0,"0,6,7",2,0,0,0
abs16114,1,"4,5,6",2,0,0,0
abs04501,0,"0,3,6",2,0,0,0
abs11650,1,"5,6",2,0,1,1
abs13643,0,2,0,0,1,1
abs10670,0,"3,7",2,0,1,1
abs18879,1,"3,7",1,0,1,1
abs16051,1,"4,6,7",2,0,0,0
abs22060,0,2,2,"17,20,22",1,1
abs20250,1,"3,7",2,0,1,1
abs00060,0,"0,2,6,7",0,33,0,0
abs02255,1,3,2,0,1,1
abs04985,0,"0,2,6",2,0,0,0
abs01118,1,3,2,0,1,1
abs07958,1,"5,7",2,0,0,0
abs09984,0,0,2,0,1,1
abs20488,0,"0,7",2,0,0,0
abs16085,0,"4,5,6",0,0,0,0
abs07310,1,"4,5,6,7",2,0,0,0
abs00713,0,0,1,0,0,0
abs07099,1,"5,6",2,0,0,0
abs03561,0,3,1,0,1,1
abs16103,0,"5,6",2,0,0,0
abs13252,1,"4,5,6,7",2,0,1,1
abs14893,0,"4,6,7",2,0,0,0
abs01258,0,0,0,0,0,0
abs11919,0,"4,5,6",2,0,0,0
abs20265,1,7,2,0,0,0
abs17320,0,"2,3,7",1,"0,15,22,26",1,1
abs00455,1,"2,3,6,7",1,"16,21,26,27",1,1
abs00538,0,"2,3,4,5,6,7",2,"6,14,18,26,27,30,34",0,0
abs00268,1,"0,6",2,0,0,0
abs12007,1,"5,6",2,0,1,1
abs21245,1,"5,6,7",2,0,1,1
abs00545,0,"2,3,5,6",2,0,1,1
abs10580,0,"6,7",2,0,0,0
abs19715,1,"0,3",2,"3,13,22,26,27,33,35,36",1,1
abs09743,0,"4,5,6",2,0,1,1
abs21899,1,"2,5,6,7",2,0,1,1
abs21989,0,2,2,0,1,1
abs20880,0,0,2,0,0,0
abs08285,1,"6,7",2,0,0,0
abs01524,1,"5,6",1,0,1,1
abs09199,1,"5,7",1,0,1,1
abs10551,0,"2,3,7",1,"13,15,16,17,22,26,27,30,34",1,1
abs18407,1,"5,6",1,0,0,0
abs00126,0,2,1,0,1,1
abs02201,0,"3,7",2,0,0,0
abs13428,0,7,1,0,0,0
abs07699,1,"5,6",1,0,0,0
abs21400,0,4,1,0,0,0
abs21115,0,0,0,0,0,0
abs19516,1,7,2,0,0,0
abs18962,1,"3,7",1,0,0,0
abs11287,0,6,2,0,0,0
abs03860,0,"6,7",2,0,0,0
abs13342,1,"4,5,6",2,0,0,0
abs04321,1,"3,7",2,0,0,0
abs11264,0,"4,6",2,0,0,0
abs01649,0,"6,7",2,0,0,0
abs02483,0,0,2,0,0,0
abs10419,1,"3,7",2,0,1,1
abs16340,0,"4,5",2,0,0,0
abs08626,1,"6,7",2,0,0,0
abs12222,1,"4,5,6,7",2,0,0,0
abs10570,1,"1,3,5,6",2,0,1,1
abs06173,0,6,2,0,0,0
abs12487,1,"4,7",2,0,0,0
abs21709,1,"2,4,5,6,7",2,"12,14,15,16,22,26,28,30,33,35,36,39",1,1
abs02880,0,7,2,0,0,0
abs12087,1,"4,5,6,7",2,0,0,0
abs19751,1,"3,7",2,0,1,1
abs19203,0,"0,6",0,0,0,0
abs16564,1,3,2,0,0,0
abs19255,1,"4,5,6,7",2,0,0,0
abs01282,0,"3,6",2,0,0,0
abs22214,0,7,2,0,1,1
abs18430,0,"2,7",2,"12,32",0,0
abs20744,1,"4,7",1,0,1,1
abs02174,0,6,2,0,0,0
abs08911,1,"4,6,7",2,0,0,0
abs03892,0,"2,3,6",2,"15,16,21,26",0,0
abs08487,0,"3,7",1,0,0,0
abs15933,0,"4,7",2,"3,13,21,26,27",0,0
abs20347,1,"4,5,6",1,"13,14,15,16,18,21,26,27,28,34,35,36,39,40",1,1
abs16110,1,"4,5,6,7",2,0,1,1
abs08986,0,"2,3,7",2,"15,18,26,27,33",1,1
abs13805,0,"1,2,3,7",2,"13,15,16,17,22,24,26,27,28",1,1
abs21140,0,"4,7",2,"8,19,22,27,40",1,1
abs03665,1,"1,2,3",2,"5,15,22,27,37",0,0
abs13895,0,0,2,0,1,1
abs04591,0,2,2,"3,13,22,26",1,1
abs20585,0,7,1,0,0,0
abs19690,1,"6,7",1,0,1,1
abs10587,0,"6,7",2,0,1,1
abs17306,0,0,2,0,0,0
abs20391,1,"1,2,3,7",2,"7,17,22,26,27,30,31,36,39",1,1
abs06546,0,"0,6",2,0,1,1
abs05616,1,"4,5,6,7",2,0,0,0
abs15880,0,"5,6",1,0,0,0
abs02557,0,"0,7",2,0,1,1
abs19505,0,"6,7",1,0,1,1
abs16115,0,"5,6",2,0,0,0
abs01326,0,"3,7",2,0,0,0
abs15539,1,"6,7",1,0,1,1
abs03273,1,"3,7",2,0,1,1
abs09617,1,"2,4,5,6",2,"14,19,22,26,27,33",1,1
abs15827,1,"5,6",1,0,0,0
abs08423,1,"6,7",2,0,0,0
abs19162,0,"3,7",2,0,1,1
abs09666,1,"6,7",2,"13,18,21,22",0,0
abs09413,1,7,2,0,0,0
abs02751,0,6,1,0,0,0
abs02917,0,6,2,0,1,1
abs06085,1,"6,7",2,0,1,1
abs16170,1,"4,5,7",1,"14,22,27,33",0,0
abs17484,0,"2,3,7",2,0,1,1
abs13609,0,"0,4,5",2,0,0,0
abs10080,1,2,2,0,1,1
abs07391,0,6,2,0,0,0
abs10114,0,0,2,0,1,1
abs00687,0,6,2,0,0,0
abs08473,0,2,2,0,0,0
abs18983,0,"3,7",1,0,1,1
abs10987,1,"4,5,6",1,0,1,1
abs07790,1,"4,5,6",1,0,0,0
abs12255,0,0,0,0,0,0
abs21087,1,"4,5,6,7",2,0,1,1
abs05880,1,"3,4,5,6",2,0,1,1
abs03092,0,0,2,0,1,1
abs21288,0,7,2,0,0,0
abs21020,1,"4,5,6,7",2,0,0,0
abs06139,1,"3,5",2,0,0,0
abs04028,0,3,2,0,0,0
abs05397,0,"6,7",2,0,0,0
abs02625,1,"2,3",2,0,1,1
abs15132,0,0,0,0,0,0
abs02446,0,"0,5,6",0,0,0,0
abs16497,0,"5,6",2,0,0,0
abs13125,0,"5,6",1,0,0,0
abs17619,1,"2,3,7",2,"3,15,22",1,1
abs07454,0,4,0,0,0,0
abs11668,1,"4,5,6",2,0,0,0
abs11128,1,"4,5,6",2,0,0,0
abs07908,1,"5,6",1,0,1,1
abs00191,0,0,2,0,0,0
abs21919,0,7,0,0,0,0
abs20223,1,"3,7",1,"16,21,26,33",0,0
abs15763,1,"6,7",2,0,0,0
abs18725,1,"4,5,6,7",2,0,1,1
abs21639,1,"1,2,3,4,5,6",2,"7,17,22,27,40",1,1
abs19329,1,"4,5,6,7",1,0,0,0
abs00016,0,"0,6,7",2,0,0,0
abs11585,1,2,2,"14,22,24,26,27,28,33,35,36,39,41",0,0
abs19679,1,"3,7",1,0,1,1
abs07384,1,"4,5,6,7",2,0,0,0
abs04344,0,7,2,0,0,0
abs19645,1,"6,7",2,0,0,0
abs20550,0,0,0,0,0,0
abs15188,1,"1,2,6",2,"7,17,22,27",1,1
abs02747,0,0,0,0,0,0
abs01557,0,"5,6,7",2,0,1,1
abs18543,0,"2,3,7",2,"12,32",1,1
abs16206,1,"4,5,7",1,0,0,0
abs18139,1,"3,7",2,0,1,1
abs04976,0,7,2,0,0,0
abs13559,1,"4,5,6",2,0,1,1
abs21737,1,"2,7",2,"11,20,22,27,37",0,0
abs18143,0,"0,7",2,0,0,0
abs21251,1,"4,5,6",2,0,0,0
abs09504,0,"6,7",1,0,0,0
abs02425,0,"6,7",2,0,0,0
abs02999,0,0,2,0,1,1
abs04050,0,2,2,"16,20,26,34",1,1
abs17056,1,2,2,"11,16,22,27",0,0
abs11502,0,"0,5,7",0,0,0,0
abs12654,1,"6,7,9",2,0,0,0
abs13147,1,"4,7",2,0,0,0
abs20994,1,"4,7",2,0,1,1
abs13838,0,"3,7",1,0,1,1
abs09440,1,"0,1,7",2,0,0,0
abs09986,1,"1,2,3,6",2,"12,14,22,24,26,27,30,34,35,36,37,39",1,1
abs13139,1,"4,5,6",2,"14,22,26,34,37,39",0,0
abs10405,0,6,0,0,0,0
abs02654,0,"0,6",2,0,0,0
abs06477,1,"2,3,6",2,0,1,1
abs01662,1,"3,7",2,0,1,1
abs17512,0,"1,2,3",2,"3,14,22",1,1
abs07427,0,"5,7",1,0,0,0
abs20321,0,"3,6",0,0,0,0
abs06086,1,"5,6",1,0,0,0
abs18673,1,"3,6",1,0,1,1
abs10202,0,"2,7",2,"10,22,26,27",0,0
abs20324,1,"1,3,7",2,"9,17,22,27,36",1,1
abs19462,1,"4,5,6,7",2,"13,14,18,22,26,27,28,33,37",0,0
abs10682,1,"3,7",2,"13,14,15,16,22,26,27,28,30,33,35",1,1
abs10462,0,2,1,3,1,1
abs09297,0,2,0,"12,27",0,0
abs08553,0,"4,5,6",2,0,0,0
abs09084,1,"4,5,6,7",2,0,0,0
abs07229,1,"4,5,6",2,0,0,0
abs21566,0,"2,3",2,0,1,1
abs07087,1,"1,2,6,7",1,"14,15,18,22,26,27",1,1
abs09253,1,"4,6",2,0,1,1
abs16358,0,"4,6",1,0,0,0
abs13954,0,"0,6",0,0,0,0
abs12928,0,"4,5,6",2,0,0,0
abs12913,1,"4,5,6",2,0,0,0
abs08206,1,"4,5,7",2,0,0,0
abs06309,1,6,2,0,0,0
abs01543,0,6,2,0,1,1
abs09570,0,7,2,0,0,0
abs20006,1,"6,7",2,0,1,1
abs14428,0,0,2,0,1,1
abs11731,0,"6,7",2,0,1,1
abs05722,1,"6,7",2,0,1,1
abs19468,1,"3,7",2,0,1,1
abs08656,0,"4,5,6",1,"13,14,15,16,18,21,22,26,27,28,30,33,34",1,1
abs03358,1,"5,7",2,0,1,1
abs14929,1,"4,7",2,"14,18,21,24",0,0
abs05533,0,"4,5,6",1,0,1,1
abs02490,0,"2,3,6,7",2,"12,18,22,26",1,1
abs20934,1,"3,7",1,0,1,1
abs06621,0,"2,3,5,6",0,0,0,0
abs12917,0,"2,3,7",2,"16,20,26,34",0,0
abs08801,1,"2,3,6",1,"12,18,20,22,27,33,36,37,40",0,0
abs14361,0,"0,1",2,0,1,1
abs10829,0,6,2,0,0,0
abs07249,1,"5,6,7",2,0,0,0
abs08325,1,"3,5,7",1,0,0,0
abs08485,1,"4,6",2,0,0,0
abs19485,1,"4,7",2,0,0,0
abs21366,0,"4,6",0,0,0,0
abs05971,1,"4,6",2,0,0,0
abs19957,1,"3,7",2,0,1,1
abs12871,1,"4,5,6,7",2,0,0,0
abs14686,1,"4,7",2,0,0,0
abs00881,1,"4,5,6",2,0,1,1
abs20259,0,7,1,0,0,0
abs18927,0,0,2,0,0,0
abs08522,1,"4,5,6",2,0,0,0
abs10201,0,"1,2,3,6",2,"3,13,20,24,34",1,1
abs12341,1,"6,7",1,0,0,0
abs19222,0,"6,7",2,0,1,1
abs07341,1,"4,5,6,7",2,0,0,0
abs21393,1,"4,5,6",2,0,0,0
abs08102,1,"4,7",2,0,1,1
abs01594,0,"6,7",2,0,0,0
abs18023,0,6,2,0,0,0
abs13778,0,"2,3,6",1,0,1,1
abs14442,0,"3,7",1,0,1,1
abs14178,1,"4,5,6,7",2,0,1,1
abs15745,1,"4,5,6,7",2,"14,15,22,27,34",0,0
abs16928,1,"5,6,7",2,0,1,1
abs12437,1,"6,7",2,0,1,1
abs14852,0,"1,2,3,4,5,6",2,0,1,1
abs05338,1,"5,6",2,0,1,1
abs06895,1,"1,2,7",2,"7,17,22",1,1
abs01771,0,6,1,0,1,1
abs11860,1,3,2,0,0,0
abs03054,1,3,1,0,0,0
abs12782,0,"4,5,6",1,0,0,0
abs00639,0,0,1,0,1,1
abs02512,0,2,2,"13,14,18,20,22,26,27,33,34",0,0
abs08113,1,"4,5,6",2,0,0,0
abs02191,0,2,2,0,0,0
abs09342,0,"6,7",2,0,0,0
abs00924,1,"3,6",1,0,0,0
abs02878,0,"0,6",2,0,0,0
abs11278,1,4,2,0,0,0
abs12023,0,"4,5,6,7",2,0,0,0
abs04343,0,6,1,0,0,0
abs13301,0,6,2,0,0,0
abs02621,0,"0,7",2,0,1,1
abs01132,0,"1,2,6",2,"7,8,9,14,15,18,20,22,26,27,30,36",1,1
abs11239,1,"6,7",2,0,0,0
abs06483,1,2,2,"14,22,24",1,1
abs06115,0,6,2,0,0,0
abs00604,0,6,2,0,1,1
abs06962,1,"6,7",2,"13,18,27",1,1
abs15765,1,"5,7",1,0,1,1
abs08936,1,"6,7",2,0,1,1
abs22190,0,0,0,0,0,0
abs10408,0,"6,7",2,0,1,1
abs06364,1,"4,5,6,7",2,0,1,1
abs03026,0,"6,7",2,0,0,0
abs18275,0,"2,3,7",2,"12,27,32",1,1
abs16838,0,0,0,0,0,0
abs03393,0,0,2,0,0,0
abs11843,1,"6,7",2,0,0,0
abs20835,0,"3,7",2,"6,7,9,11,12,14,15,16,18,20,24,25,26,28,30,35,36,39,40",0,0
abs17689,0,0,2,0,1,1
abs21472,1,"4,5,6,7",1,0,0,0
abs17141,0,"3,7",2,0,1,1
abs19466,1,"3,6,7",1,0,1,1
abs05421,0,"6,7",2,0,0,0
abs00194,0,"1,2,3",2,"7,18,22,27,33,40",1,1
abs05306,1,"5,6,7",1,0,0,0
abs14737,0,"4,7",2,0,1,1
abs12953,1,"4,5,6",2,0,1,1
abs14165,1,7,2,0,0,0
abs04951,0,"6,7",0,0,0,0
abs19749,1,"2,3,4,5,6",2,0,1,1
abs17115,0,0,0,0,0,0
abs16131,0,"0,6",2,0,0,0
abs18179,0,0,1,0,1,1
abs09956,0,2,1,0,1,1
abs12610,0,6,1,0,0,0
abs05660,1,"4,5,6",2,0,0,0
abs11515,1,"5,6",2,0,1,1
abs11657,0,"0,6,7",2,0,0,0
abs10876,1,"5,6,7",2,0,1,1
abs05189,0,7,2,0,1,1
abs10913,1,"4,5,6,7",2,0,1,1
abs14985,0,"5,6,7",2,0,0,0
abs10552,1,"1,2,3,7",2,"14,15,22,24,26,27,28,33,35,36",1,1
abs04421,1,"6,7",2,0,0,0
abs07044,0,2,1,"0,14,15,22,27,36,37",1,1
abs16996,0,0,2,0,1,1
abs15319,0,"3,7",2,0,0,0
abs09528,0,6,2,0,0,0
abs19958,1,"3,6",2,0,0,0
abs21845,0,2,0,0,0,0
abs10958,1,"4,5,6",2,0,0,0
abs05731,1,"4,5,6,7",2,0,1,1
abs20739,1,"3,7",1,0,1,1
abs11771,1,"4,5,6,7",2,0,0,0
abs04718,0,0,1,0,0,0
abs16825,0,"5,6",2,0,0,0
abs19227,1,3,2,0,1,1
abs15547,0,0,2,24,0,0
abs20922,0,"0,3,5,7",2,0,0,0
abs14970,0,4,0,0,0,0
abs06701,1,"1,2,3,4,5,6,7",1,"7,9,14,17,22,26,27,30,34",1,1
abs19331,1,"4,5,6,7",2,0,0,0
abs10332,1,"4,7",2,"13,14,15,24,27,33,39,40",1,1
abs21914,0,"2,7",2,"11,17,18,20,21,27,33,36,37",0,0
abs18059,0,"3,5,7",2,0,0,0
abs18115,0,"4,5,6",2,0,0,0
abs19006,0,6,0,0,0,0
abs15313,0,6,2,0,1,1
abs04169,0,0,2,0,0,0
abs10743,1,"4,6",2,0,1,1
abs12214,1,"4,5,6,7",2,0,0,0
abs10715,0,0,0,0,0,0
abs05650,1,"5,6,7",2,0,0,0
abs09123,1,"5,6,7",2,0,1,1
abs08121,1,"4,5,6",1,0,0,0
abs13442,1,"1,2,3",2,"7,14,15,17,22,26,27,28",1,1
abs10802,1,4,2,0,0,0
abs10849,1,"5,7",2,0,1,1
abs12485,1,"6,7",2,0,0,0
abs19671,1,"2,3,7",1,"12,18,26,33",1,1
abs13400,0,6,2,0,0,0
abs08209,0,"0,6",0,0,0,0
abs18947,1,"2,3",2,0,1,1
abs08673,1,"0,5,6,7",2,0,1,1
abs04671,1,"6,7",1,0,0,0
abs14807,0,"0,5,6",0,0,1,1
abs03512,1,"4,5,6,7",2,0,1,1
abs01230,1,"4,5,6",1,0,0,0
abs16041,1,"4,6",2,0,1,1
abs05879,1,"4,7",2,0,0,0
abs00763,0,0,0,0,0,0
abs01452,0,"6,7",2,"6,14,26,27,33,34",1,1
abs15117,0,0,2,0,0,0
abs04231,0,6,0,0,0,0
abs12923,1,"5,7",1,0,1,1
abs17898,1,"2,3,4,5,6",1,"13,14,15,16,18,21,22,26,27,28,30,33,34",1,1
abs08652,0,6,1,0,0,0
abs07244,1,6,2,0,0,0
abs18378,0,7,0,0,0,0
abs12151,1,"4,6,7",2,0,0,0
abs21032,0,"4,6",2,0,1,1
abs05318,1,"4,5,6,7",2,0,0,0
abs21726,1,"1,2,3,4,5,6,7",2,"13,14,15,16,22,26,27,28,30,36,37",1,1
abs20870,1,"4,7",2,0,0,0
abs15566,1,"5,6,7",1,0,0,0
abs20557,0,"0,6,7",2,0,0,0
abs15295,0,6,2,0,0,0
abs15220,1,"0,1,6,7",2,0,0,0
abs15832,1,"1,2,6",2,"12,14,15,16,22,26,27,28,30,33,34",1,1
abs16808,0,"4,5,6",2,0,0,0
abs01401,1,"1,2,6,7",2,"14,18,20,24,26,27,28,33,40",0,0
abs18912,1,"1,3,5,6",2,"12,14,15,16,22,26,27,28,30,35,36",1,1
abs20388,1,"3,4,5,6",1,0,1,1
abs01343,0,"0,6",0,0,0,0
abs21868,1,0,2,0,1,1
abs15501,0,"0,6",2,0,0,0
abs20568,1,"3,7",1,0,0,0
abs09190,1,"5,6,7",2,0,0,0
abs11911,1,"4,5,6",2,0,0,0
abs08515,1,"4,6,7",2,0,0,0
abs18380,0,"3,7",2,"12,32",1,1
abs04862,0,"0,6,7",0,0,0,0
abs20340,1,"6,7",2,"13,15,22,27,33,36",1,1
abs00321,0,0,2,0,1,1
abs17894,0,"4,5,6,7",2,0,1,1
abs12125,1,"5,7",2,0,0,0
abs17363,1,"4,5,6,7",2,0,1,1
abs03997,0,7,2,0,0,0
abs09635,1,"4,7",2,0,1,1
abs19889,0,"3,7",2,0,0,0
abs11565,1,"6,7",2,0,0,0
abs14632,1,"4,5,7",2,0,1,1
abs19771,1,"2,3,6,7",1,0,1,1
abs08463,0,2,1,0,1,1
abs04142,1,"1,2,3,7",2,"12,14,15,16,22,26,27,28,30,33,35",1,1
abs05206,0,2,0,"7,9,11,12,15,16,18,26,30,39",0,0
abs09325,0,"4,7",2,0,0,0
abs01669,1,"4,7",2,"13,15,16,18,21,22,24,26,27,28",1,1
abs12304,1,"4,5,6,7",2,0,0,0
abs18925,1,"3,6",2,0,1,1
abs02863,0,"0,7",2,0,0,0
abs18625,1,"1,3,5,6",2,"3,6,7,8,9,11,12,13,14,15,20,22,24,30,34,35,36,37,39,42",0,0
abs20579,0,"6,7",2,0,1,1
abs20084,0,7,2,0,0,0
abs20298,0,"6,7",2,0,1,1
abs18286,0,2,2,"3,13,22,27",1,1
abs12221,1,"3,7",2,0,1,1
abs07569,1,"5,7",1,0,1,1
abs11046,1,"4,5,6",2,0,0,0
abs02587,0,"0,6",0,0,0,0
abs00438,1,"6,7",2,0,1,1
abs06284,1,"5,6,7",1,0,0,0
abs01222,0,"6,7",1,0,1,1
abs14803,0,"0,6,7",0,0,0,0
abs14310,0,0,2,0,1,1
abs09230,1,"5,7",2,0,1,1
abs17495,1,"4,5,7",2,0,0,0
abs14601,1,6,2,0,0,0
abs16646,0,"0,5,6",2,0,0,0
abs09438,1,"5,6",1,0,0,0
abs11523,0,6,2,0,0,0
abs06027,0,"0,5",0,0,0,0
abs05474,1,"4,5,6,7",2,0,1,1
abs09705,1,"5,7",2,0,0,0
abs02521,0,0,0,0,0,0
abs19093,1,7,2,0,0,0
abs14851,0,"0,5,6",0,0,0,0
abs08534,1,"6,7",2,0,0,0
abs05036,0,"3,7",2,0,0,0
abs14387,0,3,2,0,1,1
abs09729,0,"4,7",2,0,0,0
abs04626,1,"1,2,3",2,"13,14,15,16,21,22,24,26,27,28,33,35,36,37,39,40",1,1
abs16140,1,"5,7",2,0,1,1
abs01329,1,"0,5,7",2,0,0,0
abs07992,1,"4,5,6,7",2,0,1,1
abs10196,0,0,2,0,1,1
abs06578,1,7,1,0,0,0
abs08887,0,"6,7",2,0,0,0
abs09573,1,4,1,0,0,0
abs03258,0,"6,7",2,0,1,1
abs08747,0,"0,6,7",0,0,0,0
abs17537,0,0,0,0,0,0
abs17334,0,"0,3",2,0,1,1
abs20839,1,"4,7",2,"3,13,18,22",1,1
abs03316,0,"3,7",2,0,0,0
abs08447,0,"4,5,6,7",1,0,0,0
abs07950,1,"4,5,6",2,0,0,0
abs10960,1,"4,6",2,0,0,0
abs11418,1,"4,5,6,7",1,0,0,0
abs17773,0,0,2,0,1,1
abs09981,1,"1,2,3,5,6",2,"7,18,21,22",1,1
abs20891,0,"3,7",0,0,0,0
abs15631,0,2,2,0,0,0
abs14029,0,2,0,0,0,0
abs09610,1,"4,7",2,0,1,1
abs09018,0,6,2,0,0,0
abs01442,0,7,2,0,1,1
abs21323,1,"3,7",2,0,1,1
abs02624,0,"1,2,3",2,23,0,0
abs17221,0,0,2,0,0,0
abs12394,1,"3,4,6",2,0,0,0
abs20355,0,"2,6,7",2,"14,21,22,26,27,28,33,34,35,36,37,39,40,41",0,0
abs09896,0,"2,3,4,6",2,0,0,0
abs16972,0,"2,3,7",2,0,1,1
abs02338,0,"0,2,3,5,6,7",2,0,0,0
abs11894,0,"4,7",2,0,0,0
abs20693,0,"6,7",2,0,0,0
abs17766,1,"5,6",2,0,1,1
abs03252,0,2,2,0,0,0
abs08028,0,"3,7",2,0,0,0
abs02428,1,3,1,0,1,1
abs04195,1,"6,7",1,0,1,1
abs17543,1,"3,7",2,0,1,1
abs06648,0,0,0,0,0,0
abs22264,1,2,2,0,1,1
abs16423,1,"5,6",1,0,0,0
abs06484,0,0,2,0,1,1
abs12739,0,"4,7",2,0,0,0
abs18231,0,"0,2,7",0,0,0,0
abs07985,1,"4,5,6,7",2,0,0,0
abs17476,0,"6,7",0,0,1,1
abs14944,0,"0,4,5",1,0,0,0
abs03325,0,"0,6",2,"3,13,22,33",1,1
abs02894,0,"3,7",2,0,1,1
abs17747,0,0,0,0,0,0
abs03481,0,6,2,0,1,1
abs00111,0,"4,5,6,7",1,0,1,1
abs00942,1,"1,2,6",2,"13,18,21,22,27",1,1
abs05664,1,"6,7",2,0,1,1
abs20553,1,"4,6",2,0,1,1
abs20527,0,"0,6",2,0,0,0
abs00096,1,"1,2,3,4",2,"0,14,15,16,22,26,27,28,34,35,36,39",1,1
abs22241,1,"1,2,3,5,6",2,"12,14,15,16,22,26,27,28,30,34,35,36,39",1,1
abs13435,1,"4,7",2,0,0,0
abs07763,1,"4,5,6,7",2,0,0,0
abs15377,1,"2,3,6,7",2,0,0,0
abs21602,0,"2,3,4,5,6",1,"13,14,18,21,26,27",1,1
abs17730,0,"6,7",2,0,1,1
abs15725,1,3,2,0,0,0
abs19966,1,"2,3,4,5,6,7",2,"7,8,9,11,15,16,18,20,24,26,30,33,35,36,39,42",1,1
