Q1,Q2,Q3,Q4,Q5,Q6,id
0,,,,,0,abs00000
1,6,,0,,1,abs00001
1,3 6,2,,,1,abs00002
0,,,,,1,abs00003
1,6,,0,,0,abs00004
1,6,,0,,0,abs00005
1,,,0,,1,abs00006
1,6,2,0,,0,abs00007
0,,,,,1,abs00008
0,,,,,1,abs00009
1,6,,0,,0,abs00010
1,1 2,,26,,1,abs00011
1,3,2,0,1,1,abs00012
1,6,,0,,1,abs00013
0,,,,,1,abs00014
1,6,,0,,0,abs00015
1,6,,0,,0,abs00016
1,3,2,0,,1,abs00017
1,,,,,1,abs00018
1,,,,,0,abs00019
1,1 2,,9,1,1,abs00020
1,6,,,,0,abs00021
1,6,,0,,1,abs00022
1,,,,,1,abs00023
1,6,,,,1,abs00024
1,3,2,,,1,abs00025
1,6,,0,,0,abs00026
1,6,,0,,1,abs00027
0,,,,,1,abs00028
1,6,,0,,1,abs00029
1,6,,0,,0,abs00030
0,,,,,1,abs00031
1,2,,,,1,abs00032
0,,,,,0,abs00033
0,,,,,1,abs00034
1,3,1,0,1,1,abs00035
1,4,,,,1,abs00036
1,6,1,0,,0,abs00037
1,6,,0,,1,abs00038
1,5,1,0,,0,abs00039
1,5,2,0,1,1,abs00040
1,6,1,,,0,abs00041
1,,2,,,1,abs00042
1,6,,0,,1,abs00043
0,,,,,1,abs00044
0,,,,,1,abs00045
1,,,,,1,abs00046
0,,,,,1,abs00047
0,,,,,0,abs00048
1,3,2,,1,1,abs00049
0,,,,,1,abs00050
0,,,,,1,abs00051
0,,1,,,1,abs00052
1,6,,0,,0,abs00053
1,1 2,2,9,,1,abs00054
1,,2,0,,1,abs00055
1,6,,0,,1,abs00056
1,2 3 6,,,,1,abs00057
0,,,,,1,abs00058
0,,,,,1,abs00059
1,5 6,2,,,0,abs00060
1,6,2,0,,0,abs00061
1,4,,0,,1,abs00062
1,6,2,0,,0,abs00063
1,6,2,,,0,abs00064
1,1 2,,7,1,0,abs00065
1,5,0,0,,0,abs00066
1,1 2,2,7 15,,0,abs00067
1,6,,0,,1,abs00068
1,0,,0,,0,abs00069
1,5 6,,0,1,1,abs00070
1,2,,,,1,abs00071
1,1 2 6,,40,1,1,abs00072
1,3 6,,0,,1,abs00073
1,1 2,,7 26,1,1,abs00074
0,,,,,1,abs00075
1,3,2,0,,1,abs00076
1,6,2,0,,0,abs00077
1,6,,,1,1,abs00078
1,3,,0,1,1,abs00079
1,6,,0,,1,abs00080
1,4 5,1,0,1,1,abs00081
1,6,,0,1,1,abs00082
1,3,,0,,0,abs00083
1,2,,,,1,abs00084
1,6,,0,,1,abs00085
1,3,,0,1,1,abs00086
1,3,,21,,1,abs00087
0,,,,,1,abs00088
0,,,,,1,abs00089
0,,,,,1,abs00090
0,,,,,1,abs00091
1,,,0,,1,abs00092
1,6,,0,,1,abs00093
1,,,0,1,1,abs00094
1,3,,0,,0,abs00095
1,1 4 5 6,,,,1,abs00096
1,,2,0,,1,abs00097
1,,,0,,0,abs00098
0,,,,,1,abs00099
1,,,0,,1,abs00100
1,4,2,0,,1,abs00101
1,4 5,,,,0,abs00102
1,1 2,,,,0,abs00103
1,6,,0,,1,abs00104
1,2,,,,1,abs00105
1,4 5 6,,0,,1,abs00106
0,,,,,1,abs00107
1,6,,0,,0,abs00108
1,,1,,,1,abs00109
1,2,,12,,1,abs00110
1,,,0,,1,abs00111
1,,,0,,0,abs00112
1,2,,,1,1,abs00113
0,,,,,0,abs00114
0,,,,,1,abs00115
1,,1,0,,1,abs00116
1,,,0,,1,abs00117
0,,,,,1,abs00118
0,,,,,1,abs00119
1,3,2,0,1,0,abs00120
1,6,,0,,1,abs00121
1,3,,,,1,abs00122
1,5 6,,,,0,abs00123
1,5 6,,0,,0,abs00124
0,,,,,1,abs00125
1,6,,0,,1,abs00126
1,6,,0,,1,abs00127
1,0,0,0,,1,abs00128
0,,,,,1,abs00129
1,3,2,0,1,1,abs00130
0,,,,,1,abs00131
1,7,2,0,,0,abs00132
1,3,2,,1,1,abs00133
1,,2,,,0,abs00134
0,,,,,1,abs00135
1,2,,,,1,abs00136
0,,,,,0,abs00137
1,3,,0,,1,abs00138
1,,2,,,1,abs00139
0,,,,,1,abs00140
1,6,,0,,1,abs00141
0,,,,,0,abs00142
1,4,2,0,,1,abs00143
1,1 2,,22,1,1,abs00144
1,2,,26,,1,abs00145
1,6,,,,1,abs00146
1,3,,0,,1,abs00147
1,3 6,,,1,1,abs00148
1,1 2,,,,1,abs00149
1,6,,,,1,abs00150
1,3,2,0,,1,abs00151
1,6,,0,,1,abs00152
1,2,,,,1,abs00153
1,6,2,0,,0,abs00154
1,6,,,,1,abs00155
1,5,,0,,0,abs00156
0,,,,,1,abs00157
1,6,,0,,0,abs00158
0,,,,,1,abs00159
1,,2,0,,0,abs00160
1,5 6,1,0,,1,abs00161
0,,,,,1,abs00162
1,1 2,,,,1,abs00163
1,6,1,0,,0,abs00164
1,3,,0,1,1,abs00165
0,,,,,1,abs00166
1,2,,,,1,abs00167
1,3,2,,1,1,abs00168
1,0,,0,,1,abs00169
0,,,,,1,abs00170
1,6,2,0,,0,abs00171
0,,,,,1,abs00172
1,1 4,,,1,1,abs00173
0,,,,,1,abs00174
1,6,,,,1,abs00175
1,1 2,2,7,,1,abs00176
1,,,0,,1,abs00177
1,3,2,7,,0,abs00178
1,2,,,,1,abs00179
0,,,,,1,abs00180
1,4,2,0,,1,abs00181
1,2,,,,1,abs00182
0,,,,,1,abs00183
1,2,2,,,1,abs00184
1,0,,0,,1,abs00185
1,6,,0,,0,abs00186
0,,,,,1,abs00187
1,2,,0,,1,abs00188
1,,2,0,,0,abs00189
0,,,,,1,abs00190
0,,,,,1,abs00191
1,2 3 6,,,,0,abs00192
1,,2,0,,1,abs00193
0,,,,,1,abs00194
1,4,2,0,,0,abs00195
1,2,,,,0,abs00196
1,3,,,,1,abs00197
0,,,,,0,abs00198
1,2,,,,1,abs00199
1,6,,0,,0,abs00200
1,2 3,2,,1,1,abs00201
1,2,2,,,1,abs00202
1,3,,0,1,1,abs00203
1,3,,,,0,abs00204
0,,,,,1,abs00205
0,,,,,0,abs00206
1,4 5,1,,,0,abs00207
1,6,,0,,1,abs00208
1,2,,5,,1,abs00209
1,1 2,,7,,1,abs00210
1,6,,0,,1,abs00211
0,,,,,1,abs00212
1,3,,0,1,1,abs00213
1,6,,,,1,abs00214
0,,,,,0,abs00215
1,6,,0,,1,abs00216
1,7,2,,1,1,abs00217
1,,,0,,1,abs00218
1,2 3,,7,,1,abs00219
1,3,,0,,1,abs00220
1,3,,0,,1,abs00221
0,,,,,0,abs00222
1,6,,0,,0,abs00223
1,6,,0,,0,abs00224
1,4 5,,0,,0,abs00225
1,6,,0,,0,abs00226
1,,,,,1,abs00227
1,6,,0,,0,abs00228
0,,,,,0,abs00229
1,3,,0,,1,abs00230
1,6,,0,,1,abs00231
0,,,,,1,abs00232
1,3,,0,,1,abs00233
1,4 5,1,0,,0,abs00234
1,1 2,,14 26,,1,abs00235
1,5 6,1,0,,0,abs00236
1,6,2,0,,1,abs00237
1,1 2,2,,,0,abs00238
1,2,1,,,1,abs00239
1,2,,,,1,abs00240
1,3,2,0,,1,abs00241
0,,,,,0,abs00242
0,,,,,1,abs00243
0,,,,,1,abs00244
1,4 5,,0,,0,abs00245
1,3,,0,,1,abs00246
1,3,,0,,0,abs00247
0,,,,,0,abs00248
1,5,,0,1,1,abs00249
1,3,,0,1,1,abs00250
1,5,,0,,0,abs00251
1,0,,0,,1,abs00252
0,,,,,1,abs00253
1,2,,0,,1,abs00254
1,3,,0,,0,abs00255
1,3,,0,,0,abs00256
1,0,,0,,1,abs00257
0,,,,,1,abs00258
0,,,,,1,abs00259
0,,,,,1,abs00260
1,3,,0,,0,abs00261
1,3,,,1,0,abs00262
1,6,,0,,1,abs00263
1,5,2,0,,0,abs00264
1,6,,0,,0,abs00265
1,3,,0,1,1,abs00266
1,6,,,,0,abs00267
1,6,,,,0,abs00268
1,5,,0,,0,abs00269
1,6,,,,1,abs00270
0,,,,,0,abs00271
1,6,,,,1,abs00272
1,6,,0,,1,abs00273
0,,,,,0,abs00274
1,6,,0,,0,abs00275
0,,,,,0,abs00276
1,5,,0,1,1,abs00277
1,1 2,,,,1,abs00278
1,2 3,,,1,1,abs00279
1,6,,0,,1,abs00280
1,6,,,,1,abs00281
1,5,1,0,,0,abs00282
0,,,,,1,abs00283
1,4 5 6,2,0,,0,abs00284
1,7,,0,,1,abs00285
0,,,,,0,abs00286
0,,,,,1,abs00287
1,4 5 6 7,2,0,,1,abs00288
1,3,,0,,0,abs00289
1,5,,0,,0,abs00290
1,6,2,0,,0,abs00291
1,5,,0,1,1,abs00292
1,1 2,2,26,1,1,abs00293
1,7,,0,,0,abs00294
0,,,26,,1,abs00295
1,3,,0,,0,abs00296
1,5 6,2,0,,0,abs00297
1,3,,0,1,1,abs00298
1,,2,0,,1,abs00299
1,2,2,11,,1,abs00300
1,5 6,2,0,,0,abs00301
1,3,,0,1,1,abs00302
1,3,,0,1,1,abs00303
1,5,,0,1,1,abs00304
0,,,,,0,abs00305
1,6,,,,1,abs00306
0,,,,,0,abs00307
1,6,2,0,,0,abs00308
1,3 6,,,1,1,abs00309
1,6,1,0,1,1,abs00310
1,3,,0,,1,abs00311
1,5 6,,0,,1,abs00312
1,3,2,0,,1,abs00313
0,,,,,1,abs00314
1,1 2,2,7,,1,abs00315
1,6,,0,,0,abs00316
1,,,,,1,abs00317
1,1 2,,26,1,1,abs00318
1,1 2,,,,0,abs00319
0,,,,,0,abs00320
0,,,,,1,abs00321
1,6,,0,,0,abs00322
1,1 2,2,0,,0,abs00323
1,,,,,1,abs00324
0,,,,,0,abs00325
1,1 2,1,15,,0,abs00326
1,6,,0,,0,abs00327
1,3,,,1,1,abs00328
1,6,,,,0,abs00329
1,6,,0,,1,abs00330
1,2,,,,1,abs00331
1,3,,0,1,1,abs00332
1,3,2,0,,1,abs00333
0,,,,,1,abs00334
1,6,1,0,1,1,abs00335
0,,,,,1,abs00336
0,,,,1,1,abs00337
1,,2,,,0,abs00338
0,,,,,1,abs00339
1,2,,23 24,,1,abs00340
0,,,,,1,abs00341
0,,,,,1,abs00342
1,3,,0,,1,abs00343
0,,,,,1,abs00344
1,,,,,1,abs00345
0,,,,,1,abs00346
1,6,,0,,1,abs00347
0,,,,,1,abs00348
1,,2,,,1,abs00349
1,1 2,1,26,,0,abs00350
1,2,2,,,1,abs00351
1,6,,0,1,1,abs00352
1,6,,0,,1,abs00353
1,3,,0,,1,abs00354
0,,,,,1,abs00355
1,6,,0,,0,abs00356
1,2,,0,,1,abs00357
0,,,,,1,abs00358
1,1 2,,,1,0,abs00359
0,,,,,1,abs00360
1,6,1,,,0,abs00361
1,5 6,,0,,0,abs00362
0,,,,,1,abs00363
1,6,,0,,1,abs00364
1,3,,0,1,1,abs00365
1,3 6,1,0,,0,abs00366
1,6,2,,,0,abs00367
1,7,,0,,0,abs00368
1,6,,,,1,abs00369
1,7,,0,1,1,abs00370
1,1 2,,22,,0,abs00371
0,,,,,1,abs00372
1,2,2,,1,1,abs00373
1,6,,0,,0,abs00374
0,,,,,0,abs00375
1,0,,0,,1,abs00376
1,,2,,,1,abs00377
1,6,2,0,,0,abs00378
1,2,,0,,1,abs00379
1,6,,0,,1,abs00380
1,5,,0,,1,abs00381
1,6,,0,,1,abs00382
1,5 6,,0,,0,abs00383
1,3,,0,,0,abs00384
1,6,,,,1,abs00385
1,6 7,,0,,1,abs00386
1,2,2,0,,1,abs00387
0,,,,,1,abs00388
0,,,,,1,abs00389
1,6,,0,,0,abs00390
1,4 5,2,0,,0,abs00391
1,2 3,,,,0,abs00392
1,2,,,,1,abs00393
1,6,,0,,0,abs00394
1,6,,0,,0,abs00395
1,6,2,0,,1,abs00396
0,,,,,1,abs00397
1,,,0,,1,abs00398
1,6,,0,,1,abs00399
1,6,,0,,0,abs00400
1,6,,,,1,abs00401
1,6,,0,,0,abs00402
1,6,,0,,0,abs00403
1,3,,0,,1,abs00404
1,5 6,,,,1,abs00405
1,3,2,0,,1,abs00406
0,,,,,1,abs00407
1,,,,,0,abs00408
0,,,,,1,abs00409
1,2,2,,,0,abs00410
1,3,,0,,1,abs00411
1,6,,0,,1,abs00412
1,2,,,,1,abs00413
1,6,,0,,1,abs00414
1,4,,,,1,abs00415
1,0,,0,,0,abs00416
1,5 6,2,0,,0,abs00417
1,2 3 6,2,0,1,1,abs00418
0,,,,1,1,abs00419
1,2,,,,1,abs00420
1,3,,,1,1,abs00421
0,,,,,1,abs00422
1,3,1,,,0,abs00423
0,,,,,1,abs00424
1,3,1,0,,0,abs00425
1,1 2,2,34,,1,abs00426
1,3 5 6,,,,0,abs00427
1,1 2,,,,0,abs00428
1,6,2,0,,0,abs00429
1,2,,,,1,abs00430
1,5,,0,,0,abs00431
1,6,,0,,1,abs00432
1,3,2,0,,1,abs00433
1,2,2,,,1,abs00434
1,6,,0,,0,abs00435
1,1 2,,,1,0,abs00436
1,6,2,0,,0,abs00437
1,6,2,0,1,1,abs00438
1,6,1,,,1,abs00439
1,,,0,,1,abs00440
1,6,2,,,0,abs00441
0,,,,,1,abs00442
1,6 7,,0,,0,abs00443
1,6,,,,0,abs00444
1,6,1,0,,1,abs00445
1,3,,0,,1,abs00446
1,3,,0,,1,abs00447
1,6 7,2,0,,1,abs00448
1,1 2,,40,,1,abs00449
1,1 2 3,,,,0,abs00450
0,,,12,1,1,abs00451
0,,,,1,1,abs00452
1,6,,0,,1,abs00453
1,3,,0,1,1,abs00454
1,2,,,,1,abs00455
0,,,,,1,abs00456
0,,,,1,0,abs00457
1,5 6,,0,,0,abs00458
1,7,,0,,1,abs00459
0,,,,,0,abs00460
1,2,,,,1,abs00461
1,2,,,,1,abs00462
0,,,,,1,abs00463
1,2 3,,15,,1,abs00464
0,,,,,0,abs00465
1,3,,,1,1,abs00466
1,0,2,0,,1,abs00467
0,,,,,1,abs00468
1,6,1,,,0,abs00469
1,,,0,,1,abs00470
1,6,2,0,,0,abs00471
0,,,,,1,abs00472
0,,,,,1,abs00473
0,,,,,0,abs00474
1,2,,,,1,abs00475
1,3,2,0,,1,abs00476
1,4,,,,0,abs00477
1,2,,11 12,,0,abs00478
1,,2,0,,1,abs00479
0,,,,,1,abs00480
1,1 2,,,,1,abs00481
1,4 5 6,,0,,0,abs00482
1,1 2,,22,,0,abs00483
1,7,2,0,,0,abs00484
1,2,,0,,1,abs00485
1,2,,24,,1,abs00486
1,2,,,,1,abs00487
1,2,2,23,,1,abs00488
1,0,,0,,0,abs00489
0,,,,,0,abs00490
0,,,,,1,abs00491
1,,2,0,,0,abs00492
0,,,,,1,abs00493
1,2,,26,,1,abs00494
1,2,,,,1,abs00495
0,,,,,0,abs00496
1,3,1,,,1,abs00497
1,,,,,1,abs00498
1,,,,,1,abs00499
1,,,,,1,abs00500
1,4 5,2,0,1,1,abs00501
1,3,,0,,1,abs00502
1,6,1,0,,0,abs00503
1,6,,0,,1,abs00504
1,6,2,,,1,abs00505
1,2,,12,,1,abs00506
1,2,,13,,0,abs00507
1,2,,26,,1,abs00508
1,6,,0,,0,abs00509
0,,,,,1,abs00510
1,3,2,0,1,1,abs00511
0,,,,,0,abs00512
1,6,,0,,0,abs00513
1,5 6,,,,0,abs00514
1,2,,,,1,abs00515
0,,,,,1,abs00516
1,3,,0,,1,abs00517
1,2,2,,,1,abs00518
1,7,2,0,,1,abs00519
1,,2,,,1,abs00520
1,3,,0,,0,abs00521
1,2,,,,1,abs00522
1,6,,0,,1,abs00523
1,,2,0,,0,abs00524
1,4,,0,,1,abs00525
1,2 3,,,,0,abs00526
1,4 5 6 7,,0,,1,abs00527
0,,,,,1,abs00528
1,3,,0,,1,abs00529
1,6,,0,,1,abs00530
1,3,,0,,1,abs00531
1,5,,0,,1,abs00532
1,2,2,0,,0,abs00533
0,,,,,1,abs00534
1,,2,0,,0,abs00535
0,,,,,1,abs00536
1,6,,0,,0,abs00537
1,1 2,,26,,0,abs00538
1,5,,0,,0,abs00539
1,6,2,0,,0,abs00540
1,3,,0,,1,abs00541
0,,,,,0,abs00542
1,,,,,1,abs00543
0,,,,,1,abs00544
1,2,,,,0,abs00545
1,4 5 6,,,,0,abs00546
1,,,,,1,abs00547
0,,,,,0,abs00548
1,2,1,11,,1,abs00549
1,6,,0,,1,abs00550
1,,,,,1,abs00551
0,,,,,0,abs00552
0,,,,,0,abs00553
1,0,,0,,1,abs00554
0,,,,,1,abs00555
1,5 6,1,0,,0,abs00556
1,6,,,,1,abs00557
0,,,,,1,abs00558
0,,,,,0,abs00559
1,1 2,2,8,,1,abs00560
1,6,,,,0,abs00561
1,6 7,,0,,0,abs00562
1,1 2,,26,,1,abs00563
1,6,2,0,,0,abs00564
0,,,,,1,abs00565
1,3,,0,1,1,abs00566
0,,,,,0,abs00567
1,1 2,2,,,1,abs00568
0,,,,,1,abs00569
0,,,,,0,abs00570
1,6,,0,,1,abs00571
1,1 2,2,7,,0,abs00572
1,6,,0,,0,abs00573
0,,,,,1,abs00574
1,4 5,,,,0,abs00575
1,6,,,,0,abs00576
1,5,1,0,,0,abs00577
1,5 6,,0,,0,abs00578
0,,,,,1,abs00579
1,,2,0,,0,abs00580
1,6,2,0,,0,abs00581
1,6,,0,,1,abs00582
1,5 6,2,0,,1,abs00583
1,2,2,,,1,abs00584
0,,,,,1,abs00585
0,,,,,1,abs00586
0,,,,,1,abs00587
1,3,1,0,,0,abs00588
1,5,,0,,0,abs00589
1,6,,,,1,abs00590
1,6,,0,,0,abs00591
1,3,2,0,,1,abs00592
1,6,1,0,,0,abs00593
1,,,,,1,abs00594
1,5,1,0,,0,abs00595
1,5 6,,,,0,abs00596
1,6,2,0,,1,abs00597
1,5,,0,,0,abs00598
1,1 2 3,,7,1,1,abs00599
1,,2,0,,1,abs00600
0,,,,,1,abs00601
1,4 5,,0,,0,abs00602
1,7,,0,,0,abs00603
1,6,1,,,1,abs00604
1,3,2,0,1,1,abs00605
1,6,2,0,,1,abs00606
1,2,,0,,1,abs00607
1,2,2,,,1,abs00608
1,2,2,0,,1,abs00609
1,6,,0,,0,abs00610
1,1 2,2,22,,1,abs00611
0,,,,,0,abs00612
1,6,2,0,,1,abs00613
1,2 3 6,,,1,1,abs00614
1,1 2,,22,,1,abs00615
1,6 7,2,0,,1,abs00616
1,2,,,,1,abs00617
1,6,,0,,1,abs00618
1,6,,0,1,1,abs00619
1,2,2,,,0,abs00620
1,7,,0,,0,abs00621
0,,,,,0,abs00622
0,,,,,1,abs00623
0,,,,,0,abs00624
0,,,,,1,abs00625
1,2,2,,,1,abs00626
1,6,,0,,1,abs00627
1,6,2,0,,1,abs00628
1,2,,0,,1,abs00629
1,6,,0,,0,abs00630
0,,,,,1,abs00631
0,,,,,0,abs00632
0,,,,,0,abs00633
1,2,2,26,,1,abs00634
1,6,,0,,0,abs00635
1,6,,0,,0,abs00636
1,3,,0,1,1,abs00637
1,3,,,,0,abs00638
0,,,,,1,abs00639
1,6,,0,,0,abs00640
1,6,2,0,,1,abs00641
1,3,,0,1,1,abs00642
1,2,2,,,0,abs00643
1,2,,,,1,abs00644
1,6,,,,1,abs00645
1,6,,0,,0,abs00646
1,4 6,,,,0,abs00647
0,,,,,1,abs00648
1,6,,,,0,abs00649
1,,,0,,1,abs00650
1,6,,,,1,abs00651
1,2,,,,1,abs00652
1,1 2,,14 22,,1,abs00653
1,6,,0,,0,abs00654
0,,,,,1,abs00655
0,,,,,1,abs00656
1,6,,0,,1,abs00657
1,6,,0,,0,abs00658
1,1 2,,26,,1,abs00659
1,1 2 3,,7,,0,abs00660
0,,,,,1,abs00661
1,5 6,,0,,0,abs00662
1,6,,0,,0,abs00663
1,1 3,,,1,1,abs00664
1,3,,0,1,1,abs00665
1,,2,,,1,abs00666
1,3,,0,1,1,abs00667
1,5 6,1,,,0,abs00668
1,6,,0,,1,abs00669
1,1 2,,,,0,abs00670
1,,2,,,1,abs00671
1,6,,0,,1,abs00672
1,3,,0,1,1,abs00673
1,6,1,0,,1,abs00674
1,2,2,,,1,abs00675
1,0,,0,,1,abs00676
0,,,,,1,abs00677
1,6,,0,1,1,abs00678
1,6,,,,0,abs00679
1,6,,0,,1,abs00680
1,2,,,,1,abs00681
1,2,,,,1,abs00682
1,1 2 3,,,,1,abs00683
1,6,,,,1,abs00684
0,,,,,1,abs00685
1,3,,0,1,1,abs00686
0,,,,,0,abs00687
0,,,,,1,abs00688
1,3,,0,,1,abs00689
1,2 3,,,,1,abs00690
1,5,,,,0,abs00691
1,6,2,0,,1,abs00692
1,3,2,0,1,1,abs00693
1,6,,0,,1,abs00694
1,1 2,,,,0,abs00695
0,,,,,0,abs00696
1,,,,,0,abs00697
0,,,,,1,abs00698
1,3,2,0,,1,abs00699
1,4 5,2,0,,1,abs00700
1,6,,,,1,abs00701
0,,,,,0,abs00702
1,6 7,,0,,1,abs00703
1,3,2,0,,0,abs00704
1,2,,,,1,abs00705
0,,,,,1,abs00706
0,,,,,1,abs00707
1,2,2,,,1,abs00708
1,6,1,0,,1,abs00709
1,2,,26,,1,abs00710
1,3,2,0,,1,abs00711
1,,2,,,0,abs00712
1,0,,,,1,abs00713
1,2,,0,,1,abs00714
1,,2,,,1,abs00715
0,,,,,1,abs00716
1,6,,0,,0,abs00717
1,6,2,0,,1,abs00718
1,3,2,0,1,1,abs00719
1,2,2,,,1,abs00720
0,,,,,1,abs00721
0,,,,,1,abs00722
0,,,,,1,abs00723
1,6,,,,1,abs00724
1,6,2,0,,1,abs00725
1,6,,0,,0,abs00726
1,3,1,0,1,1,abs00727
1,2,,,,1,abs00728
1,,2,,,0,abs00729
1,4 5,,0,,0,abs00730
0,,,,,0,abs00731
1,2,1,12,,1,abs00732
0,,,,,1,abs00733
0,,,,,1,abs00734
1,,,,,1,abs00735
1,6,,,,0,abs00736
1,5 6,,0,,0,abs00737
0,,,,,0,abs00738
1,2,2,0,,1,abs00739
1,,,,,1,abs00740
0,,,,,0,abs00741
1,4 5 6,,,,1,abs00742
1,4 5 6,,,,1,abs00743
1,0,,0,,1,abs00744
0,,,,,1,abs00745
1,5,1,0,,0,abs00746
1,,,,,1,abs00747
1,5 6,,0,,0,abs00748
0,,,,,0,abs00749
1,3,2,0,1,1,abs00750
0,,,,,1,abs00751
1,5,,0,,0,abs00752
1,5 6,,,,0,abs00753
0,,,,,0,abs00754
0,,,,,1,abs00755
0,,,,,1,abs00756
1,0,2,0,,0,abs00757
0,,,,,0,abs00758
0,,,,,0,abs00759
1,3,,0,1,1,abs00760
0,,,,,1,abs00761
0,,,,,1,abs00762
0,,,,,1,abs00763
1,3,2,0,1,1,abs00764
0,,,,,1,abs00765
1,6,1,,,1,abs00766
0,,,,,1,abs00767
1,2,,12,,1,abs00768
0,,,,1,0,abs00769
1,3,,,,1,abs00770
1,3,,0,,0,abs00771
1,3,1,0,,0,abs00772
1,2,,,,1,abs00773
0,,,,,1,abs00774
1,4,,,,0,abs00775
1,3,,0,,1,abs00776
1,3,,,,1,abs00777
1,3,2,,,1,abs00778
0,,,,,0,abs00779
0,,,,,1,abs00780
1,2,,7,,0,abs00781
1,3,,,,0,abs00782
1,0,2,0,,0,abs00783
0,,,,,0,abs00784
1,3,2,0,,0,abs00785
1,6,,0,,1,abs00786
0,,,,,0,abs00787
1,0,,0,,0,abs00788
0,,,,,0,abs00789
1,,2,0,,1,abs00790
0,,,,,0,abs00791
1,3,,0,,0,abs00792
0,,,,,1,abs00793
0,,,,1,1,abs00794
1,1 2,,40,,1,abs00795
1,1 2,,,,1,abs00796
1,2,2,,,1,abs00797
1,3,,0,1,1,abs00798
0,,,,,1,abs00799
1,2,2,0,,1,abs00800
0,,,,,1,abs00801
1,6,1,0,,1,abs00802
1,,2,,,0,abs00803
1,3,,0,1,1,abs00804
0,,,,,1,abs00805
1,,2,,,1,abs00806
1,6,,0,,1,abs00807
1,,2,,,1,abs00808
1,5,,,,1,abs00809
1,3,,,,1,abs00810
1,3,,0,,0,abs00811
1,1 2,,,1,0,abs00812
0,,,,,1,abs00813
1,1 2,,,,0,abs00814
1,6,,0,,0,abs00815
1,6,,0,,1,abs00816
1,6,2,0,,0,abs00817
1,6,,,,1,abs00818
1,5,,,,1,abs00819
1,2,2,,,0,abs00820
1,2,,,,1,abs00821
1,2 3,,16,1,1,abs00822
1,,1,,,1,abs00823
1,,,,,1,abs00824
1,6,,0,,0,abs00825
1,5,,0,,0,abs00826
1,4 5,,0,,0,abs00827
1,4 5 6,,0,,0,abs00828
1,3,,0,,1,abs00829
1,3,,0,,1,abs00830
1,,,,,1,abs00831
1,6,2,0,,0,abs00832
1,2,,23,,1,abs00833
1,2,,,,0,abs00834
0,,,,,1,abs00835
1,,,0,,0,abs00836
1,6,2,0,1,1,abs00837
1,3,,,,1,abs00838
1,5 6,,0,,0,abs00839
0,,,,,1,abs00840
0,,,,,0,abs00841
1,,2,0,,1,abs00842
1,,,0,,1,abs00843
1,6,,0,,1,abs00844
1,5,,0,,0,abs00845
0,,,,,1,abs00846
1,6,2,0,,0,abs00847
0,,,,,0,abs00848
0,,,,,1,abs00849
0,,,,,1,abs00850
1,,2,0,,1,abs00851
1,1 2,,22,1,0,abs00852
1,4,,,,1,abs00853
0,,,,,1,abs00854
1,1 2,2,14 22,,1,abs00855
1,1 2,,8,,1,abs00856
1,6,2,0,,0,abs00857
1,1 2 3,,34,,1,abs00858
1,2,1,24,,1,abs00859
1,3,,0,,1,abs00860
1,,,,,0,abs00861
1,6 7,2,,,0,abs00862
1,5 6,,12,,0,abs00863
1,,,,,0,abs00864
1,3,,0,,0,abs00865
1,3,,0,1,1,abs00866
0,,,,,1,abs00867
1,3,2,0,1,1,abs00868
1,2,,0,,1,abs00869
0,,,,,1,abs00870
1,3,1,0,,0,abs00871
1,3,,0,,1,abs00872
0,,,,,1,abs00873
1,6,2,0,,1,abs00874
1,3,2,0,1,1,abs00875
1,6,,0,,0,abs00876
1,6,1,0,,0,abs00877
1,1 2,2,,,0,abs00878
1,6,,0,,0,abs00879
1,2 3 4 5 6,,,,0,abs00880
1,4 5 6,,0,1,1,abs00881
0,,,,,0,abs00882
0,,,,,1,abs00883
1,,2,0,,1,abs00884
1,6,,0,,1,abs00885
1,6,,0,,0,abs00886
1,2,,,,1,abs00887
1,6,2,0,,0,abs00888
1,,2,,,1,abs00889
1,2,2,26,,0,abs00890
0,,,,,1,abs00891
1,,2,,,1,abs00892
1,,2,,,1,abs00893
1,5,1,0,,1,abs00894
0,,,,,1,abs00895
0,,,,,1,abs00896
1,2,,12,1,1,abs00897
0,,,,,0,abs00898
1,2,,12,,1,abs00899
1,3,,,1,1,abs00900
1,2 3,,,,1,abs00901
1,6,,0,,0,abs00902
1,3,,,1,0,abs00903
1,6,2,0,,0,abs00904
1,2,,,,1,abs00905
0,,,,,1,abs00906
1,5 6,,,,0,abs00907
1,3,,0,1,1,abs00908
1,3,1,0,1,1,abs00909
1,,,,,1,abs00910
1,1 2,2,,,0,abs00911
1,1 2,,22,,1,abs00912
1,3,,0,1,1,abs00913
0,,,,1,1,abs00914
1,6,,0,,0,abs00915
1,3,,0,,1,abs00916
1,3,,0,,0,abs00917
1,1 2,,,1,1,abs00918
1,2,,,,0,abs00919
0,,,,,0,abs00920
1,6,2,,,1,abs00921
1,,2,,,1,abs00922
1,1 2,,26,,1,abs00923
1,3,1,,,0,abs00924
1,,2,0,,0,abs00925
1,4 5,2,0,,1,abs00926
1,3,2,0,,0,abs00927
0,,,,,1,abs00928
1,2,,,1,1,abs00929
1,,,,,1,abs00930
1,2,2,0,,1,abs00931
0,,,,,1,abs00932
1,2,,0,,0,abs00933
1,3,2,0,,0,abs00934
0,,,,,1,abs00935
1,2,1,,,1,abs00936
1,3,,,,1,abs00937
0,,,,,1,abs00938
1,1 2,,,,0,abs00939
1,6,2,0,,0,abs00940
1,4,,,,1,abs00941
1,1 2 5 6,,,1,0,abs00942
0,,,,,0,abs00943
1,6,,0,,1,abs00944
1,,2,,,1,abs00945
1,,2,0,,1,abs00946
0,,,,,1,abs00947
1,6,1,0,,1,abs00948
1,6,,0,,1,abs00949
1,5 6,,0,,1,abs00950
1,,2,0,,0,abs00951
0,,,,,1,abs00952
1,6,2,0,,1,abs00953
1,2 3,2,0,,1,abs00954
0,,,,,0,abs00955
0,,,,,0,abs00956
1,6,,,,1,abs00957
1,3 7,1,0,1,1,abs00958
1,1 2,,,,1,abs00959
1,1 2,2,,1,1,abs00960
1,3,2,0,1,1,abs00961
1,5,1,0,,0,abs00962
0,,,,1,1,abs00963
1,6,,0,,1,abs00964
1,,2,0,,0,abs00965
0,,,,,1,abs00966
1,5,,0,,1,abs00967
1,3,,,,1,abs00968
0,,,,,1,abs00969
1,6,,3,,1,abs00970
1,3,2,,,0,abs00971
0,,,,,1,abs00972
1,6,,0,,1,abs00973
1,2 3,2,,,1,abs00974
1,6,,0,,1,abs00975
1,,2,,,1,abs00976
1,6,,0,,1,abs00977
1,6,,0,,1,abs00978
1,4,1,,,1,abs00979
0,,,,,1,abs00980
1,4 5,,0,,0,abs00981
1,3,2,0,,1,abs00982
0,,,,,0,abs00983
1,7,,,,1,abs00984
0,,,,,1,abs00985
0,,,,,0,abs00986
0,,,,,1,abs00987
1,3 7,1,,,1,abs00988
1,2,2,11,,0,abs00989
0,,,,,0,abs00990
1,3,,0,1,1,abs00991
1,5,,0,,0,abs00992
1,4,,,,0,abs00993
1,,2,0,,1,abs00994
0,,,,,1,abs00995
1,,2,,,1,abs00996
1,6,1,0,,1,abs00997
1,3,,0,1,1,abs00998
1,6,,0,,1,abs00999
1,3,,,1,1,abs01000
1,2 3,,,,1,abs01001
1,5,,0,,1,abs01002
1,6,,0,,1,abs01003
1,6,,0,,0,abs01004
1,5,,0,,0,abs01005
1,6,,0,,0,abs01006
1,5,,0,,0,abs01007
1,7,,0,,0,abs01008
1,1 2,,26,,1,abs01009
0,,,,,1,abs01010
0,,,,,1,abs01011
1,5,2,0,,0,abs01012
1,3,,0,,0,abs01013
1,0,,0,,1,abs01014
1,1 2,2,26,,1,abs01015
0,,,,,1,abs01016
0,,,,,1,abs01017
1,2,2,,,1,abs01018
1,3 5 6,,0,,0,abs01019
0,,,,,1,abs01020
1,6,,0,,1,abs01021
0,,,,,1,abs01022
1,2,,0,,1,abs01023
1,2 7,,12,,1,abs01024
1,1 2,2,,,0,abs01025
0,,,,0,1,abs01026
0,,,,,1,abs01027
1,5 6,1,0,,0,abs01028
1,5 6,,0,,0,abs01029
1,6,2,0,,0,abs01030
1,5,,0,,0,abs01031
1,6,,0,,0,abs01032
1,4 6,2,0,1,1,abs01033
1,5 6,,0,,0,abs01034
0,,,,,1,abs01035
1,6,,0,,1,abs01036
1,6,,,,1,abs01037
1,1 2,2,,,1,abs01038
0,,,,,0,abs01039
1,3,,0,,1,abs01040
0,,,,,0,abs01041
1,1 2,,14,,0,abs01042
1,3,,0,,0,abs01043
1,2 6,,7,,1,abs01044
1,,,0,1,1,abs01045
1,2,,,,1,abs01046
0,,,,1,0,abs01047
1,2,,,,1,abs01048
1,5 6,2,0,,0,abs01049
0,,,,,1,abs01050
1,3,,0,,0,abs01051
1,6,2,0,,0,abs01052
0,,,,,1,abs01053
1,,2,,,1,abs01054
1,0,,0,,1,abs01055
0,,,,,1,abs01056
0,,,,1,1,abs01057
1,6,,0,,0,abs01058
1,2,2,,,1,abs01059
1,3,,0,,1,abs01060
0,,,,,1,abs01061
0,,,,,1,abs01062
0,,,,,1,abs01063
1,6,2,0,,1,abs01064
1,6,,,,1,abs01065
1,6 7,,0,,0,abs01066
0,,,,,1,abs01067
1,6,,0,,0,abs01068
1,3,,,,0,abs01069
1,6,,0,,1,abs01070
1,2,,,,1,abs01071
1,,2,,,1,abs01072
0,,,,,0,abs01073
1,,,,,1,abs01074
1,6,,,,1,abs01075
1,1 2,,7 22,,1,abs01076
0,,,,,1,abs01077
1,7,,0,,1,abs01078
1,2,,,,1,abs01079
0,,,,,1,abs01080
1,,,,,1,abs01081
0,,,,,1,abs01082
1,5 6,,11,,1,abs01083
1,6,2,0,,1,abs01084
1,3,,0,,1,abs01085
1,1 2,,22,,0,abs01086
0,,,,,1,abs01087
1,0,,0,,0,abs01088
1,6,,0,,1,abs01089
0,,,,,1,abs01090
1,4,2,0,,0,abs01091
1,5 6,,0,,0,abs01092
1,2,,,1,1,abs01093
1,2,,,,0,abs01094
1,5,1,0,,0,abs01095
1,1 2,,,1,0,abs01096
1,2,2,,,1,abs01097
1,6,,0,,1,abs01098
0,,,,,0,abs01099
1,1 2,,22,,0,abs01100
1,6,,0,,1,abs01101
1,3,,0,,0,abs01102
0,,,,,1,abs01103
1,1 2,,,,1,abs01104
1,,,0,,1,abs01105
1,3,1,0,1,1,abs01106
1,6,2,0,,1,abs01107
1,,,0,,1,abs01108
0,,,,,1,abs01109
0,,,,,1,abs01110
1,6,,0,,1,abs01111
1,6,2,,,0,abs01112
0,,,,,0,abs01113
1,,,,,1,abs01114
1,0,,0,,1,abs01115
1,6,2,0,1,1,abs01116
0,,,,0,1,abs01117
1,3,,0,,0,abs01118
1,4 5,,0,1,1,abs01119
1,2,,,,1,abs01120
1,6,,0,,1,abs01121
1,3 7,,0,,1,abs01122
1,6,,0,,0,abs01123
1,1 2,,,1,1,abs01124
1,2,,26,,0,abs01125
0,,,,,1,abs01126
1,5,,0,,0,abs01127
1,,,,,1,abs01128
1,4 5 6,,0,,1,abs01129
1,2,,,1,1,abs01130
1,2,,0,1,1,abs01131
1,1 2,2,7 26,,1,abs01132
1,1 2,,26,1,1,abs01133
0,,,,,1,abs01134
1,6,,0,,1,abs01135
1,6,,0,,0,abs01136
1,,,,,0,abs01137
1,3,,0,,0,abs01138
1,6,,0,,1,abs01139
1,6,,0,,0,abs01140
1,2,,,,1,abs01141
0,,,,,0,abs01142
1,3,2,0,1,1,abs01143
0,,,,,1,abs01144
1,,,,,1,abs01145
0,,,,,1,abs01146
1,3,,0,1,1,abs01147
0,,,,,1,abs01148
1,2,,,,1,abs01149
0,,,,,0,abs01150
1,2 3 6,2,12,,1,abs01151
1,3 6,,,,1,abs01152
0,,,,,0,abs01153
1,6,2,0,,0,abs01154
1,,2,,,1,abs01155
1,3 7,,0,1,1,abs01156
0,,,,,0,abs01157
1,6,2,0,,1,abs01158
1,6,,0,,1,abs01159
1,6,,0,,1,abs01160
1,6,,0,,1,abs01161
1,5 6,,0,,0,abs01162
0,,,,,1,abs01163
1,3,1,0,,1,abs01164
0,,,,,1,abs01165
1,3 6,,41,1,1,abs01166
1,3,,0,1,1,abs01167
1,5,,0,,0,abs01168
1,3,,0,1,1,abs01169
0,,,,,1,abs01170
0,,,,,1,abs01171
1,3,,0,,0,abs01172
1,1 3,,,1,1,abs01173
1,4,,0,,1,abs01174
1,5,,0,,0,abs01175
1,2,,12,1,1,abs01176
0,,,,,1,abs01177
0,,,,,1,abs01178
1,5 6,,0,,0,abs01179
1,6,,0,,1,abs01180
1,4 5,,0,,0,abs01181
0,,,,,0,abs01182
0,,,,,0,abs01183
1,3,2,,,0,abs01184
1,2,,,,1,abs01185
1,5,,0,1,1,abs01186
1,3,2,0,1,1,abs01187
1,0,,,,1,abs01188
1,5,,0,,0,abs01189
0,,,,,0,abs01190
1,6,,0,,0,abs01191
1,3,,0,1,1,abs01192
1,,,,,1,abs01193
1,5,,0,1,1,abs01194
1,5,1,0,,0,abs01195
1,,,,,1,abs01196
0,,,,,1,abs01197
0,,,,,1,abs01198
1,3,,0,,1,abs01199
0,,,,,1,abs01200
0,,,,,1,abs01201
1,3,1,,1,0,abs01202
0,,,,,1,abs01203
1,5 6,2,0,,0,abs01204
1,1 2 3 5 6,,,,0,abs01205
1,,2,,,1,abs01206
0,,,,,1,abs01207
1,2,,,,1,abs01208
1,3,,0,,1,abs01209
0,,,,0,1,abs01210
1,3,,0,1,1,abs01211
0,,,,,1,abs01212
1,1 2,,14 22,,0,abs01213
1,6,,0,,0,abs01214
1,6,2,0,,0,abs01215
1,3,,0,1,1,abs01216
1,3,,0,,0,abs01217
0,,,,,1,abs01218
1,1 2,,7,,1,abs01219
1,3,,0,,1,abs01220
0,,,,,1,abs01221
1,6,,0,1,1,abs01222
1,6,,0,,0,abs01223
1,1 2,,,,1,abs01224
1,6,,0,,1,abs01225
0,,,,,0,abs01226
1,2,2,0,,1,abs01227
1,3,,12,1,1,abs01228
0,,,,,0,abs01229
1,4 5,,0,,0,abs01230
1,3,,,,1,abs01231
1,0,,0,,1,abs01232
1,3,,0,1,0,abs01233
1,6,,,,1,abs01234
1,6,2,0,,1,abs01235
0,,,,,1,abs01236
0,,,,,1,abs01237
1,2 6,2,16,,0,abs01238
0,,,,,1,abs01239
1,3 6,2,15,1,1,abs01240
1,3,,,1,1,abs01241
1,6,,0,,1,abs01242
0,,,,,1,abs01243
1,,,,,1,abs01244
1,6,,,,1,abs01245
1,2,,,,1,abs01246
1,1 2,2,,1,1,abs01247
1,6,,0,,1,abs01248
1,6,2,,,0,abs01249
1,3,,0,,1,abs01250
1,,,,,1,abs01251
1,3 6,,0,,1,abs01252
1,5 6,,0,1,1,abs01253
1,2,,,,0,abs01254
0,,,,,1,abs01255
1,2,,,1,1,abs01256
1,2,2,8,,1,abs01257
0,,,,,1,abs01258
0,,,,,0,abs01259
1,2,,,,0,abs01260
1,,2,,,1,abs01261
0,,,,,0,abs01262
1,6,,0,,1,abs01263
1,2,2,,,1,abs01264
1,3,,,1,1,abs01265
1,2,2,,,1,abs01266
1,4 5,2,0,,0,abs01267
1,,,0,,1,abs01268
1,,,,,1,abs01269
0,,,,,1,abs01270
0,,,,,1,abs01271
1,2,,22,,1,abs01272
1,6,,,,1,abs01273
1,2,1,,,0,abs01274
1,5,,,,0,abs01275
1,3,,0,,0,abs01276
1,,,,,1,abs01277
1,6,,0,,0,abs01278
1,3,,,,1,abs01279
1,5,,0,,1,abs01280
1,6,,0,,1,abs01281
1,3,2,0,,0,abs01282
1,3 5 6,1,0,,0,abs01283
0,1 2,,,,1,abs01284
1,5,,0,,0,abs01285
1,3,,0,1,1,abs01286
1,7,,0,,0,abs01287
1,2,,,,1,abs01288
0,,,,,1,abs01289
1,5,,0,,0,abs01290
1,,,,,1,abs01291
1,6,,0,,1,abs01292
0,,,,,1,abs01293
1,6,2,0,,0,abs01294
1,5,,0,,0,abs01295
0,,,,,1,abs01296
0,,,,,1,abs01297
1,3,,0,1,1,abs01298
0,,,,,0,abs01299
0,,,,0,1,abs01300
1,4 5,,0,,0,abs01301
1,2,2,0,,0,abs01302
1,3 5 6,,0,,0,abs01303
0,,,,,1,abs01304
1,5,,0,,0,abs01305
1,6,,0,,0,abs01306
1,3,,,1,1,abs01307
1,6,,0,,0,abs01308
0,,,,,0,abs01309
1,3,,0,,0,abs01310
1,5,,0,,0,abs01311
1,6,,,,0,abs01312
1,3 6,,0,1,0,abs01313
1,5 6,,0,,0,abs01314
1,2,2,16,,1,abs01315
1,4,2,,,1,abs01316
1,,,,,1,abs01317
1,3,,0,,1,abs01318
0,,,,1,1,abs01319
1,5,,0,,0,abs01320
1,6,2,,,1,abs01321
1,3 6,,0,,0,abs01322
1,2 3,,15,1,1,abs01323
1,,2,,,1,abs01324
1,6,,0,,1,abs01325
1,7,2,0,,1,abs01326
0,,,,,1,abs01327
1,6,2,0,,0,abs01328
1,5,,0,,0,abs01329
1,2,,14,,0,abs01330
1,2,,0,,1,abs01331
0,,,,,0,abs01332
1,3,,0,1,1,abs01333
1,1 2 4 5 6,,,,1,abs01334
1,3,,0,,1,abs01335
1,,2,0,,1,abs01336
1,3,,0,1,1,abs01337
1,5,,0,,1,abs01338
1,6,,0,,1,abs01339
0,,,,,1,abs01340
0,,,,,1,abs01341
1,3,,,,0,abs01342
1,6,,0,,0,abs01343
1,6,,0,,1,abs01344
0,,,,,1,abs01345
1,2,,,,1,abs01346
0,,,,,1,abs01347
1,3,2,0,,1,abs01348
1,,,0,,1,abs01349
1,,2,,,1,abs01350
1,3,2,0,1,1,abs01351
1,1 2,,14 22,,0,abs01352
1,2,2,0,,1,abs01353
1,3 7,,0,1,1,abs01354
1,6,2,0,,0,abs01355
1,1 2 6,1,26,,0,abs01356
1,6,,0,,0,abs01357
0,,,,,0,abs01358
1,5 6,2,0,,0,abs01359
1,2,,,,1,abs01360
1,1 2,,26,,1,abs01361
0,,,,,0,abs01362
1,2,,,,1,abs01363
1,3,2,0,1,1,abs01364
0,,,,,1,abs01365
1,6,,0,,1,abs01366
1,1 2,,,,0,abs01367
0,,,,,0,abs01368
1,3 6,,15,,0,abs01369
0,,,,,0,abs01370
1,0,,0,,1,abs01371
1,6,2,,,0,abs01372
1,1 2,2,8,,1,abs01373
0,,,,,1,abs01374
1,2,,,,1,abs01375
1,3,,,,1,abs01376
1,5,1,0,,0,abs01377
1,6,,0,,0,abs01378
1,3 7,,0,1,1,abs01379
1,2,,0,,1,abs01380
1,3,,0,,1,abs01381
0,,,,,1,abs01382
1,3,,0,1,1,abs01383
0,,,,,1,abs01384
1,6,,0,,0,abs01385
1,3,,0,,0,abs01386
1,4,,,,1,abs01387
1,6,,,,1,abs01388
1,6,2,,,1,abs01389
1,2,,,,1,abs01390
1,3,,0,1,1,abs01391
1,5 6,,,,0,abs01392
1,6,2,0,,0,abs01393
0,,,,,1,abs01394
1,3,,0,,1,abs01395
1,5 6,,0,,0,abs01396
1,6,,0,,1,abs01397
1,3,,0,,1,abs01398
1,6,1,,,1,abs01399
1,1 2,,22,,0,abs01400
1,1 2 6,,34,,0,abs01401
1,3,,0,1,1,abs01402
1,0,,,,1,abs01403
1,3,1,0,1,1,abs01404
1,7,,0,,1,abs01405
1,,2,0,,1,abs01406
1,1 2,,26,,1,abs01407
1,6,,0,,1,abs01408
1,6,,,,1,abs01409
1,6,2,0,,0,abs01410
1,0,,0,,1,abs01411
1,2,,,,1,abs01412
0,,,,,0,abs01413
1,6,1,0,,0,abs01414
1,6 7,,0,,0,abs01415
1,4 5,,,,0,abs01416
1,1 2,,,,0,abs01417
0,,,,,1,abs01418
1,3,1,,,1,abs01419
1,2,2,,,1,abs01420
1,6,,,,1,abs01421
1,6,,0,,1,abs01422
1,5,,0,,1,abs01423
1,6,2,0,,0,abs01424
0,,,,,1,abs01425
1,1 2,,7,,1,abs01426
1,6,2,0,,0,abs01427
1,6,,0,,1,abs01428
1,3,,,,1,abs01429
0,,,,,1,abs01430
1,5 6,,0,,0,abs01431
1,3,,0,,1,abs01432
1,6,,0,,1,abs01433
1,6,2,0,,1,abs01434
1,1 2,,,,0,abs01435
1,1 2,,14 22,,1,abs01436
0,,,,1,1,abs01437
1,1 2,,,,1,abs01438
1,,2,,,1,abs01439
1,3,2,0,1,1,abs01440
1,2,,,,1,abs01441
1,6,,0,,1,abs01442
1,,2,,,1,abs01443
1,6,,0,,0,abs01444
1,2,,,,1,abs01445
0,,,,1,1,abs01446
1,2,,25,,0,abs01447
1,6,,0,,1,abs01448
1,6,,0,,1,abs01449
1,6,2,,,0,abs01450
0,,,,,0,abs01451
1,1 2 6,2,26,,1,abs01452
1,3,1,,1,1,abs01453
1,6,,0,,1,abs01454
1,2,,,,1,abs01455
0,,,,,1,abs01456
1,6,,0,,0,abs01457
1,7,2,0,,1,abs01458
1,5 6,1,0,,1,abs01459
1,6,,0,,1,abs01460
0,,,,,1,abs01461
0,,,,,1,abs01462
0,,,,,1,abs01463
1,5,,0,,0,abs01464
1,3 5,2,,,1,abs01465
0,,,,1,1,abs01466
1,5,,0,1,1,abs01467
1,6,,0,,1,abs01468
1,6,,0,,1,abs01469
0,,,,,1,abs01470
1,,,,,1,abs01471
1,,2,0,,0,abs01472
1,6,,0,,0,abs01473
1,6,,0,,1,abs01474
1,,,0,,1,abs01475
1,3,,0,,0,abs01476
0,,,,,1,abs01477
1,6,,0,,0,abs01478
0,,,,,0,abs01479
1,2,,,,1,abs01480
0,,,,,0,abs01481
1,5,,0,,0,abs01482
1,3,,0,1,1,abs01483
1,2,,23,,1,abs01484
0,,,,,1,abs01485
1,1 2,,,,0,abs01486
1,,,,,1,abs01487
1,6,,0,,0,abs01488
1,,1,,,0,abs01489
1,1 2 3,,,1,1,abs01490
1,6,,0,,1,abs01491
1,2,,0,,1,abs01492
1,3,,0,,1,abs01493
1,6,2,0,,0,abs01494
1,6,,0,,1,abs01495
1,3,,0,,1,abs01496
1,3,,0,1,1,abs01497
1,3,,0,1,1,abs01498
1,6,,0,,1,abs01499
0,,,,,1,abs01500
1,3,1,0,,0,abs01501
1,6,,0,,0,abs01502
1,5 6,1,0,,0,abs01503
1,3,2,,1,1,abs01504
1,2,,,,1,abs01505
0,,,,1,1,abs01506
0,,,,,0,abs01507
1,6,2,0,,0,abs01508
1,,,,,0,abs01509
0,,,,,0,abs01510
1,7,2,,,0,abs01511
1,6,,0,,1,abs01512
1,1 2,,5,,1,abs01513
0,,,,,1,abs01514
1,6,2,0,,0,abs01515
0,,,,,1,abs01516
0,,,,,1,abs01517
0,,,,,0,abs01518
0,,,,,1,abs01519
1,0,,0,,1,abs01520
1,1 2,,26,1,1,abs01521
1,6,,0,,1,abs01522
0,,,,,1,abs01523
1,5 6,1,0,,1,abs01524
1,5 6,,0,,0,abs01525
1,2,2,,,0,abs01526
0,,,,,1,abs01527
1,1 2,,14 22,,1,abs01528
1,2,,,,1,abs01529
1,6,,0,,0,abs01530
1,3,,,,1,abs01531
1,5,,0,,0,abs01532
1,6,2,0,,0,abs01533
1,1 2,,5,,1,abs01534
1,,,,,1,abs01535
1,6,2,,,1,abs01536
1,3,,,1,1,abs01537
1,3 6,1,,,1,abs01538
1,6,2,0,,1,abs01539
1,5 6,2,0,,0,abs01540
1,0,,0,,1,abs01541
1,4 5,,,,0,abs01542
1,6,,0,,1,abs01543
1,3,,0,1,1,abs01544
0,,,,,1,abs01545
0,,,,,1,abs01546
1,1 2,,,,1,abs01547
1,,,,,1,abs01548
1,5,,0,,0,abs01549
1,1 2,,,,0,abs01550
0,,,,,0,abs01551
1,3 7,2,,,0,abs01552
0,,,,,1,abs01553
0,,,,,1,abs01554
1,,,0,,0,abs01555
1,3,,0,1,1,abs01556
1,5 6,,,,0,abs01557
1,6,2,0,,0,abs01558
1,2,,0,,1,abs01559
1,,,,,1,abs01560
1,3,,15,,1,abs01561
1,6,,0,1,1,abs01562
1,5,,0,,0,abs01563
1,6,,0,,0,abs01564
1,2,2,,,0,abs01565
1,6,2,0,,1,abs01566
0,,,,,1,abs01567
0,,,,,1,abs01568
1,4 5,,0,,1,abs01569
1,6,1,0,,0,abs01570
0,,,,,0,abs01571
1,2,,,,1,abs01572
1,6,,0,,1,abs01573
1,6,,0,,1,abs01574
1,,,0,,0,abs01575
1,3,,0,1,1,abs01576
1,3,,0,,1,abs01577
1,3,2,0,,1,abs01578
1,0,0,0,,0,abs01579
0,,,,,0,abs01580
1,4 5,1,0,,0,abs01581
1,,,0,,1,abs01582
0,,,,,1,abs01583
1,4 6,,0,,1,abs01584
1,3,,0,1,1,abs01585
0,,,,,1,abs01586
1,3,2,0,,0,abs01587
1,4,2,,,1,abs01588
1,5,,,,0,abs01589
1,2,,,,1,abs01590
1,,,0,,1,abs01591
1,5 6,,0,,0,abs01592
0,,,,,1,abs01593
1,6,,,,0,abs01594
1,3,,,,1,abs01595
1,4 5,,,,1,abs01596
1,3,,0,,1,abs01597
1,6,,0,,0,abs01598
1,3,,0,,1,abs01599
1,,2,0,,1,abs01600
1,5 6,2,0,,0,abs01601
1,3,1,0,1,1,abs01602
1,3,,0,,1,abs01603
1,4 6,,0,,1,abs01604
1,5 6,,0,1,1,abs01605
1,,,,,1,abs01606
0,,,,,1,abs01607
1,,,0,,1,abs01608
0,,,,,1,abs01609
1,3 6,,0,,0,abs01610
0,,,,,0,abs01611
0,,,,,1,abs01612
1,4,,0,,1,abs01613
1,,,,,1,abs01614
0,,,,,1,abs01615
1,6,,0,,1,abs01616
0,,,,,1,abs01617
1,2,,,,1,abs01618
0,,,,,1,abs01619
1,6,,0,,1,abs01620
0,,,,,1,abs01621
0,,,,,0,abs01622
1,2,,25,1,1,abs01623
1,2,,,,1,abs01624
0,,,,,1,abs01625
1,2,2,,,1,abs01626
0,,,,,1,abs01627
1,2,2,0,,1,abs01628
1,,2,0,,1,abs01629
1,4 5,,,,1,abs01630
0,,,,,1,abs01631
1,2,,,,0,abs01632
1,,2,0,,0,abs01633
1,3,,0,1,1,abs01634
1,,,,,1,abs01635
0,,,,,1,abs01636
0,,,,,0,abs01637
0,,,,,1,abs01638
1,6,,0,,0,abs01639
1,7,,0,,1,abs01640
1,2,,0,,1,abs01641
0,,,,,1,abs01642
1,6,2,0,,0,abs01643
1,2 3,,,,0,abs01644
1,2,2,,,0,abs01645
1,6,,0,,0,abs01646
1,3,,0,,0,abs01647
0,,,,,1,abs01648
1,6,2,0,,1,abs01649
1,6,,0,,1,abs01650
1,5,,0,,0,abs01651
0,,,,,1,abs01652
1,5,2,0,,0,abs01653
1,2,,,,1,abs01654
0,,,,1,0,abs01655
1,,,0,1,1,abs01656
0,,,,,1,abs01657
1,4 5 6,,0,,1,abs01658
1,1 2 3,,7 15,,0,abs01659
0,,,,1,1,abs01660
0,,,,,0,abs01661
1,3,,0,1,1,abs01662
0,,,,,0,abs01663
0,,,,,1,abs01664
1,5 6,,0,,0,abs01665
0,,,,,1,abs01666
0,,,,,1,abs01667
1,3,,,,1,abs01668
1,4 5,2,0,,1,abs01669
0,,,,,1,abs01670
1,3,,0,,0,abs01671
0,,,,,1,abs01672
1,3,,0,,0,abs01673
1,6,1,0,,1,abs01674
1,1 2,,,,1,abs01675
1,5,,0,,0,abs01676
1,3,2,0,1,1,abs01677
1,5,1,0,,0,abs01678
1,6,,0,,1,abs01679
1,2,,,,1,abs01680
1,1 2 4 6,,,,0,abs01681
0,,,,,1,abs01682
1,6,,0,,0,abs01683
1,6,,0,,1,abs01684
1,3,,0,1,1,abs01685
0,,,,,1,abs01686
0,,,,,1,abs01687
0,,,,,1,abs01688
1,6,,0,,0,abs01689
1,2,2,0,,0,abs01690
0,,,,,1,abs01691
0,,,,,0,abs01692
0,,,,,0,abs01693
1,,2,0,,1,abs01694
1,6,,0,,0,abs01695
1,4,,,,1,abs01696
1,2,2,12,1,1,abs01697
1,6,2,0,,0,abs01698
1,5,,0,,0,abs01699
1,6,,0,,1,abs01700
0,,,,,1,abs01701
1,2,,,,1,abs01702
1,3,,16,1,1,abs01703
1,6,2,0,,1,abs01704
1,1 2,,26,,1,abs01705
1,1 2,1,,1,1,abs01706
1,3 6,,0,,0,abs01707
1,6,2,0,,1,abs01708
1,,,,,1,abs01709
1,,2,0,,1,abs01710
1,2,2,7,,1,abs01711
0,,,,,1,abs01712
1,2,,40,,0,abs01713
1,2,2,0,,1,abs01714
1,0,,0,,1,abs01715
1,3,,0,,1,abs01716
1,3,2,0,1,1,abs01717
1,0,,0,,1,abs01718
0,,,,,1,abs01719
0,,,,,1,abs01720
0,,,,,0,abs01721
0,,,,,1,abs01722
1,6,2,0,,1,abs01723
1,6,,0,,0,abs01724
0,,,,,1,abs01725
1,,2,0,,1,abs01726
1,2,,,,0,abs01727
1,6,2,0,,1,abs01728
1,2,,0,,1,abs01729
1,,,,,1,abs01730
1,5,,0,,1,abs01731
0,,,,,1,abs01732
1,,2,0,,1,abs01733
1,6,,0,,1,abs01734
1,6 7,,0,,0,abs01735
1,3,,0,,1,abs01736
1,6,,0,,1,abs01737
1,3,,0,,0,abs01738
1,6,,0,,1,abs01739
1,3,,0,1,1,abs01740
1,6,,0,,1,abs01741
1,2,,7,,1,abs01742
1,,,0,,1,abs01743
1,3,,0,,0,abs01744
0,,,,,0,abs01745
0,,,,,0,abs01746
1,5 6,,0,,0,abs01747
1,1 2,,34,,0,abs01748
0,,,,,0,abs01749
1,6,1,0,,0,abs01750
0,,,,,1,abs01751
0,,,,1,0,abs01752
1,7,2,0,,1,abs01753
1,3,,42,,1,abs01754
1,3,2,0,,0,abs01755
1,5 6,,0,,0,abs01756
1,3,,0,,0,abs01757
1,7,2,,,1,abs01758
0,,,,,1,abs01759
1,2 3,,,,0,abs01760
1,3,2,0,,0,abs01761
0,,,,,0,abs01762
0,,,,,0,abs01763
0,,,,0,1,abs01764
1,4 5 6,,,,0,abs01765
1,3,2,0,,1,abs01766
1,1 2,2,,,0,abs01767
1,3,2,,,1,abs01768
1,3,2,0,,0,abs01769
1,0,,0,,0,abs01770
1,6,,0,,0,abs01771
1,6,1,0,,1,abs01772
1,4 5 6,1,0,,0,abs01773
1,,,0,,1,abs01774
0,,,,,0,abs01775
1,5 6,,,,0,abs01776
1,4 5 6,,0,,1,abs01777
1,3,2,0,,0,abs01778
1,3,1,0,1,1,abs01779
1,3,,0,,0,abs01780
0,,,,,1,abs01781
1,1 2,,7,,0,abs01782
1,3,2,,1,1,abs01783
1,,,,,1,abs01784
0,,,,,0,abs01785
1,,,0,,1,abs01786
1,6,2,0,,0,abs01787
1,6,,,,1,abs01788
1,3,,0,,1,abs01789
1,3,1,0,,1,abs01790
1,3,,0,1,0,abs01791
1,5,2,0,,0,abs01792
1,3,,0,,1,abs01793
1,6,,,,0,abs01794
1,5 6,,,,0,abs01795
1,5 6,1,,,0,abs01796
1,3,,0,,1,abs01797
1,3,,0,1,1,abs01798
1,5,,0,,1,abs01799
1,6,,0,,1,abs01800
0,,,,,1,abs01801
1,4 6,2,0,,0,abs01802
0,,,,,1,abs01803
1,3,2,0,,1,abs01804
1,3,,0,,0,abs01805
1,6,2,0,,0,abs01806
1,6,,0,,0,abs01807
0,,,,,0,abs01808
1,3,,0,,1,abs01809
1,6,,,,0,abs01810
1,6,,0,,1,abs01811
1,3,1,0,,1,abs01812
1,6,2,0,,0,abs01813
1,2,2,0,,0,abs01814
1,3 6,2,0,1,1,abs01815
1,2 3 6,,,1,1,abs01816
1,1 2,,9,,0,abs01817
1,5 6,,0,,0,abs01818
1,2,,0,,1,abs01819
1,2,1,14,,1,abs01820
1,,2,,,1,abs01821
1,7,,0,,1,abs01822
0,,,,,1,abs01823
1,1 3,2,,1,1,abs01824
0,,,,,1,abs01825
1,6,2,0,,0,abs01826
1,5,,0,,0,abs01827
1,3,,0,,1,abs01828
1,1 2 3 6,,,,0,abs01829
0,,,,,0,abs01830
0,,,,,1,abs01831
0,,,,,1,abs01832
1,2,,0,,1,abs01833
1,6,,0,,1,abs01834
1,5 6,1,0,,1,abs01835
1,6,2,0,,0,abs01836
1,3,,0,1,1,abs01837
1,6,,0,,0,abs01838
1,6,,0,,0,abs01839
0,,,,,1,abs01840
0,,,,,1,abs01841
1,,,,,1,abs01842
1,4,,,,1,abs01843
1,6,,0,,1,abs01844
1,6,,0,,1,abs01845
1,2,,12,,1,abs01846
1,3,,0,,0,abs01847
1,5 6,2,0,,0,abs01848
1,4 5 6,,18,,1,abs01849
0,,,,,1,abs01850
1,6,1,0,1,1,abs01851
0,,,,,1,abs01852
1,1 2,,,,1,abs01853
1,6,,,,1,abs01854
0,,,,1,1,abs01855
1,1 2,,,,1,abs01856
1,3 6,,0,1,1,abs01857
1,6,,,,1,abs01858
1,1 2,,22,1,1,abs01859
0,,,,,1,abs01860
1,1 2,,26,,0,abs01861
1,6,,0,1,1,abs01862
1,3 6,,0,,0,abs01863
0,,,,,1,abs01864
1,6,,0,,1,abs01865
1,,,0,,1,abs01866
1,,2,0,,1,abs01867
0,,,,,1,abs01868
1,6,,0,,0,abs01869
1,1 2,,,,1,abs01870
1,,,,,1,abs01871
0,,,,,1,abs01872
0,,,,,1,abs01873
1,0,2,0,,0,abs01874
1,3,,0,,1,abs01875
0,,,,1,1,abs01876
1,5 6,1,0,,0,abs01877
1,4 5,,0,,0,abs01878
1,2,,18,,1,abs01879
1,3,,0,,1,abs01880
0,,,,,1,abs01881
1,2,2,,,1,abs01882
1,3,,0,1,1,abs01883
1,6,,0,,0,abs01884
1,6,,0,,1,abs01885
1,3 7,,0,,1,abs01886
1,1 2,,,,1,abs01887
1,6,2,0,,1,abs01888
1,3,,0,,1,abs01889
1,7,2,0,,0,abs01890
0,,,,1,1,abs01891
1,3,,0,,1,abs01892
1,3,1,0,1,1,abs01893
1,2,,,,1,abs01894
1,7,2,0,,1,abs01895
1,6,,0,,0,abs01896
1,4,,0,,1,abs01897
1,,,0,,1,abs01898
0,,,,,1,abs01899
0,,,,,1,abs01900
0,,,,,0,abs01901
0,,,,,0,abs01902
1,4 5,,0,,0,abs01903
1,6,,0,,1,abs01904
1,2 3,2,,,0,abs01905
1,3,,0,,0,abs01906
0,,,,,1,abs01907
1,3,,0,,1,abs01908
1,3,,,1,1,abs01909
1,6,2,0,,1,abs01910
0,,,,,1,abs01911
1,2,,0,,1,abs01912
1,6,,0,,0,abs01913
0,,,,,1,abs01914
1,1 2,,22,,1,abs01915
1,3,1,0,,1,abs01916
1,1 2,,9,,1,abs01917
0,,,,,1,abs01918
1,,2,0,,1,abs01919
1,6,,0,,1,abs01920
1,3,,,,0,abs01921
1,2,,25,1,1,abs01922
1,6,,0,,0,abs01923
1,3,2,0,,0,abs01924
1,3,,0,1,1,abs01925
0,,,,,1,abs01926
0,,,,,1,abs01927
1,3 6,2,0,,1,abs01928
0,,,,1,1,abs01929
1,5,,0,,0,abs01930
1,6,2,0,,0,abs01931
1,2,2,,,1,abs01932
1,1 2,,,,0,abs01933
1,,2,,,1,abs01934
1,2,,12,,1,abs01935
1,3,2,0,1,1,abs01936
1,5 6,,0,,1,abs01937
1,6,,0,,0,abs01938
0,,,,,1,abs01939
0,,,,,0,abs01940
0,,,,,1,abs01941
1,6,,0,,1,abs01942
1,3,,0,,0,abs01943
1,5 6,,0,,0,abs01944
0,,,,,1,abs01945
1,2,,,,1,abs01946
1,,2,0,,1,abs01947
1,6,,0,,1,abs01948
1,6,2,0,,0,abs01949
0,,,,0,1,abs01950
1,,,0,,1,abs01951
1,3,,0,,1,abs01952
0,,,,,0,abs01953
1,6,,0,,0,abs01954
1,3,,0,,1,abs01955
0,,,,,0,abs01956
1,3,2,0,,0,abs01957
1,6,,0,,1,abs01958
1,3 7,2,0,,1,abs01959
1,,2,,,1,abs01960
1,3,,0,,0,abs01961
1,6,1,0,,1,abs01962
1,,,,,1,abs01963
1,6,2,0,,0,abs01964
1,,,0,,0,abs01965
1,6,2,0,,0,abs01966
1,2,,0,,0,abs01967
1,1 2,2,22,,0,abs01968
1,6,,0,,0,abs01969
0,,,,,1,abs01970
1,6,,0,,1,abs01971
1,2,,,,1,abs01972
1,,2,0,,0,abs01973
1,5 6,,0,,1,abs01974
0,,,,,1,abs01975
1,3,,0,,1,abs01976
0,,,,,0,abs01977
1,0,,0,,1,abs01978
1,5,1,0,,0,abs01979
1,3,,0,,0,abs01980
1,6,,,,1,abs01981
1,1 2,2,,,0,abs01982
1,3,,0,,0,abs01983
0,,,,,1,abs01984
0,,,,,1,abs01985
1,1 2,,,,1,abs01986
1,3,,0,,1,abs01987
1,5,,0,,1,abs01988
1,6,,0,,0,abs01989
1,5 6,,0,,0,abs01990
1,6,,0,,0,abs01991
1,2,,,,1,abs01992
1,4,2,0,,1,abs01993
0,,,,,1,abs01994
1,5,,0,,0,abs01995
1,2,,,,1,abs01996
1,6,,0,,1,abs01997
0,,,,1,1,abs01998
0,,,,,0,abs01999
1,2,,,,1,abs02000
1,2,2,,,0,abs02001
1,6,1,,,0,abs02002
1,3,,0,,1,abs02003
1,5 6,1,18,,0,abs02004
1,6,,0,,1,abs02005
0,,,,,1,abs02006
0,,,,,1,abs02007
0,,,,,1,abs02008
1,3 5 6,,0,,0,abs02009
0,,,,,0,abs02010
0,,,,,0,abs02011
1,3,,0,,1,abs02012
1,3,,0,,1,abs02013
1,3,1,0,,1,abs02014
1,,2,0,,1,abs02015
1,1 2,2,7,,1,abs02016
0,,,,,1,abs02017
1,3,,0,1,1,abs02018
1,3 7,,0,1,1,abs02019
1,6,,0,,1,abs02020
1,3,,0,1,1,abs02021
1,3,,0,,1,abs02022
1,6,,0,,1,abs02023
1,6,,0,,1,abs02024
1,5 6 7,,0,,0,abs02025
0,,,,,1,abs02026
1,4 6,,0,,0,abs02027
0,,,,,0,abs02028
0,,,,,0,abs02029
0,,,,0,1,abs02030
0,,,,,1,abs02031
0,,,,,1,abs02032
1,6 7,1,0,,1,abs02033
0,,,,,0,abs02034
0,,,,,1,abs02035
0,,,,,1,abs02036
0,,,,,1,abs02037
0,,,,,1,abs02038
1,5 6,,0,,0,abs02039
0,,,,,1,abs02040
1,,2,0,,1,abs02041
1,3,,0,,0,abs02042
1,4 5 6,,0,,1,abs02043
0,,,,,1,abs02044
1,5 6,1,0,,1,abs02045
0,,,,,1,abs02046
0,,,,,1,abs02047
1,6,,,,1,abs02048
1,6,,0,,0,abs02049
1,5,,0,,0,abs02050
0,,,,,1,abs02051
1,5 6,,0,,0,abs02052
0,,,,,0,abs02053
0,,,,,0,abs02054
0,,,,,1,abs02055
1,2,2,0,,1,abs02056
0,,,,,1,abs02057
0,,,,,1,abs02058
1,2 6,,,,0,abs02059
0,,,,,0,abs02060
1,3,2,0,,1,abs02061
1,,,0,,1,abs02062
0,,,,,1,abs02063
1,3,,,1,1,abs02064
1,3 5 6,,0,,1,abs02065
1,6,,,,0,abs02066
1,2 6,,,,0,abs02067
1,2,,,,1,abs02068
1,3,,0,,0,abs02069
1,6,,0,,0,abs02070
1,2,,,,1,abs02071
1,4 5 6,2,0,,0,abs02072
1,3,,0,,0,abs02073
1,1 2,,22,1,1,abs02074
1,2,,,,1,abs02075
1,3 6,,0,,1,abs02076
0,,,,,1,abs02077
1,,1,0,1,1,abs02078
1,1 2,,22,,0,abs02079
0,,,,,0,abs02080
1,3,,0,1,1,abs02081
1,1 2,,26,,1,abs02082
1,,,0,,0,abs02083
0,,,,,1,abs02084
1,3,,0,,1,abs02085
0,,,,,1,abs02086
0,,,,,1,abs02087
1,3,,0,,1,abs02088
1,6,,0,,0,abs02089
1,2,,12,,1,abs02090
0,,,,,1,abs02091
0,,,,,1,abs02092
0,,,,,1,abs02093
0,,,,,1,abs02094
0,,,,,1,abs02095
0,,,,,1,abs02096
1,2,2,0,,1,abs02097
1,6,,0,,1,abs02098
1,6,,0,,0,abs02099
1,3,2,40,,1,abs02100
1,6,,0,,1,abs02101
0,,,,,1,abs02102
1,3,,0,,1,abs02103
0,,,,,1,abs02104
1,6,,,,1,abs02105
0,,,,,1,abs02106
1,6,,0,,0,abs02107
1,2,,,,0,abs02108
1,,2,0,,1,abs02109
0,,,,,0,abs02110
1,2,,,,1,abs02111
1,4,,,,1,abs02112
1,6,2,0,,1,abs02113
1,5 7,1,0,,0,abs02114
1,6,,0,,1,abs02115
1,,,,,1,abs02116
1,2 3,,,,1,abs02117
1,2,1,24,1,1,abs02118
0,,,,,0,abs02119
0,,,,,1,abs02120
1,3,,0,,0,abs02121
1,,,0,,1,abs02122
1,6,,0,,1,abs02123
1,6,2,0,,0,abs02124
1,6,,0,,1,abs02125
1,6,,0,,0,abs02126
1,5 6,2,0,,0,abs02127
1,0,,,,1,abs02128
1,6,,12,1,1,abs02129
0,,,,,0,abs02130
1,2,,,,1,abs02131
1,6,1,0,,1,abs02132
1,1 2,,,,1,abs02133
1,3 7,1,0,,1,abs02134
1,3,,0,,0,abs02135
1,4 5 6,1,0,,0,abs02136
1,6,,,,1,abs02137
1,7,0,0,,1,abs02138
1,6,,0,,1,abs02139
0,,,,,1,abs02140
1,6,,0,,0,abs02141
1,6,2,0,,0,abs02142
1,6,2,0,,0,abs02143
1,3,,0,1,1,abs02144
1,6,2,0,,1,abs02145
1,6,1,,,1,abs02146
1,6 7,,0,,0,abs02147
1,5,,0,,0,abs02148
0,,,,,0,abs02149
0,,,,,1,abs02150
1,6,,0,,1,abs02151
0,,,,,1,abs02152
1,3,,0,1,1,abs02153
1,5,,0,,0,abs02154
1,4,2,,,1,abs02155
1,2,,,,1,abs02156
0,,,,,1,abs02157
1,1 2,,7,,1,abs02158
1,3,,0,,1,abs02159
1,3,,0,,0,abs02160
1,3,,0,,1,abs02161
1,3,,0,,1,abs02162
0,,,,,0,abs02163
1,2,,0,,1,abs02164
0,,,,,0,abs02165
1,3,,0,,0,abs02166
1,3 5,1,0,,0,abs02167
0,,,,,1,abs02168
1,3 5 6,,0,,0,abs02169
0,,,,,1,abs02170
1,5,,0,,0,abs02171
0,,,,,0,abs02172
1,2,,26,,1,abs02173
1,6,2,0,,0,abs02174
1,7,,,,0,abs02175
1,3,,15,,1,abs02176
1,,,,,1,abs02177
1,6,,0,,0,abs02178
1,3,,0,,1,abs02179
1,2,,25,,0,abs02180
0,,,,,1,abs02181
1,3 6,2,0,1,1,abs02182
0,,,,,1,abs02183
1,3,2,0,,0,abs02184
1,6,,0,,1,abs02185
1,2,,14 22,,0,abs02186
0,,,,,1,abs02187
1,,,,,1,abs02188
1,6,,0,,0,abs02189
1,3,,0,1,0,abs02190
0,,,,,0,abs02191
0,,,,,1,abs02192
1,5,,0,,0,abs02193
1,4,2,0,,0,abs02194
1,2,2,0,,0,abs02195
1,1 2,,22,1,1,abs02196
1,5 6,,0,,0,abs02197
1,4,,0,,1,abs02198
1,1 2 3,,,1,1,abs02199
0,,,,,1,abs02200
1,,,0,,1,abs02201
1,6,2,0,,1,abs02202
1,3,,0,1,1,abs02203
1,2,,,,1,abs02204
1,1 2,,9,,1,abs02205
0,,,,,1,abs02206
1,6,,0,,0,abs02207
0,,,,,1,abs02208
1,3,2,0,,1,abs02209
1,5 6,,0,,0,abs02210
0,,,,,1,abs02211
0,,,,,0,abs02212
0,,,,,0,abs02213
1,5 6,1,0,1,1,abs02214
1,3,,0,,1,abs02215
1,3,,0,,1,abs02216
1,0,1,0,,1,abs02217
0,,,,,0,abs02218
0,,,,,1,abs02219
0,,,,,0,abs02220
1,6,,0,,0,abs02221
0,,,,,1,abs02222
0,,,,,1,abs02223
1,6,,,,1,abs02224
1,6,1,0,,1,abs02225
0,,,,,1,abs02226
0,,,,,1,abs02227
0,,,,,1,abs02228
0,,,,,1,abs02229
1,,2,,,1,abs02230
0,,,,,1,abs02231
0,,,,,1,abs02232
0,,,,,0,abs02233
1,3,,0,,0,abs02234
0,,,,,1,abs02235
1,7,,0,,0,abs02236
1,5,,0,,1,abs02237
0,,,,,0,abs02238
1,6 7,,0,,1,abs02239
0,,,,,1,abs02240
1,2 3,,16,,0,abs02241
1,3,,,1,1,abs02242
0,,,,,1,abs02243
1,4 5 6,,0,,0,abs02244
1,2,,0,,1,abs02245
1,1 2,,,,1,abs02246
0,,,,,1,abs02247
1,3,,0,1,1,abs02248
1,3,2,0,,0,abs02249
0,,,,,1,abs02250
1,1 2,,22,,0,abs02251
1,2,,0,,1,abs02252
1,,,,,1,abs02253
1,6,2,0,,0,abs02254
1,3,,0,1,1,abs02255
0,,,,,0,abs02256
1,,,,,1,abs02257
1,6,,0,,0,abs02258
1,2,,0,,1,abs02259
1,6,,,,1,abs02260
1,5 6,,0,,0,abs02261
1,3,2,0,,0,abs02262
0,,,,,1,abs02263
1,,2,,,1,abs02264
1,3,,0,,1,abs02265
1,6,,0,,0,abs02266
1,3,,0,,1,abs02267
1,3,1,0,,1,abs02268
1,6,2,0,,1,abs02269
1,7,,0,,1,abs02270
1,6,,,,1,abs02271
1,6,,0,,0,abs02272
1,3,,0,,0,abs02273
0,,,,,1,abs02274
1,3,,0,,1,abs02275
1,3,,0,1,1,abs02276
1,0,,0,,0,abs02277
1,6,,,,1,abs02278
1,,,,,1,abs02279
1,3,,0,1,1,abs02280
1,6,2,0,,1,abs02281
0,,,,,0,abs02282
0,,,,,0,abs02283
0,,,,,1,abs02284
1,3,2,0,,0,abs02285
1,6,,,,1,abs02286
0,,,,,0,abs02287
1,6,1,0,,1,abs02288
1,2,,,0,1,abs02289
1,,2,0,,1,abs02290
0,,,,,1,abs02291
0,,,,,0,abs02292
0,,,,,0,abs02293
1,6,2,0,,0,abs02294
1,2,,,,1,abs02295
1,5 7,,0,,0,abs02296
1,6,,0,,0,abs02297
1,1 2,,22,,1,abs02298
1,,,,,1,abs02299
1,,,0,,0,abs02300
1,6,2,0,1,1,abs02301
1,4 5 6,,0,,1,abs02302
1,3,,0,,1,abs02303
1,3,2,0,,1,abs02304
1,5 6,,,,0,abs02305
1,2,2,0,,1,abs02306
1,2,,18,,1,abs02307
0,,,,,1,abs02308
0,,,,,1,abs02309
1,1 2,,,1,1,abs02310
0,,,,,1,abs02311
0,,,,,0,abs02312
1,2,2,14,,1,abs02313
0,,,,,0,abs02314
0,,,,,0,abs02315
1,1 2,,,1,1,abs02316
1,6,2,0,,0,abs02317
1,5,,0,,0,abs02318
0,,,,,1,abs02319
1,,,,,1,abs02320
1,2,2,,,1,abs02321
1,,,,,1,abs02322
1,1 2 3,,,1,1,abs02323
1,,2,0,,1,abs02324
1,,,0,,1,abs02325
0,,,,,0,abs02326
1,6,,0,,1,abs02327
1,,2,,,1,abs02328
1,3 6,,0,,1,abs02329
0,,,,,1,abs02330
1,6,2,0,,1,abs02331
0,,,,,0,abs02332
0,,,,,1,abs02333
0,,,,,1,abs02334
1,2 3 5 6,,14 22,,0,abs02335
1,,,0,,1,abs02336
1,4 5,,,,1,abs02337
1,6,,0,0,1,abs02338
1,7,2,0,,1,abs02339
1,6,,,,1,abs02340
1,5,1,0,,1,abs02341
1,5,,0,,0,abs02342
1,5,,0,,0,abs02343
1,3,2,0,,1,abs02344
1,3,2,0,,0,abs02345
1,,2,,,1,abs02346
1,6,2,0,,0,abs02347
1,2,,0,,1,abs02348
1,3 5 6,,0,,1,abs02349
1,4 5,,0,,0,abs02350
1,6,,0,,1,abs02351
0,,,,,0,abs02352
1,6,,0,,0,abs02353
0,,,,,1,abs02354
1,2,,,,1,abs02355
1,6,,0,,1,abs02356
1,1 2,,,,1,abs02357
0,,,,,0,abs02358
1,,1,,,1,abs02359
1,4 5 6,,,,0,abs02360
1,2,2,,,1,abs02361
0,,,,,1,abs02362
1,6,,0,,1,abs02363
0,,,,,0,abs02364
1,3,,0,1,1,abs02365
0,,,,,0,abs02366
1,6,,0,,1,abs02367
1,6,,0,,1,abs02368
1,4,2,0,,0,abs02369
1,5 6,,0,,1,abs02370
1,6,,,,1,abs02371
1,3,1,0,,0,abs02372
1,6,2,0,,1,abs02373
1,2,,,,1,abs02374
1,6,,0,,0,abs02375
1,1 2,,7,,0,abs02376
0,,,,,1,abs02377
1,1 2,,9,,1,abs02378
1,6,,0,,0,abs02379
1,6,,0,,1,abs02380
1,1 2,,9,,0,abs02381
1,3,,0,,0,abs02382
1,3,,0,,0,abs02383
1,6,,0,,0,abs02384
1,1 2,,,,1,abs02385
0,,,,,1,abs02386
1,0,0,0,,1,abs02387
1,3,,0,,1,abs02388
1,3,,0,,1,abs02389
1,6,,0,,1,abs02390
1,6,,0,,1,abs02391
1,6,,0,,1,abs02392
0,,,,,1,abs02393
0,,,,,1,abs02394
0,,,,,0,abs02395
1,,,0,,1,abs02396
1,2,,12,,1,abs02397
1,4,,,,1,abs02398
1,1 2,,26,,1,abs02399
1,,,0,,1,abs02400
1,,,0,,1,abs02401
0,,,,,1,abs02402
0,,,,,1,abs02403
1,2 3 5,1,,,0,abs02404
1,0,,0,,1,abs02405
1,1 2,,34,,1,abs02406
1,6,,0,,1,abs02407
1,6,,0,,0,abs02408
1,4 6,,0,,1,abs02409
1,6,,0,,1,abs02410
1,3,,0,1,1,abs02411
1,,2,0,,0,abs02412
1,6,1,,,0,abs02413
1,2,2,,,0,abs02414
0,,,,,1,abs02415
0,,,,1,1,abs02416
1,3,2,0,,1,abs02417
1,5 6,,0,,0,abs02418
1,6,,0,,0,abs02419
0,,,,,1,abs02420
1,3,2,0,1,1,abs02421
1,7,,0,,0,abs02422
1,6,,0,,0,abs02423
1,3,1,0,,1,abs02424
1,6 7,1,0,,0,abs02425
1,0,,0,,0,abs02426
1,2,1,26,1,1,abs02427
1,3,,0,1,1,abs02428
1,6,,0,,0,abs02429
1,6,,0,,0,abs02430
1,5,,0,1,0,abs02431
0,,,,,1,abs02432
0,,,,,0,abs02433
1,6,,0,,1,abs02434
1,5 6,,0,,1,abs02435
0,,,,,0,abs02436
1,3,,0,,1,abs02437
0,,,,,0,abs02438
1,6,,0,,0,abs02439
1,3,,0,,1,abs02440
0,,,,,1,abs02441
1,3,,0,,0,abs02442
1,6,,0,,0,abs02443
1,2,,12,,1,abs02444
1,6,1,0,1,1,abs02445
1,5,,0,,0,abs02446
1,5,,0,,0,abs02447
1,4 5,1,0,,1,abs02448
0,,,,,0,abs02449
0,,,,2,1,abs02450
0,,,,,1,abs02451
0,,,,,1,abs02452
0,,,,,0,abs02453
1,3,,0,,1,abs02454
0,,,,,1,abs02455
1,3,,0,,1,abs02456
1,3,,0,,0,abs02457
1,3,,0,,1,abs02458
1,3,,0,1,1,abs02459
1,3,1,0,,1,abs02460
0,,,,,1,abs02461
1,5,,0,,1,abs02462
1,6,,0,,1,abs02463
1,3,,0,1,1,abs02464
1,6,2,0,,0,abs02465
1,6,,0,,0,abs02466
1,0,,0,,1,abs02467
1,3,,,,1,abs02468
0,,,,,1,abs02469
0,,,,,1,abs02470
1,,2,0,,0,abs02471
0,,,,,1,abs02472
1,5,,0,,0,abs02473
1,3,,0,1,1,abs02474
0,,,,,0,abs02475
1,2,,26,,0,abs02476
0,,,,,1,abs02477
1,3,,0,1,1,abs02478
0,,,,,1,abs02479
1,,2,0,,1,abs02480
0,,,,,1,abs02481
1,2 3 4 5 6,,,,0,abs02482
0,,,,,0,abs02483
1,6 7,,0,,0,abs02484
1,,,0,,1,abs02485
0,,,,,0,abs02486
1,0,,0,,0,abs02487
0,,,,,1,abs02488
0,,,,,0,abs02489
1,2,,12,,1,abs02490
1,6,,,,0,abs02491
1,2 3,,,,1,abs02492
1,3,2,0,1,1,abs02493
1,3,2,0,,1,abs02494
1,2,,,,1,abs02495
1,,2,0,,1,abs02496
0,,,,,1,abs02497
1,1 2,2,14 26,,0,abs02498
1,6,2,0,,1,abs02499
1,2,,0,,1,abs02500
1,,,,,1,abs02501
1,6,,0,,1,abs02502
1,,2,0,,1,abs02503
1,2,2,,,1,abs02504
1,1 2,,14 22,,1,abs02505
1,3,,12,,1,abs02506
1,5,,0,,1,abs02507
0,,,,0,1,abs02508
0,,,,,0,abs02509
1,,,,,1,abs02510
0,,,,,1,abs02511
0,,,,,0,abs02512
1,6 7,,0,,1,abs02513
1,6 7,2,0,,1,abs02514
1,5 6,,0,,0,abs02515
1,3 6,,0,,0,abs02516
0,,,,,1,abs02517
0,,,,,0,abs02518
1,2,,,,1,abs02519
0,,,,,1,abs02520
0,,,,,1,abs02521
1,2,2,0,,1,abs02522
1,3,,0,,1,abs02523
0,,,,,1,abs02524
1,3,,0,,0,abs02525
1,2,,26,,1,abs02526
0,,,,,1,abs02527
1,6,,0,,1,abs02528
1,3,,0,,1,abs02529
1,6,,0,,1,abs02530
1,6,,0,,0,abs02531
1,5,,0,,0,abs02532
1,3,,0,,1,abs02533
0,,,,,1,abs02534
0,,,,,1,abs02535
0,,,,,1,abs02536
0,,,,,1,abs02537
1,3,1,0,,1,abs02538
1,6,1,,,1,abs02539
0,,,,,1,abs02540
0,,,,,1,abs02541
1,6,,0,,0,abs02542
1,6,1,0,,0,abs02543
1,1 2,,,,1,abs02544
1,2 3,,,,0,abs02545
1,6,,0,,0,abs02546
1,2,,,,1,abs02547
1,3 5,,0,,1,abs02548
1,6,,0,,0,abs02549
1,3 4 5 6,1,15,,0,abs02550
1,0,,0,,0,abs02551
1,7,2,,0,1,abs02552
1,2 3 5 6,,,,1,abs02553
1,2,2,0,,1,abs02554
0,,,,,1,abs02555
1,1 2,,26,,1,abs02556
1,,2,,,1,abs02557
0,,,,,0,abs02558
1,,,0,,1,abs02559
1,3,,0,,1,abs02560
1,0,0,,,1,abs02561
0,,,,,1,abs02562
1,,,0,,0,abs02563
1,,2,,,0,abs02564
1,6,,0,,0,abs02565
1,1 2,,,,0,abs02566
1,3,,0,,0,abs02567
0,,,,,1,abs02568
0,,,,0,1,abs02569
0,,,,,1,abs02570
1,6,1,,,1,abs02571
0,,,,,0,abs02572
0,,,,,1,abs02573
0,,,,,1,abs02574
0,,,,0,1,abs02575
1,3,2,,,0,abs02576
1,3,2,0,,0,abs02577
0,,,,,1,abs02578
1,2,,,,0,abs02579
1,6,,0,,1,abs02580
0,,,,,0,abs02581
1,2,,,,1,abs02582
0,,,,,1,abs02583
1,2,2,,,1,abs02584
0,,,,,1,abs02585
1,6,1,0,,1,abs02586
0,,,,,1,abs02587
0,,,,,1,abs02588
0,,,,,1,abs02589
1,2 6,,0,,0,abs02590
0,,,,,1,abs02591
1,6,,0,,0,abs02592
0,,,,,0,abs02593
0,,,,,1,abs02594
1,1 2,,,,1,abs02595
1,3,,,,0,abs02596
1,5,1,0,,0,abs02597
0,,,,1,1,abs02598
1,6,,0,,0,abs02599
1,3,,0,1,1,abs02600
0,,,,,0,abs02601
1,3 6,,0,,1,abs02602
1,6,,0,,0,abs02603
1,2,,,,1,abs02604
1,4 5,1,0,,1,abs02605
1,5,1,7,,0,abs02606
1,1 2 3 4 5 6,,,,0,abs02607
1,3,2,0,,0,abs02608
1,,,0,,1,abs02609
1,3 7,,,,1,abs02610
1,4 6,,0,,0,abs02611
0,,,,,1,abs02612
1,,,0,,1,abs02613
1,,,,,1,abs02614
1,6,,0,,0,abs02615
1,,,,,1,abs02616
1,3,,0,,0,abs02617
0,,,,0,1,abs02618
1,3,2,0,,0,abs02619
1,4,2,0,,1,abs02620
1,6,,0,,1,abs02621
1,2,,,,1,abs02622
0,,,,,0,abs02623
0,,,,,0,abs02624
1,3,,0,,1,abs02625
1,1 2,2,22,,0,abs02626
0,,,,,0,abs02627
0,,,,,0,abs02628
1,1 2 3,,,,1,abs02629
1,5,,0,1,1,abs02630
1,3,,0,1,1,abs02631
0,,,,,1,abs02632
0,,,,,0,abs02633
1,2,,,,1,abs02634
1,,,,,1,abs02635
0,,,,,1,abs02636
1,3,,0,1,1,abs02637
0,,,,,1,abs02638
1,,,0,,1,abs02639
1,2,,0,1,1,abs02640
1,2,,18,,1,abs02641
1,2,,25,,0,abs02642
0,,,,,1,abs02643
0,,,,,1,abs02644
0,,,,,1,abs02645
1,3,,0,,0,abs02646
1,,2,0,,0,abs02647
0,,,,,1,abs02648
0,,,,,0,abs02649
1,2,,12,,1,abs02650
1,5,,0,,1,abs02651
0,,,,,1,abs02652
1,,2,0,,1,abs02653
1,5,,0,,0,abs02654
1,2,,23,,1,abs02655
1,,,,,1,abs02656
0,,,,,1,abs02657
1,,2,,,1,abs02658
1,6,,0,,1,abs02659
1,6,,0,,1,abs02660
0,,,,,0,abs02661
1,6,,0,,1,abs02662
1,7,,0,,1,abs02663
1,,2,0,,1,abs02664
1,,,,,1,abs02665
1,5,,0,,1,abs02666
1,6,,0,,1,abs02667
0,,,,,1,abs02668
1,2,2,,,1,abs02669
0,,,,,0,abs02670
1,3,,0,,0,abs02671
1,4,,,,1,abs02672
1,3,,,,1,abs02673
1,2,,,,1,abs02674
0,,,,,0,abs02675
1,5,,0,,0,abs02676
1,6,,0,,1,abs02677
1,2,2,26,,1,abs02678
1,1 2,,14 22,,1,abs02679
0,,,,,1,abs02680
1,3,,0,,1,abs02681
1,,,,,0,abs02682
1,,,0,,1,abs02683
1,1 2,,40,1,1,abs02684
0,,,,,1,abs02685
0,,,,,1,abs02686
1,3,,0,1,1,abs02687
1,2,,,,0,abs02688
1,,2,0,,1,abs02689
1,5,,0,,1,abs02690
0,,,,,1,abs02691
0,,,,,0,abs02692
1,,,,,1,abs02693
0,,,,,1,abs02694
0,,,,,0,abs02695
0,,,,,1,abs02696
1,1 2,,22,,0,abs02697
1,6,,0,1,1,abs02698
1,,,0,,0,abs02699
1,,,0,,0,abs02700
1,2,,,,0,abs02701
1,2,,0,,1,abs02702
1,3,,0,,0,abs02703
1,1 2 7,,,,0,abs02704
0,,,,,1,abs02705
1,4 5,,,,0,abs02706
0,,,,,1,abs02707
1,3,,0,,1,abs02708
1,4 5,,0,,0,abs02709
1,2,,,,0,abs02710
1,2,,,,1,abs02711
1,6,,0,,1,abs02712
0,,,,,1,abs02713
0,,,,,0,abs02714
0,,,,,1,abs02715
1,5,,0,,0,abs02716
1,1 2,,26,,0,abs02717
1,3,1,0,,1,abs02718
1,5,,0,,0,abs02719
1,7,,0,,1,abs02720
1,3,1,0,1,1,abs02721
1,3,1,0,,0,abs02722
1,6,,0,,0,abs02723
0,,,,,0,abs02724
1,3,,0,1,1,abs02725
1,6,2,0,,0,abs02726
1,,,0,,0,abs02727
1,6,,0,,1,abs02728
1,3,,0,,1,abs02729
1,6,,0,,0,abs02730
1,5 6,,0,,0,abs02731
1,2,,,,0,abs02732
0,,,,,0,abs02733
1,3,,0,,0,abs02734
0,,,,,1,abs02735
1,,,0,,1,abs02736
1,6,,0,,0,abs02737
1,,,0,,1,abs02738
1,2,,7,,1,abs02739
1,3,,0,,1,abs02740
1,1 2,2,7 26,,0,abs02741
1,3 7,,0,,0,abs02742
1,2,,25,,1,abs02743
1,4 5 6,,,,0,abs02744
1,,2,0,,0,abs02745
1,1 2,,,,0,abs02746
0,,,,,1,abs02747
1,2,,,,1,abs02748
0,,,,,1,abs02749
1,2,,0,,1,abs02750
1,3,1,,,0,abs02751
1,3,,0,1,1,abs02752
1,6,2,0,,1,abs02753
1,4 6,,,,1,abs02754
1,3,,0,,0,abs02755
1,5 6,,0,,1,abs02756
0,,,,,1,abs02757
1,6,,0,,1,abs02758
0,,,,,1,abs02759
1,6,2,0,,1,abs02760
0,,,,,0,abs02761
1,6,,0,,1,abs02762
1,2,,0,,1,abs02763
1,2,,7,,0,abs02764
1,4,1,,,0,abs02765
0,,,,,0,abs02766
1,3,2,0,,0,abs02767
1,6,,,,1,abs02768
0,,,,,1,abs02769
1,2,,3,,1,abs02770
1,6,,0,,1,abs02771
1,2,,,,1,abs02772
1,3,,0,1,1,abs02773
1,3,,0,,1,abs02774
1,6,,,,1,abs02775
0,,,,,0,abs02776
1,6,,0,,0,abs02777
0,,,,,1,abs02778
1,6 7,2,0,1,1,abs02779
1,3,2,0,,0,abs02780
0,,,,,1,abs02781
0,,,,,1,abs02782
1,2 3 6,,,,0,abs02783
0,,,,,1,abs02784
0,,,,,1,abs02785
1,6,2,0,,0,abs02786
1,0,,0,,0,abs02787
0,,,,,1,abs02788
1,2,,0,,0,abs02789
1,2,,12,,0,abs02790
1,6,2,0,,1,abs02791
1,2,,26,,1,abs02792
1,5,,0,1,1,abs02793
1,3,,,,0,abs02794
1,6,,0,,1,abs02795
1,4,,0,,0,abs02796
1,6,,0,,0,abs02797
1,,,0,,0,abs02798
1,1 2,,22,,1,abs02799
1,6,,0,,1,abs02800
1,2,,,,0,abs02801
1,,,0,,1,abs02802
0,,,,,1,abs02803
1,3 6,,0,,0,abs02804
1,6 7,1,0,,1,abs02805
1,3,,0,1,1,abs02806
1,3,,0,,1,abs02807
1,4,1,,,1,abs02808
1,6,,0,,0,abs02809
0,,,,,1,abs02810
1,,2,,,1,abs02811
1,2,,,1,1,abs02812
0,,,,,0,abs02813
1,6,,0,,1,abs02814
1,,,0,,1,abs02815
1,6,2,0,,0,abs02816
1,3 6,1,0,1,1,abs02817
1,3,,0,1,1,abs02818
1,7,,0,,0,abs02819
1,4 5 6,2,0,,0,abs02820
1,,2,,,1,abs02821
1,3 5 6,,0,,0,abs02822
1,3,,0,1,1,abs02823
1,6 7,,0,,1,abs02824
1,,,0,,1,abs02825
0,,,,,1,abs02826
1,2,,,,1,abs02827
1,1 2,,15 26,,0,abs02828
1,3,2,0,,0,abs02829
1,3,,,1,1,abs02830
1,6,,0,,1,abs02831
0,,,,,0,abs02832
1,1 2,,22,1,1,abs02833
1,3,,0,,0,abs02834
1,7,,,,1,abs02835
0,,,,,1,abs02836
0,,,,,1,abs02837
1,3,,,,1,abs02838
1,6,,0,,1,abs02839
0,,,,,1,abs02840
1,6,,0,1,1,abs02841
1,6,,,,1,abs02842
1,5,,0,,1,abs02843
1,0,,0,,1,abs02844
1,,,,,1,abs02845
1,,,,,0,abs02846
1,4 5 6,,0,,0,abs02847
1,,2,0,1,1,abs02848
1,6,,0,,1,abs02849
1,3 7,,0,,1,abs02850
1,,,0,,1,abs02851
1,4 5,1,0,,0,abs02852
0,,,,0,1,abs02853
1,2,,,,1,abs02854
0,,,,,1,abs02855
0,,,,,0,abs02856
1,6,,0,,1,abs02857
1,6,2,0,,1,abs02858
1,5,,,,1,abs02859
1,1 2,,26,,1,abs02860
1,6,2,0,,1,abs02861
1,3,,0,1,1,abs02862
1,,2,0,,0,abs02863
0,,,,,0,abs02864
0,,,,,1,abs02865
1,6,,,,0,abs02866
1,7,,0,,1,abs02867
1,1 2,,,1,1,abs02868
0,,,,,1,abs02869
0,,,,,1,abs02870
1,,,0,,1,abs02871
1,6,,0,,1,abs02872
0,,,,,1,abs02873
0,,,,,0,abs02874
1,3,,0,,1,abs02875
1,1 2,2,26,,0,abs02876
1,6,2,0,,1,abs02877
1,6,2,0,,0,abs02878
0,,,,,0,abs02879
1,6,2,0,,0,abs02880
1,2,,,,1,abs02881
1,6,2,0,,1,abs02882
1,0,,0,,1,abs02883
1,,,0,,0,abs02884
0,,,,,1,abs02885
1,,,0,,0,abs02886
1,0,2,0,,0,abs02887
0,,,,,1,abs02888
0,,,,,0,abs02889
0,,,,,1,abs02890
0,,,,1,1,abs02891
1,4 5,,0,,0,abs02892
0,,,,0,1,abs02893
1,3,2,0,1,1,abs02894
1,6,,,,1,abs02895
1,4 5 6,,0,,0,abs02896
1,6,,0,,0,abs02897
1,6,,0,,1,abs02898
1,5,,0,,1,abs02899
0,,,,,1,abs02900
1,3,,0,1,1,abs02901
1,6,,0,,1,abs02902
1,3,,0,,1,abs02903
1,5,1,0,,0,abs02904
1,1 2,,,1,1,abs02905
0,,,,,1,abs02906
1,6,,0,,1,abs02907
0,,,,,0,abs02908
1,0,,0,,1,abs02909
1,1 2,,7 26,,1,abs02910
1,4,,0,,1,abs02911
1,2,,25,,1,abs02912
1,6,,0,,1,abs02913
1,6,,,,1,abs02914
0,,,,,1,abs02915
1,6,,0,,1,abs02916
1,6,,0,,1,abs02917
1,5,,0,,0,abs02918
1,3,2,,1,1,abs02919
1,5,2,0,,0,abs02920
1,,2,0,,1,abs02921
1,6,2,0,,1,abs02922
1,3,,16 17,,0,abs02923
1,2,,12,,1,abs02924
1,3,,0,,0,abs02925
1,2,2,,,1,abs02926
1,,2,0,,0,abs02927
0,,,,,1,abs02928
1,,,,,1,abs02929
1,3 6,,0,,0,abs02930
1,6,,0,,1,abs02931
1,,2,0,,1,abs02932
1,6,2,0,,0,abs02933
0,,,,,1,abs02934
1,2,,,,1,abs02935
0,,,,,1,abs02936
0,,,,,1,abs02937
1,3,1,0,,0,abs02938
0,,,,,1,abs02939
1,6,,0,,0,abs02940
1,,2,0,,0,abs02941
1,0,,0,,0,abs02942
1,4 5,,0,,0,abs02943
0,,,,,1,abs02944
1,5,,0,,0,abs02945
1,5 6,,0,,0,abs02946
1,2,,0,,1,abs02947
0,,,,,0,abs02948
1,3 6,,0,1,1,abs02949
1,7,2,0,,0,abs02950
1,1 2 3,,,1,1,abs02951
0,,,,,1,abs02952
0,,,,,0,abs02953
1,3,1,15,1,1,abs02954
1,6,,0,,0,abs02955
0,,,,,0,abs02956
1,5 6,1,,,0,abs02957
1,3,2,0,1,1,abs02958
0,,,,,1,abs02959
0,,,,,0,abs02960
1,2,,,,1,abs02961
1,1 2,1,,,0,abs02962
0,,,,,1,abs02963
1,6,,,,0,abs02964
1,1 2,,,,1,abs02965
1,6,,0,,0,abs02966
1,1 2,,,,1,abs02967
0,,,,,1,abs02968
1,4 5,,0,,1,abs02969
0,,,,,1,abs02970
1,3,2,0,,0,abs02971
1,6,,0,,1,abs02972
1,2,,26,,0,abs02973
1,3,,0,,0,abs02974
1,5,,0,,1,abs02975
0,,,,,0,abs02976
1,,,0,,0,abs02977
1,3,2,0,,0,abs02978
1,6,,0,,1,abs02979
1,2,,,,1,abs02980
1,2,,,,1,abs02981
1,6,1,0,,0,abs02982
1,3,2,0,,0,abs02983
1,0,,,,1,abs02984
0,,,,,1,abs02985
1,3,,21,,1,abs02986
0,,,,,1,abs02987
1,2,,,,1,abs02988
1,2,2,26,,1,abs02989
1,3,,0,,0,abs02990
1,2,,,,1,abs02991
1,3,,0,,1,abs02992
1,6,,0,1,0,abs02993
0,,,,,1,abs02994
0,,,,,1,abs02995
0,,,,,1,abs02996
1,3,,0,,0,abs02997
1,3,,0,,1,abs02998
1,,,0,,1,abs02999
1,,,,,0,abs03000
0,,,,,1,abs03001
1,6,,0,,1,abs03002
1,6,,0,,0,abs03003
0,,,,,1,abs03004
0,,,,,1,abs03005
1,3,,0,,1,abs03006
1,3,,0,,0,abs03007
1,3,,0,,1,abs03008
1,6,,0,,1,abs03009
1,2,,,,1,abs03010
1,2,,,,0,abs03011
1,6,,0,,1,abs03012
1,3,,,1,1,abs03013
1,4 5 6,,0,1,1,abs03014
0,,,,,0,abs03015
1,3,,0,,1,abs03016
1,5,,0,,0,abs03017
1,6,1,0,,0,abs03018
1,3 7,,,,1,abs03019
1,6,2,0,,1,abs03020
1,6,,0,,1,abs03021
1,3,,0,,0,abs03022
1,6,,,,1,abs03023
1,2 3 6,,12,1,1,abs03024
1,7,2,0,,0,abs03025
0,,,,,0,abs03026
0,,,,,1,abs03027
0,,,,,1,abs03028
0,,,,,0,abs03029
1,1 2,,,1,1,abs03030
0,,,,,1,abs03031
1,2,,,,1,abs03032
1,2,1,,,1,abs03033
1,,,,,1,abs03034
1,6,,0,,0,abs03035
0,,,,,1,abs03036
1,,,0,,1,abs03037
1,3,2,0,,1,abs03038
1,6,,12,,1,abs03039
1,6,1,,,1,abs03040
0,,,,,1,abs03041
1,3,,,,1,abs03042
1,6,,0,,1,abs03043
1,,,0,,0,abs03044
1,,2,0,,1,abs03045
0,,,,,0,abs03046
1,6,,0,,0,abs03047
1,,,0,,0,abs03048
0,,,,,0,abs03049
1,1 2,,22,,1,abs03050
0,,,,,1,abs03051
0,,,,,1,abs03052
1,6,,0,,1,abs03053
0,,,,,1,abs03054
1,,1,,,1,abs03055
0,,,,,1,abs03056
1,3 7,,,,1,abs03057
1,2,1,,1,1,abs03058
1,6,2,0,,1,abs03059
0,,,,,1,abs03060
1,7,,0,,1,abs03061
1,0,,0,,0,abs03062
1,2,,,,1,abs03063
1,4 5,1,0,,1,abs03064
1,3,,0,,1,abs03065
1,2,,,,1,abs03066
1,6,2,0,,1,abs03067
0,,,,,1,abs03068
0,,,,,1,abs03069
1,1 2,,26,,0,abs03070
0,,,,,0,abs03071
0,,,,,1,abs03072
1,6,,0,,1,abs03073
1,3,,0,,1,abs03074
0,,,,,0,abs03075
1,3,,,,1,abs03076
1,6,1,0,,1,abs03077
1,2,,,,0,abs03078
1,6,,0,,1,abs03079
1,0,,0,,1,abs03080
1,6,,,,1,abs03081
1,1 2,,22,,0,abs03082
1,,,,,0,abs03083
1,6,2,0,,0,abs03084
0,,,,,1,abs03085
1,7,,0,,1,abs03086
0,,,,,1,abs03087
0,,,,,1,abs03088
1,1 2,1,,,1,abs03089
1,0,,0,,1,abs03090
0,,,,,1,abs03091
0,,,,,1,abs03092
1,2,2,0,,1,abs03093
1,3,,0,,1,abs03094
1,5,,0,,0,abs03095
0,,,,,1,abs03096
0,,,,,1,abs03097
0,,,,,1,abs03098
1,3 6,1,,,0,abs03099
0,,,,,1,abs03100
0,,,,,0,abs03101
1,2 3,2,,,1,abs03102
1,4,,,,1,abs03103
1,6,,0,,0,abs03104
0,,,,,0,abs03105
0,,,,,1,abs03106
1,6,1,0,,1,abs03107
1,7,,0,,1,abs03108
1,2,2,0,,1,abs03109
1,6,,0,,1,abs03110
1,4 5 6,2,0,,1,abs03111
1,5,1,0,,0,abs03112
0,,,,,1,abs03113
1,3,,0,1,1,abs03114
1,6,2,0,,0,abs03115
1,2,,,,1,abs03116
0,,,,0,1,abs03117
1,3,,0,,0,abs03118
1,6,,0,1,1,abs03119
1,6,,0,,1,abs03120
1,,2,0,,1,abs03121
1,6,,,,0,abs03122
1,3,,0,1,1,abs03123
1,3,1,0,,0,abs03124
1,5,,0,,0,abs03125
1,6,,0,,0,abs03126
1,5,1,0,,1,abs03127
1,2 3,,,,0,abs03128
1,5,,0,,0,abs03129
1,6,,0,,1,abs03130
1,,2,0,,1,abs03131
1,2,,,,1,abs03132
1,6,,0,,1,abs03133
0,,,,,1,abs03134
0,,,,,1,abs03135
0,,,,,1,abs03136
0,,,,,1,abs03137
1,3,,0,1,1,abs03138
0,,,,,1,abs03139
0,,,,,1,abs03140
1,6,2,0,,1,abs03141
1,6,,0,,0,abs03142
0,,,,,1,abs03143
1,1 2,,,,0,abs03144
0,,,,,1,abs03145
1,3,,0,,1,abs03146
1,3 6,,0,,0,abs03147
1,3,,0,1,1,abs03148
1,,2,0,,1,abs03149
0,,,,,1,abs03150
1,2,2,22 23,,0,abs03151
1,3,,,,1,abs03152
1,6,,0,,0,abs03153
0,,,,,1,abs03154
0,,,,,1,abs03155
1,3,,0,1,1,abs03156
1,0,,0,,0,abs03157
0,,,,,1,abs03158
1,0,,0,,1,abs03159
1,2,2,,,1,abs03160
1,1 2,,,,0,abs03161
1,2,,0,,1,abs03162
1,6,,0,,0,abs03163
1,2,,,,0,abs03164
1,1 2,,,1,1,abs03165
1,6,2,0,,0,abs03166
1,,,0,,0,abs03167
0,,,,1,0,abs03168
1,3,,,,0,abs03169
0,,,,,1,abs03170
1,1 2 6,,,,0,abs03171
1,3 5,,22,1,0,abs03172
1,3,,,,1,abs03173
1,2,,,1,1,abs03174
1,6,,0,,0,abs03175
1,7,,0,,1,abs03176
1,5 6,,16,,0,abs03177
1,5,1,0,,0,abs03178
1,5,,0,,0,abs03179
1,6,,0,,0,abs03180
1,3 5,,0,1,1,abs03181
1,6,,0,,1,abs03182
1,2,,25,,0,abs03183
1,2,,2,,1,abs03184
1,0,2,,,0,abs03185
1,5 6,,0,1,1,abs03186
1,3 5 6,,0,,0,abs03187
0,,,,,1,abs03188
1,6,,0,,1,abs03189
1,2,,,,1,abs03190
0,,,,,1,abs03191
1,,,0,,0,abs03192
1,3,,0,1,1,abs03193
1,2,1,11,,0,abs03194
1,4,2,0,,0,abs03195
1,3 6,,0,1,1,abs03196
0,,,,,1,abs03197
1,1 2,,14 22,,0,abs03198
1,6,,0,,0,abs03199
1,2,2,,,0,abs03200
1,5,,0,,0,abs03201
0,,,,,1,abs03202
0,,,,,1,abs03203
1,2,,,,0,abs03204
0,,,,,1,abs03205
1,5 6,1,0,,0,abs03206
1,5,,0,,0,abs03207
1,6,1,0,1,0,abs03208
1,3,,0,,0,abs03209
1,5,,0,,0,abs03210
1,2,2,,1,0,abs03211
0,,,,,1,abs03212
1,,,0,,1,abs03213
1,4 5,,0,,0,abs03214
1,3,,0,,1,abs03215
1,3,,0,,1,abs03216
0,,,,,0,abs03217
1,6,,0,,0,abs03218
1,3 5,,0,,0,abs03219
1,3,,0,,0,abs03220
1,6,,0,,1,abs03221
0,,,,,1,abs03222
1,6,,0,,0,abs03223
1,2 4,,,,1,abs03224
1,3,,0,,1,abs03225
1,6 7,2,0,,1,abs03226
0,,,,,1,abs03227
1,2,,,,1,abs03228
1,1 2,,,,1,abs03229
1,,2,0,,0,abs03230
1,6,,0,,0,abs03231
1,2 3 6,,0,,1,abs03232
1,2,,,,1,abs03233
1,6,,0,,1,abs03234
1,3,1,0,,0,abs03235
1,6,,0,,0,abs03236
0,,,,0,1,abs03237
1,2,,0,,1,abs03238
1,3,,0,,1,abs03239
1,6,,0,,0,abs03240
1,6,,0,,0,abs03241
0,,,,,1,abs03242
1,,2,0,,0,abs03243
0,,,,,1,abs03244
1,4 5,,,,0,abs03245
1,3,,0,1,1,abs03246
1,3,2,0,,1,abs03247
1,2 3,,,,0,abs03248
0,,,,,1,abs03249
1,,2,,,1,abs03250
1,3,,0,1,1,abs03251
0,,,,,1,abs03252
0,,,,,0,abs03253
1,,,0,,1,abs03254
0,,,,,0,abs03255
1,5,2,0,,1,abs03256
1,,,0,,1,abs03257
0,,,,,1,abs03258
0,,,,,0,abs03259
1,2 3 6,,0,,0,abs03260
1,,2,0,,1,abs03261
1,,,,,1,abs03262
1,1 2,,,,1,abs03263
1,6,,0,1,1,abs03264
1,6,,0,,0,abs03265
1,,,,,1,abs03266
0,,,,,0,abs03267
1,4 5,,0,,0,abs03268
1,3,,0,,1,abs03269
1,2,2,0,,1,abs03270
1,3,,,,1,abs03271
1,,,,,1,abs03272
1,3,,0,1,1,abs03273
1,3,,22,,1,abs03274
1,0,,0,,0,abs03275
1,6,,0,,1,abs03276
0,,,,,0,abs03277
1,3,,0,,0,abs03278
0,,,,,1,abs03279
0,,,,,1,abs03280
0,,,,,1,abs03281
0,,,,,1,abs03282
1,6,,0,,1,abs03283
0,,,,,1,abs03284
1,6,,0,,0,abs03285
1,3,,0,,0,abs03286
1,6,,,,1,abs03287
1,3,,0,1,1,abs03288
1,3,,0,,1,abs03289
1,6,2,,,0,abs03290
0,,,,,1,abs03291
0,,,,,1,abs03292
0,,,,,1,abs03293
0,,,,1,1,abs03294
1,3,,,,1,abs03295
0,,,,,1,abs03296
1,3,,,,0,abs03297
1,6,2,0,,0,abs03298
1,2 3,,16,,1,abs03299
0,,,,,1,abs03300
1,,,,,1,abs03301
0,,,,,1,abs03302
1,6,1,,,1,abs03303
1,2,,25,,0,abs03304
1,2,,,1,0,abs03305
1,6,,0,,1,abs03306
0,,,,,1,abs03307
1,6,,0,,1,abs03308
1,3,,0,1,1,abs03309
1,6,,0,,1,abs03310
1,3,,0,1,1,abs03311
1,6,1,0,,0,abs03312
1,,2,,,1,abs03313
0,,,,1,1,abs03314
1,5,,0,,0,abs03315
1,3,1,0,,0,abs03316
1,,,0,,1,abs03317
0,,,,1,1,abs03318
1,2 3,,15,,1,abs03319
1,3,,0,1,1,abs03320
0,,,,,1,abs03321
0,,,,,1,abs03322
0,,,,,1,abs03323
1,3,,0,,0,abs03324
1,0,,,,1,abs03325
0,,,,,1,abs03326
1,5,,0,,0,abs03327
1,6,2,0,,0,abs03328
0,,,,,1,abs03329
1,5,,0,,0,abs03330
0,,,,,1,abs03331
0,,,,,1,abs03332
0,,,,,1,abs03333
0,,,,,1,abs03334
1,,,,,1,abs03335
1,6,,,,0,abs03336
0,,,,,1,abs03337
1,6,,0,,1,abs03338
1,2,,0,,1,abs03339
1,3,1,0,,1,abs03340
1,5 6,1,0,1,1,abs03341
0,,,,,0,abs03342
0,,,,,1,abs03343
0,,,,,0,abs03344
0,,,,,1,abs03345
1,3,,,,0,abs03346
1,1 2,,26,1,1,abs03347
1,6,,0,,1,abs03348
1,,2,0,,1,abs03349
1,3,,0,,1,abs03350
0,,,,,1,abs03351
1,2,,0,,1,abs03352
0,,,,,1,abs03353
1,2 3 5 6,,0,,0,abs03354
1,2,2,,,0,abs03355
1,3 6,1,0,1,1,abs03356
1,6,,0,,0,abs03357
1,5 6,,0,,1,abs03358
1,6,,0,,0,abs03359
0,,,,,1,abs03360
0,,,,,0,abs03361
1,2,,0,,1,abs03362
1,3,,0,,0,abs03363
1,,,0,,1,abs03364
0,,,,,0,abs03365
1,,2,0,,0,abs03366
1,2,,,,0,abs03367
1,6,2,0,,0,abs03368
0,,,,,1,abs03369
1,5,,0,,0,abs03370
1,7,2,0,,1,abs03371
0,,,,,1,abs03372
0,,,,,1,abs03373
0,,,,,1,abs03374
1,6,2,0,,0,abs03375
1,2,,10,,1,abs03376
0,,,,,1,abs03377
1,3,1,0,,1,abs03378
0,,,,,1,abs03379
1,6,,0,,0,abs03380
1,3,,0,,1,abs03381
0,,,,,1,abs03382
1,7,,,,0,abs03383
1,3,,0,1,1,abs03384
1,4,,,,1,abs03385
1,6,,,,0,abs03386
1,0,,0,,1,abs03387
1,6,,0,,1,abs03388
1,5 6,,0,,0,abs03389
1,6,,0,,1,abs03390
0,,,,,0,abs03391
1,4,,,,1,abs03392
1,0,,0,,1,abs03393
0,,,,,1,abs03394
1,3,,0,,1,abs03395
1,6,,0,,1,abs03396
1,6,,0,,1,abs03397
1,3,2,0,,0,abs03398
1,1 2,,,1,1,abs03399
1,4 5,,0,,0,abs03400
1,6,1,,,1,abs03401
1,0,,,,0,abs03402
0,,,,,1,abs03403
1,3,,,,0,abs03404
0,,,,0,1,abs03405
1,6,,0,,0,abs03406
1,3,2,0,1,1,abs03407
1,5,,0,,0,abs03408
1,6,,0,,1,abs03409
1,3,,0,1,1,abs03410
1,6,,0,,0,abs03411
1,3,,0,,1,abs03412
1,1 2,1,,,1,abs03413
0,,,,,1,abs03414
1,,,,,0,abs03415
1,6,2,0,,1,abs03416
0,,,,,1,abs03417
1,6,,0,,0,abs03418
0,,,,,0,abs03419
1,6,,0,,0,abs03420
1,2,,,,1,abs03421
1,,,0,,1,abs03422
0,,,,,1,abs03423
0,,,,,1,abs03424
1,3 6,,,,0,abs03425
1,1 2,1,,,0,abs03426
1,2,,,,0,abs03427
0,,,,,1,abs03428
1,6,,0,,0,abs03429
0,,,,,1,abs03430
1,6,,0,,0,abs03431
1,3,,0,,0,abs03432
0,,,,,0,abs03433
0,,,,,1,abs03434
1,6,,0,,0,abs03435
1,1 2,,14 22,,1,abs03436
0,,,,,0,abs03437
1,3,,0,1,1,abs03438
1,,,0,,0,abs03439
1,2,,,,1,abs03440
0,,,,,0,abs03441
1,3,,0,,0,abs03442
1,,,0,,1,abs03443
1,3,,0,1,1,abs03444
1,6,2,0,,1,abs03445
0,,,,,1,abs03446
1,,,0,,0,abs03447
1,3,1,0,,0,abs03448
0,,,,,1,abs03449
1,3,,,,1,abs03450
1,2,2,,,1,abs03451
1,3,,0,,1,abs03452
1,3,,0,1,0,abs03453
0,,,,,0,abs03454
0,,,,,1,abs03455
0,,,,,1,abs03456
1,6,2,0,,0,abs03457
1,6,2,0,,0,abs03458
1,7,,0,,0,abs03459
1,6,,0,,0,abs03460
0,,,,,1,abs03461
0,,,,,0,abs03462
1,6,,0,,0,abs03463
1,5,,0,,0,abs03464
1,6,,0,,1,abs03465
1,3,,0,,0,abs03466
1,5,0,0,,1,abs03467
1,3,2,0,1,1,abs03468
1,3,2,0,,0,abs03469
1,3,,0,,1,abs03470
1,1 2,,26,,1,abs03471
1,6,,0,,1,abs03472
1,2,2,,,0,abs03473
1,3,,0,,1,abs03474
0,,,,,1,abs03475
1,6,,0,,0,abs03476
1,,,0,,0,abs03477
1,1 2,,,,0,abs03478
1,3,,0,,1,abs03479
1,5,,0,,1,abs03480
0,,,,,1,abs03481
1,,,,,1,abs03482
0,,,,,1,abs03483
0,,,,,1,abs03484
0,,,,,1,abs03485
1,3,,0,,1,abs03486
0,,,,,1,abs03487
0,,,,,1,abs03488
1,3 5 6,,0,,1,abs03489
1,3,,0,1,1,abs03490
1,5,,0,,0,abs03491
1,6,,0,,1,abs03492
1,2,,40,,0,abs03493
1,4,,,,1,abs03494
1,2 6,,,,0,abs03495
1,6,,0,,1,abs03496
1,1 2,,23,,1,abs03497
0,,,,,1,abs03498
1,6,,0,,1,abs03499
1,2,,,,1,abs03500
0,,,,,0,abs03501
0,,,,,1,abs03502
1,1 2,2,7,,1,abs03503
0,,,,,0,abs03504
1,3,2,0,1,1,abs03505
0,,,,,0,abs03506
0,,,,,1,abs03507
1,2,,,,1,abs03508
1,6,,0,,1,abs03509
1,5,,0,,0,abs03510
1,6,,0,,1,abs03511
1,4 5 6,,0,1,1,abs03512
1,,2,0,,0,abs03513
1,2,,,,1,abs03514
1,6,,0,,1,abs03515
1,,,0,,0,abs03516
0,,,,,1,abs03517
0,,,,,1,abs03518
0,,,,,1,abs03519
0,,,,,1,abs03520
1,1 2,,7,,1,abs03521
1,3,,,,1,abs03522
1,1 2,,,,0,abs03523
1,6,2,0,,1,abs03524
0,,,,,0,abs03525
1,3,1,,1,1,abs03526
1,6,,,,1,abs03527
0,,,,,1,abs03528
0,,,,,1,abs03529
1,1 2,,7,,0,abs03530
1,3,,0,,1,abs03531
1,6,2,0,,1,abs03532
1,5,,0,,0,abs03533
0,,,,,1,abs03534
1,2 3,,16,,1,abs03535
0,,,,,1,abs03536
1,,2,0,,0,abs03537
1,3 6,2,0,,0,abs03538
1,6,,0,,0,abs03539
1,0,,0,,1,abs03540
1,3,,0,,1,abs03541
1,2,,0,,0,abs03542
0,,,,,1,abs03543
0,,,,,1,abs03544
1,3,,15,,0,abs03545
1,6,,0,,0,abs03546
1,6,,0,,1,abs03547
1,3,,0,,0,abs03548
1,3,,0,1,1,abs03549
0,,,,,1,abs03550
1,6,,0,,0,abs03551
1,2 3,,12,,1,abs03552
1,,2,0,,1,abs03553
1,0,,0,,0,abs03554
1,6,2,0,,0,abs03555
1,6,2,0,,0,abs03556
1,3,,,,1,abs03557
1,,2,,,0,abs03558
1,6,,0,,1,abs03559
1,3,,0,,1,abs03560
0,,,,,1,abs03561
0,,,,,1,abs03562
1,6,,0,,1,abs03563
1,6,,0,,0,abs03564
1,2,,0,,1,abs03565
1,7,,0,,0,abs03566
1,0,,0,,0,abs03567
1,6,,0,,1,abs03568
1,6,2,0,,1,abs03569
1,3 7,,0,,1,abs03570
1,6,,0,,0,abs03571
1,3,,0,,1,abs03572
0,,,,,1,abs03573
1,6,,,,1,abs03574
0,,,,,1,abs03575
0,,,,,0,abs03576
1,6,,0,,1,abs03577
1,,,0,,1,abs03578
1,3,,0,,0,abs03579
1,1 2,,22,,0,abs03580
0,,,,,1,abs03581
1,7,,0,,0,abs03582
1,6,2,,,0,abs03583
1,3,,0,,0,abs03584
1,2,,,,0,abs03585
1,6,,,,1,abs03586
1,3,1,0,,0,abs03587
1,3 7,,0,,0,abs03588
1,6,1,0,,0,abs03589
0,,,,,1,abs03590
1,3,,0,,1,abs03591
1,6,,0,,0,abs03592
1,2,2,,,1,abs03593
1,6,,0,,0,abs03594
1,2,,,,1,abs03595
1,6,,0,,0,abs03596
1,0,2,0,,1,abs03597
0,,,,,1,abs03598
1,6,,,,0,abs03599
1,6,1,0,1,1,abs03600
0,,,,,1,abs03601
1,4 5 6,1,,,1,abs03602
1,6,,0,,1,abs03603
0,,,,,1,abs03604
0,,,,,1,abs03605
1,2,2,15,,0,abs03606
1,3,,0,,0,abs03607
1,6,,0,,1,abs03608
1,,2,0,,0,abs03609
0,,,,,1,abs03610
1,2,,0,,0,abs03611
1,0,0,0,,0,abs03612
0,,,,,1,abs03613
1,6,2,0,,0,abs03614
0,,,,1,1,abs03615
1,6,,0,,1,abs03616
1,1 2,,22,1,0,abs03617
0,,,,,1,abs03618
1,3,,,1,1,abs03619
1,6,2,0,,0,abs03620
1,5,,0,,0,abs03621
1,3,,0,,0,abs03622
1,1 2 3,1,26,,1,abs03623
1,6,,0,,1,abs03624
1,3,,0,,0,abs03625
1,,,,,1,abs03626
1,0,,0,,0,abs03627
1,3,,0,,1,abs03628
0,,,,,1,abs03629
1,1 2,,,,0,abs03630
1,3,,,1,1,abs03631
1,6,2,0,1,1,abs03632
1,,,0,,0,abs03633
1,3,,0,,1,abs03634
1,6,,0,,0,abs03635
1,1 2,,,,0,abs03636
1,2,,22,,0,abs03637
0,,,,,1,abs03638
1,1 3,,0,1,1,abs03639
1,4 5 6,,0,,1,abs03640
1,6,,0,,1,abs03641
1,3,,,1,1,abs03642
1,5,,0,,0,abs03643
1,,,0,,1,abs03644
1,3,,0,,1,abs03645
1,0,0,0,,0,abs03646
0,,,,,1,abs03647
0,,,,1,1,abs03648
1,1 2,2,,,1,abs03649
1,2,,,,1,abs03650
1,1 2,,,,1,abs03651
1,4 5,,0,,0,abs03652
1,,,,,1,abs03653
1,6,,0,,1,abs03654
1,6,,0,,0,abs03655
1,1 2,2,,,0,abs03656
1,2 3,,16,,1,abs03657
1,,2,0,,1,abs03658
1,6,2,,,1,abs03659
0,,,,,0,abs03660
1,5,,0,,0,abs03661
1,6,2,0,,0,abs03662
1,3,,0,,0,abs03663
1,3,,0,,1,abs03664
1,2 6,2,,,0,abs03665
1,1 2,,7 26,,1,abs03666
0,,,,,0,abs03667
1,5,,0,,1,abs03668
1,3,,0,,0,abs03669
1,3,,0,1,1,abs03670
1,3 6,1,,1,0,abs03671
0,,,,,0,abs03672
0,,,,,0,abs03673
1,3 5,,0,,0,abs03674
1,6,,0,,0,abs03675
1,,,,,0,abs03676
0,,,,,0,abs03677
1,4 5,,0,,0,abs03678
1,1 2,,,,1,abs03679
1,2,,,,0,abs03680
1,2 3,,0,,1,abs03681
1,6,,,,1,abs03682
1,3,,0,1,1,abs03683
1,6,,0,,0,abs03684
0,,,,,1,abs03685
1,6,,0,,0,abs03686
1,5,,0,,0,abs03687
1,3,2,0,1,1,abs03688
0,,,,,1,abs03689
1,3,,0,,1,abs03690
1,4 5,,0,,0,abs03691
1,3,,0,1,1,abs03692
1,5,,0,,0,abs03693
1,3,,0,1,1,abs03694
0,,,,,1,abs03695
1,3,,0,,1,abs03696
1,6,,0,,1,abs03697
0,,,,1,1,abs03698
0,,,,,1,abs03699
1,3,2,0,,0,abs03700
0,,,,,1,abs03701
0,,,,,1,abs03702
1,1 2 6,,,1,0,abs03703
0,,,,,0,abs03704
1,3,,0,,0,abs03705
1,1 2,,7,,1,abs03706
0,,,,,0,abs03707
1,3 6,,0,,0,abs03708
0,,,,,1,abs03709
0,,,,,0,abs03710
1,6,,0,,1,abs03711
0,,,,,0,abs03712
1,3,2,7,,1,abs03713
1,3 6,,0,1,1,abs03714
1,2,2,,,1,abs03715
1,6,,0,,1,abs03716
1,,,0,1,1,abs03717
1,6,,0,,0,abs03718
1,,2,0,,0,abs03719
1,,2,,,1,abs03720
1,2,,0,,1,abs03721
1,,,,,1,abs03722
1,3,,0,1,1,abs03723
1,3,,0,,0,abs03724
0,,,,,1,abs03725
1,6,,0,,1,abs03726
0,,,,1,1,abs03727
1,4 5,2,0,,0,abs03728
1,3,,0,1,1,abs03729
0,,,,,1,abs03730
1,3,2,0,,1,abs03731
1,6,,0,,1,abs03732
1,6,2,0,,0,abs03733
1,3,,0,,0,abs03734
1,6,,0,,0,abs03735
1,,,,,0,abs03736
1,6,,0,,0,abs03737
1,4 5,,0,,1,abs03738
0,,,,,1,abs03739
0,,,,,1,abs03740
1,3,,0,,1,abs03741
1,,,0,,1,abs03742
1,2,,25,,1,abs03743
1,6,,0,,1,abs03744
0,,,,,1,abs03745
0,,,,,1,abs03746
1,2,,0,,0,abs03747
0,,,,,1,abs03748
1,4,,,,1,abs03749
0,,,,,1,abs03750
1,2,,,,0,abs03751
1,2,,,,1,abs03752
0,,,,,0,abs03753
0,,,,,1,abs03754
1,6,2,0,,0,abs03755
0,,,,,0,abs03756
1,,,0,,1,abs03757
0,,,,,1,abs03758
1,5 6,2,24,,0,abs03759
0,,,,,1,abs03760
0,,,,1,0,abs03761
1,,,0,,0,abs03762
1,,,0,,1,abs03763
0,,,,,1,abs03764
0,,,,,1,abs03765
1,6,,0,,1,abs03766
1,,2,0,,0,abs03767
1,3,,0,,1,abs03768
0,,,,,1,abs03769
1,3,2,0,1,1,abs03770
1,6,,0,,1,abs03771
0,,,,,0,abs03772
1,2,,,,1,abs03773
1,,,,,1,abs03774
1,4 5,,0,,1,abs03775
1,,,0,,1,abs03776
1,4 5 6,,0,,0,abs03777
0,,,,,1,abs03778
1,2 3,,,,1,abs03779
1,,,0,,0,abs03780
1,,,0,,1,abs03781
1,,,0,,1,abs03782
1,2 3 6,,24,,0,abs03783
1,6,,0,,0,abs03784
0,,,,,1,abs03785
1,6,2,0,,1,abs03786
1,3,2,0,,0,abs03787
1,6,2,0,,1,abs03788
1,3,,0,,0,abs03789
0,,,,,1,abs03790
1,7,,0,,0,abs03791
1,,,0,1,1,abs03792
1,2,,12,,1,abs03793
1,3 5,,0,,0,abs03794
1,2,,,,1,abs03795
1,,,0,,1,abs03796
1,6,,0,,0,abs03797
0,,,,,1,abs03798
1,1 2,2,,1,1,abs03799
1,3,,0,,1,abs03800
1,3,,0,,0,abs03801
0,,,,,1,abs03802
1,2,,23,,1,abs03803
1,4 5 6,,0,,0,abs03804
1,2 3,,16,,1,abs03805
1,3,,0,,1,abs03806
1,3,,0,,1,abs03807
1,3,1,0,,0,abs03808
1,6,,0,,1,abs03809
1,,,,,1,abs03810
1,5 6,,0,,1,abs03811
1,0,,0,,1,abs03812
1,5,1,0,,0,abs03813
1,,,0,,1,abs03814
1,3,2,0,,1,abs03815
1,5 6,,,,0,abs03816
1,6,,0,,1,abs03817
1,,,,,1,abs03818
0,,,,,1,abs03819
1,,,0,,1,abs03820
0,,,,,1,abs03821
0,,,,,0,abs03822
1,,,,,1,abs03823
1,6,,,,1,abs03824
1,2 3,,,,1,abs03825
0,,,,,1,abs03826
1,2 3,,,1,0,abs03827
1,2,,0,,1,abs03828
1,5 6,,,,0,abs03829
0,,,,,1,abs03830
1,,,,,1,abs03831
1,6,,0,,1,abs03832
1,3,,0,,0,abs03833
0,,,,,0,abs03834
1,3 6,1,0,1,1,abs03835
0,,,,,0,abs03836
1,6,,0,,1,abs03837
1,3,1,0,1,1,abs03838
0,,,,,0,abs03839
0,,,,,0,abs03840
1,3,2,0,,0,abs03841
1,3,2,0,,1,abs03842
1,6,,0,,1,abs03843
1,,,0,,1,abs03844
1,6,,0,,0,abs03845
1,0,,0,,1,abs03846
0,,,,,1,abs03847
0,,,,,1,abs03848
1,,,0,,0,abs03849
1,6,2,0,,0,abs03850
1,,2,0,,1,abs03851
0,,,,,0,abs03852
0,,,,,0,abs03853
1,3,,0,,1,abs03854
1,,,0,,1,abs03855
1,7,,0,,0,abs03856
0,,,,,0,abs03857
1,6,,0,,1,abs03858
1,6,,,,1,abs03859
0,,,,,0,abs03860
0,,,,,1,abs03861
1,6,,0,,0,abs03862
1,5,2,0,,0,abs03863
1,3 5 6,,0,,1,abs03864
1,6,,0,,0,abs03865
1,3,,0,,1,abs03866
1,4 5,1,0,,0,abs03867
0,,,,,1,abs03868
1,4 6,,0,,1,abs03869
1,3 6,2,0,,0,abs03870
1,3,2,0,1,1,abs03871
1,2 3,,,,0,abs03872
1,3,,0,,1,abs03873
1,3,2,0,,0,abs03874
1,6,,0,,0,abs03875
1,3 6,2,14,,0,abs03876
1,3 6,2,14,,0,abs03877
1,5 6,,0,,0,abs03878
1,3,,,,1,abs03879
0,,,,,0,abs03880
1,6,,0,1,1,abs03881
0,,,,,0,abs03882
1,6,2,,,1,abs03883
1,6,1,0,,0,abs03884
1,6,,0,,1,abs03885
1,5,1,0,1,1,abs03886
1,6,,0,,1,abs03887
1,1 2,,,,0,abs03888
1,6,,0,,0,abs03889
1,2,,22,,0,abs03890
0,,,,,0,abs03891
1,2,2,15 16,,0,abs03892
1,6,,0,,0,abs03893
1,6,2,40,,1,abs03894
1,2,,,,1,abs03895
0,,,,,1,abs03896
1,3,1,0,,1,abs03897
1,6,,0,,0,abs03898
0,,,,,1,abs03899
1,6,,0,,1,abs03900
0,,,,,1,abs03901
1,6,,0,,1,abs03902
1,6,,,,0,abs03903
1,6,,0,,1,abs03904
0,,,,,1,abs03905
1,3,,0,,1,abs03906
1,4 5 6,,0,,0,abs03907
1,4 5,2,0,,1,abs03908
0,,,,,1,abs03909
0,,,,,1,abs03910
0,,,,,0,abs03911
1,3,1,0,,0,abs03912
1,5 6,1,0,,0,abs03913
1,6,1,0,,1,abs03914
0,,,,,1,abs03915
1,7,,0,1,1,abs03916
1,4,,0,,0,abs03917
0,,,,,1,abs03918
1,3,1,0,,0,abs03919
0,,,,,1,abs03920
0,,,,,1,abs03921
1,6 7,2,0,,0,abs03922
1,2,,11,,1,abs03923
0,,,,,1,abs03924
0,,,,,0,abs03925
0,,,,,1,abs03926
1,,2,,,1,abs03927
1,4,,,,1,abs03928
1,3,,0,,0,abs03929
0,,,,,1,abs03930
1,6,,,,1,abs03931
1,2,2,0,,1,abs03932
0,,,,,1,abs03933
1,1 2,,22,1,1,abs03934
0,,,,,0,abs03935
1,3,,0,1,1,abs03936
1,3,,0,,1,abs03937
1,6,,0,,0,abs03938
1,0,,0,,1,abs03939
0,,,,,1,abs03940
1,,,,,0,abs03941
1,,,0,,1,abs03942
1,3 6,,0,1,0,abs03943
1,1 2,,7,,0,abs03944
0,,,,,1,abs03945
0,,,,,1,abs03946
1,,,,,1,abs03947
0,,,,,1,abs03948
1,,,0,,1,abs03949
1,2,,,,1,abs03950
1,3,,0,,1,abs03951
1,4 6,2,0,,0,abs03952
1,3,2,0,,0,abs03953
1,3,,0,,1,abs03954
0,,,,,0,abs03955
0,,,,,1,abs03956
0,,,,,1,abs03957
1,,2,0,,0,abs03958
1,2,2,,,1,abs03959
1,0,,0,,1,abs03960
0,,,,,1,abs03961
1,3,,0,,0,abs03962
0,,,,,1,abs03963
1,5,,0,,0,abs03964
1,2,,23,1,1,abs03965
1,6,,0,,0,abs03966
1,3,,0,,1,abs03967
1,1 2,,22,1,0,abs03968
1,6,,0,,1,abs03969
1,2,,16,,1,abs03970
1,6,,0,,1,abs03971
0,,,,,1,abs03972
1,6,,,,1,abs03973
1,3,,0,,0,abs03974
0,,,,,1,abs03975
0,,,,,1,abs03976
1,6,,,,1,abs03977
0,,,,,1,abs03978
0,,,,,1,abs03979
1,5,2,,,1,abs03980
0,,,,,0,abs03981
1,6,,0,,1,abs03982
1,3,,0,,0,abs03983
1,,,0,,0,abs03984
1,,2,,,1,abs03985
1,,2,0,,1,abs03986
1,2,,,,1,abs03987
1,3,,0,1,1,abs03988
1,6,2,0,,1,abs03989
1,,2,0,,0,abs03990
1,3,,0,,1,abs03991
0,,,,,1,abs03992
1,6,,0,,1,abs03993
1,,,,,1,abs03994
1,6 7,2,0,,0,abs03995
1,6,,0,,1,abs03996
1,7,,0,,1,abs03997
1,6,1,0,,0,abs03998
1,6,2,,,1,abs03999
1,3,,0,,1,abs04000
1,5,2,0,,0,abs04001
0,,,,,1,abs04002
1,,2,0,,0,abs04003
1,2,,,,1,abs04004
1,,2,0,,1,abs04005
1,,2,,,0,abs04006
1,6,,0,,1,abs04007
0,,,,,1,abs04008
0,,,,,1,abs04009
1,3,,0,,0,abs04010
1,,,0,,0,abs04011
1,2,,0,1,1,abs04012
1,,,0,,1,abs04013
0,,,,,1,abs04014
1,1 2,,22,1,1,abs04015
0,,,,,1,abs04016
1,6,,0,,0,abs04017
0,,,,,1,abs04018
1,2,,,,1,abs04019
1,4 5 6,,26,,0,abs04020
1,2,,0,,0,abs04021
1,3,,0,1,1,abs04022
1,5 6,,0,,0,abs04023
1,3,,,1,1,abs04024
1,,,0,,0,abs04025
0,,,,,0,abs04026
0,,,,,1,abs04027
1,6,,,,1,abs04028
1,6,,0,,0,abs04029
0,,,,,0,abs04030
1,6,2,0,,0,abs04031
1,6,,0,,1,abs04032
1,6,,0,,0,abs04033
1,3,,0,,1,abs04034
1,4 5,,0,,0,abs04035
1,2,2,,,0,abs04036
1,4 5,1,0,,0,abs04037
0,,,,,0,abs04038
0,,,,,1,abs04039
1,7,,0,,1,abs04040
1,3,,,,1,abs04041
1,4 5,,0,,0,abs04042
1,5 6,2,0,,0,abs04043
1,3,,0,,1,abs04044
1,6,2,0,,0,abs04045
1,7,,0,,1,abs04046
1,5 6,,0,,0,abs04047
1,3,,,,0,abs04048
0,,,,,0,abs04049
1,2,,16,,1,abs04050
1,4 5,,,1,0,abs04051
0,,,,,0,abs04052
1,3 5 6,1,,1,0,abs04053
1,,2,0,,1,abs04054
0,,,,,1,abs04055
1,5,,0,,0,abs04056
1,3,,0,1,1,abs04057
1,4 5,,0,,0,abs04058
1,6,,0,,0,abs04059
0,,,,,0,abs04060
1,2,,,,1,abs04061
1,3,,0,,1,abs04062
0,,,,,1,abs04063
1,6,1,0,,0,abs04064
0,,,,,1,abs04065
1,,,26,,1,abs04066
1,6,2,0,,0,abs04067
1,3,,0,,0,abs04068
1,2,,,,1,abs04069
0,,,,,1,abs04070
1,,,0,,1,abs04071
1,6 7,,0,1,1,abs04072
1,6,,0,,0,abs04073
0,,,,,0,abs04074
1,2,,0,,1,abs04075
1,5,,0,,1,abs04076
0,,,,,1,abs04077
1,3,,0,,1,abs04078
1,6,,,,1,abs04079
0,,,,,1,abs04080
1,6,,0,,1,abs04081
1,6,,0,,1,abs04082
0,,,,,1,abs04083
0,,,,,1,abs04084
1,6,,0,,0,abs04085
0,,,,,1,abs04086
1,6,,0,,0,abs04087
1,2 3 6,,,,0,abs04088
1,3,,,,1,abs04089
1,0,,0,,1,abs04090
1,3,,0,,0,abs04091
1,3,2,0,,1,abs04092
1,3 7,,0,,1,abs04093
1,6,2,0,,0,abs04094
0,,,,,1,abs04095
1,6 7,,0,,0,abs04096
1,0,,0,,1,abs04097
1,1 2,,26,,0,abs04098
0,,,,,1,abs04099
1,3,,0,,0,abs04100
1,5,,,,0,abs04101
1,6,,,,1,abs04102
1,1 2,,7,,1,abs04103
1,7,,0,,0,abs04104
0,,,,,1,abs04105
1,,2,0,,0,abs04106
0,,,,,0,abs04107
1,2,,0,,1,abs04108
1,6,,18,,0,abs04109
1,6,,0,,1,abs04110
0,,,,1,0,abs04111
0,,,,,0,abs04112
1,,,0,,1,abs04113
1,6,,0,,1,abs04114
0,,,,,0,abs04115
0,,,,,1,abs04116
0,,,,,1,abs04117
1,3,,0,,0,abs04118
1,,2,,,1,abs04119
0,,,,,1,abs04120
1,6,2,0,,1,abs04121
1,7,,0,,0,abs04122
0,,,,,1,abs04123
1,1 2,,,,0,abs04124
1,2,2,,,0,abs04125
1,3,,0,1,1,abs04126
1,3 7,,0,1,1,abs04127
1,6,2,0,,0,abs04128
0,,,,,1,abs04129
1,6,,0,,0,abs04130
1,5,1,0,,1,abs04131
1,6,,0,,1,abs04132
1,6,2,0,,0,abs04133
1,6,1,0,,0,abs04134
1,2,,,,0,abs04135
1,,2,0,,0,abs04136
0,,,,,0,abs04137
1,6,,0,,1,abs04138
0,,,,,0,abs04139
1,5,,0,,0,abs04140
1,6,,0,,1,abs04141
1,1 2,,,1,0,abs04142
1,,2,0,,1,abs04143
0,,,,,0,abs04144
1,6,,0,,1,abs04145
1,2,,,,1,abs04146
0,,,,,1,abs04147
1,,,0,,0,abs04148
1,,2,0,,1,abs04149
1,,2,,,0,abs04150
1,6,,0,,1,abs04151
0,,,,,1,abs04152
1,,,0,,0,abs04153
0,,,,,0,abs04154
1,3,,0,1,1,abs04155
1,6,,0,,1,abs04156
1,5,,0,,0,abs04157
1,5,,0,,0,abs04158
1,4 5,,0,1,0,abs04159
1,6,,0,,1,abs04160
0,,,,,1,abs04161
0,,,,,1,abs04162
0,,,,,1,abs04163
1,6,,0,,0,abs04164
1,2 3,,,,1,abs04165
1,6,2,0,,0,abs04166
0,,,,,1,abs04167
0,,,,,0,abs04168
0,,,,,1,abs04169
1,,2,,,1,abs04170
1,4 5,1,,,1,abs04171
0,,,,,0,abs04172
1,6,,0,,0,abs04173
0,,,,,0,abs04174
1,,,0,,1,abs04175
1,3,,0,1,1,abs04176
0,,,,,1,abs04177
1,3,,0,1,1,abs04178
0,,,,,0,abs04179
1,6,2,0,,1,abs04180
1,3,,0,,0,abs04181
1,6,2,0,,0,abs04182
0,,,,,1,abs04183
1,4 5,,,,0,abs04184
1,6,,0,,0,abs04185
0,,,,,0,abs04186
0,,,,,1,abs04187
1,6,,0,,0,abs04188
1,6,2,0,,0,abs04189
1,6,,0,,1,abs04190
0,,,,,0,abs04191
1,2,,,,1,abs04192
0,,,,,0,abs04193
0,,,,,1,abs04194
1,6,1,0,,0,abs04195
0,,,,,1,abs04196
1,3,,0,,0,abs04197
1,,2,0,,0,abs04198
1,6,,0,,1,abs04199
0,,,,,0,abs04200
1,6,2,0,,0,abs04201
1,4,,,1,1,abs04202
1,4 5,,0,,0,abs04203
1,3,,,,0,abs04204
1,3,,0,,0,abs04205
1,5,,0,,0,abs04206
1,,,,,1,abs04207
1,3,,0,,1,abs04208
0,,,,,1,abs04209
1,6,2,0,,1,abs04210
1,5,,0,,0,abs04211
1,6,2,0,,0,abs04212
1,3,,0,,1,abs04213
1,6,,0,,1,abs04214
1,6,,0,,1,abs04215
1,2,,,,1,abs04216
0,,,,,1,abs04217
1,6,,0,,1,abs04218
1,0,,0,,1,abs04219
1,5 6,,0,,1,abs04220
1,2 3,,,,1,abs04221
0,,,,,1,abs04222
1,6,,0,,0,abs04223
1,3,,0,1,1,abs04224
1,2,,,,0,abs04225
1,4 5 6,1,,,1,abs04226
0,,,,,1,abs04227
1,0,,0,,1,abs04228
1,6,2,0,,1,abs04229
1,6,1,0,,0,abs04230
1,6,,0,,0,abs04231
0,,,,,1,abs04232
1,5 6,,0,,1,abs04233
1,,2,,,1,abs04234
1,6,,0,,1,abs04235
0,,,,,1,abs04236
0,,,,,1,abs04237
1,3,2,0,1,1,abs04238
1,3,,0,1,1,abs04239
1,3,,0,,0,abs04240
1,,,,,1,abs04241
1,6,,0,,0,abs04242
1,4 5,,0,1,1,abs04243
0,,,,,1,abs04244
1,,2,0,,1,abs04245
1,6,,0,,0,abs04246
1,6,,0,,0,abs04247
0,,,,,0,abs04248
1,7,,0,,0,abs04249
0,,,,,1,abs04250
1,3,,0,,1,abs04251
1,3,,0,,1,abs04252
1,4 5 6,,0,,1,abs04253
1,,,,,1,abs04254
1,3,1,0,1,1,abs04255
1,3,1,0,,1,abs04256
0,,,,,0,abs04257
0,,,,,1,abs04258
1,1 2,,40,,1,abs04259
1,2,2,,,0,abs04260
1,3 7,,0,,1,abs04261
1,2,,,,1,abs04262
1,,,0,,1,abs04263
1,2,,,,1,abs04264
1,3,,0,,0,abs04265
1,2,,,,0,abs04266
0,,,,,0,abs04267
1,3 6,,,,1,abs04268
1,6,,0,,1,abs04269
1,6,2,0,,0,abs04270
0,,,,,0,abs04271
1,2 3,,16,,1,abs04272
1,,2,0,,1,abs04273
1,4 5,,0,,0,abs04274
0,,,,,1,abs04275
1,,,,,1,abs04276
1,2,2,,,0,abs04277
1,6,2,0,,1,abs04278
1,,,,,1,abs04279
0,,,,,1,abs04280
0,,,,,1,abs04281
1,3,,,,1,abs04282
0,,,,,1,abs04283
0,,,,,0,abs04284
1,3,,0,1,1,abs04285
1,6,,0,1,1,abs04286
1,6,,0,,1,abs04287
1,1 2,2,40,,1,abs04288
1,3,2,0,,1,abs04289
1,3,,0,,1,abs04290
1,2,2,0,,1,abs04291
0,,,,,1,abs04292
1,1 2,1,22,1,1,abs04293
1,6,0,0,,0,abs04294
1,6,,0,,0,abs04295
1,6,,,,1,abs04296
0,,,,,0,abs04297
0,,,,,1,abs04298
1,6,,0,1,1,abs04299
1,6,,0,,1,abs04300
1,6,,0,,1,abs04301
1,6,,0,,1,abs04302
1,,,0,,1,abs04303
1,,,,,1,abs04304
1,3,,0,,0,abs04305
0,,,,,0,abs04306
1,3,,,1,1,abs04307
1,,,0,,1,abs04308
1,6,,0,,0,abs04309
1,4 5,1,0,,0,abs04310
1,3,,0,,0,abs04311
1,3 5 6,,0,,0,abs04312
1,3 7,,0,,0,abs04313
0,,,,,1,abs04314
1,3,,0,,1,abs04315
0,,,,,0,abs04316
1,6,,0,,0,abs04317
1,3,,,,0,abs04318
0,,,,,0,abs04319
1,4 5 6,,0,,0,abs04320
1,7,2,0,,1,abs04321
1,3 6,1,0,1,0,abs04322
1,6,2,0,,1,abs04323
1,6,,0,,1,abs04324
1,6,,0,,0,abs04325
0,,,,,0,abs04326
0,,,,,0,abs04327
1,2,2,24,,0,abs04328
0,,,,,1,abs04329
1,6,,0,,0,abs04330
0,,,,,0,abs04331
0,,,,,0,abs04332
1,2,,24,,0,abs04333
1,6,2,0,,0,abs04334
0,,,,,1,abs04335
1,4 5,,0,,0,abs04336
1,,,,,0,abs04337
1,2,,,,1,abs04338
1,6,,0,,1,abs04339
1,4,,,,1,abs04340
0,,,,,1,abs04341
1,6,,0,,0,abs04342
0,,,,,0,abs04343
1,,,,,1,abs04344
1,1 2,,15 17,,1,abs04345
1,2,,0,,1,abs04346
1,6,,0,,1,abs04347
0,,,,,0,abs04348
1,3,,0,1,1,abs04349
1,3,,,,1,abs04350
0,,,,,1,abs04351
1,6,,0,,1,abs04352
1,2 3,1,,,0,abs04353
1,,,0,,1,abs04354
0,,,,,1,abs04355
1,,,0,,1,abs04356
1,3,,0,,1,abs04357
1,1 2,,22,,1,abs04358
1,,,0,1,1,abs04359
1,1 2,,7 26,,1,abs04360
1,3,,0,1,1,abs04361
1,3,,0,,0,abs04362
1,2,,10,,1,abs04363
0,,,,,1,abs04364
0,,,,,0,abs04365
1,3,,0,1,1,abs04366
1,7,,0,,0,abs04367
0,,,,,1,abs04368
1,,,,,1,abs04369
0,,,,,1,abs04370
1,6,,0,,1,abs04371
1,1 2,,40,,0,abs04372
0,,,,,1,abs04373
1,,1,0,,1,abs04374
1,2,,0,,1,abs04375
0,,,,,1,abs04376
1,6,2,0,,0,abs04377
1,6,2,0,,1,abs04378
1,2,,,,0,abs04379
1,2,,,,1,abs04380
1,4,,,,1,abs04381
1,,2,0,,1,abs04382
1,2,,,,1,abs04383
1,2 3,,,1,1,abs04384
0,,,,,1,abs04385
1,0,,0,,1,abs04386
0,,,,,1,abs04387
1,1 2,,,,1,abs04388
0,,,,,1,abs04389
1,5 6,,0,,1,abs04390
0,,,,,1,abs04391
1,3,,,,0,abs04392
1,5,,0,,1,abs04393
1,3,,0,,0,abs04394
1,4 5 6 7,2,0,,0,abs04395
1,1 2,,40,,0,abs04396
1,3,,,,0,abs04397
1,,,,,1,abs04398
1,6,2,0,,0,abs04399
1,2,,0,,1,abs04400
1,3,,0,,0,abs04401
1,1 2,,,,1,abs04402
1,2,,,,1,abs04403
0,,,,1,1,abs04404
1,6,,0,,1,abs04405
0,,,,,1,abs04406
1,4 6,,0,,0,abs04407
1,3,,0,1,1,abs04408
1,3,,0,1,1,abs04409
1,,,0,,1,abs04410
1,3,,0,1,1,abs04411
1,2 3,,,,1,abs04412
1,6,2,,,0,abs04413
0,,,,,1,abs04414
1,3,,0,,1,abs04415
1,3 7,,0,,1,abs04416
0,,,,,1,abs04417
0,,,,,1,abs04418
1,2,,0,,1,abs04419
1,2,,,,1,abs04420
1,6,2,0,,0,abs04421
0,,,,,0,abs04422
1,2,,,,1,abs04423
1,6,,0,,0,abs04424
0,,,,,0,abs04425
1,1 2,,22,,1,abs04426
0,,,,,1,abs04427
1,6,,,,1,abs04428
0,,,,,0,abs04429
1,,,0,,1,abs04430
0,,,,,1,abs04431
1,2,2,0,,1,abs04432
1,3,,0,,0,abs04433
1,,,0,,1,abs04434
1,5,,0,,0,abs04435
1,2,2,23,,0,abs04436
1,6,,0,,1,abs04437
1,6,,0,1,1,abs04438
1,3,,0,,1,abs04439
1,3,,0,,1,abs04440
1,2,2,17,,0,abs04441
1,3,,0,,0,abs04442
1,2,,,,1,abs04443
1,6,2,0,,0,abs04444
1,4 5,,0,,0,abs04445
1,3 6,,0,,1,abs04446
1,6,,0,,0,abs04447
1,6 7,,0,,0,abs04448
1,6,2,0,,0,abs04449
1,,,0,,0,abs04450
0,,,,,0,abs04451
1,5,2,,,0,abs04452
1,6,,0,,0,abs04453
1,6,1,0,,0,abs04454
0,,,,,0,abs04455
1,5,,0,,0,abs04456
1,3,,0,,0,abs04457
0,,,,,0,abs04458
1,3,,0,,1,abs04459
1,6,,0,1,0,abs04460
1,6,,0,,0,abs04461
1,5,,0,,0,abs04462
1,0,,0,,1,abs04463
1,3,,15,,0,abs04464
1,3 6,2,0,,0,abs04465
1,2 3 6,,,1,0,abs04466
1,3,,0,,0,abs04467
1,4 5,,0,,0,abs04468
1,3 5 6,1,0,,1,abs04469
1,5,,0,,0,abs04470
1,6,,0,,0,abs04471
0,,,,1,1,abs04472
1,6,,0,,1,abs04473
1,6,2,0,,1,abs04474
0,,,,,0,abs04475
1,0,2,0,,0,abs04476
0,,,,,0,abs04477
1,6,1,0,,1,abs04478
1,6,,0,,0,abs04479
0,,,,,1,abs04480
1,,,,,1,abs04481
0,,,,,1,abs04482
1,,,,,1,abs04483
1,0,2,0,,0,abs04484
0,,,,1,1,abs04485
1,,2,0,,0,abs04486
0,,,,,1,abs04487
1,,,0,,0,abs04488
1,,,0,,1,abs04489
1,5,,0,,0,abs04490
0,,,,,1,abs04491
1,6,,0,,0,abs04492
0,,,,,1,abs04493
1,2,2,18,,1,abs04494
1,5 6,,,,0,abs04495
0,,,,0,1,abs04496
1,2 3 6,2,16,,1,abs04497
1,6,2,0,,0,abs04498
1,3,,0,,0,abs04499
0,,,,,0,abs04500
1,3,,0,,0,abs04501
1,2 3 5 6,1,18,,0,abs04502
1,6,,0,,1,abs04503
0,,,,,0,abs04504
1,6 7,,0,,0,abs04505
1,4 5,1,0,,0,abs04506
1,6,2,0,,0,abs04507
1,3,,0,,0,abs04508
0,,,,,0,abs04509
1,,,0,,1,abs04510
1,2,,,,1,abs04511
1,6,,0,,1,abs04512
1,2,,0,,1,abs04513
1,6,,0,,0,abs04514
1,0,,0,,0,abs04515
1,,2,0,,1,abs04516
1,0,,0,,1,abs04517
1,3 4,2,0,,0,abs04518
1,2,0,0,,1,abs04519
1,6,2,0,,0,abs04520
0,,,,,0,abs04521
1,4 6,,24,,1,abs04522
1,5,,,,1,abs04523
1,7,,,,1,abs04524
1,2,,12,1,1,abs04525
1,3,2,0,1,1,abs04526
0,,,,,1,abs04527
1,2,,,,1,abs04528
1,,,0,,0,abs04529
1,3,,0,,1,abs04530
1,6,,,,1,abs04531
0,,,,,1,abs04532
0,,,,,0,abs04533
1,3,,0,1,0,abs04534
1,,2,0,,1,abs04535
1,6,,,,1,abs04536
1,1 3,,,1,0,abs04537
1,2,,24,,1,abs04538
0,,,,,1,abs04539
1,0,,0,,1,abs04540
1,3,,0,,1,abs04541
1,6,,0,,1,abs04542
1,,2,0,,0,abs04543
0,,,,,0,abs04544
0,,,,,1,abs04545
1,,,,,1,abs04546
1,3,,0,1,1,abs04547
1,6,,0,,0,abs04548
1,2,,0,,1,abs04549
1,5 6,,0,,0,abs04550
1,6,,0,,0,abs04551
1,1 2,,7,,1,abs04552
1,2,,,,1,abs04553
1,5,,,,1,abs04554
1,7,,0,,1,abs04555
0,,,,,1,abs04556
1,3,,0,1,1,abs04557
1,6,,0,,1,abs04558
1,,,0,,1,abs04559
0,,,,,0,abs04560
0,,,,,1,abs04561
1,3,,0,,0,abs04562
0,,,,,0,abs04563
1,6,2,0,,0,abs04564
1,3,,0,,1,abs04565
1,3,,0,,1,abs04566
1,6,,0,,1,abs04567
1,3,,0,1,1,abs04568
1,5,,,,0,abs04569
1,6,2,0,,0,abs04570
1,6,,0,,1,abs04571
1,6,,0,,1,abs04572
1,3,,0,1,1,abs04573
1,,,,,1,abs04574
1,3,,0,1,1,abs04575
0,,,,,1,abs04576
1,3,,0,,1,abs04577
0,,,,,0,abs04578
1,6,,0,,0,abs04579
1,6,,0,,0,abs04580
1,3,,0,,0,abs04581
0,,,,,1,abs04582
1,,2,,,1,abs04583
1,3,1,0,,0,abs04584
1,3,,0,,0,abs04585
0,,,,,0,abs04586
0,,,,,1,abs04587
1,,,0,,1,abs04588
1,2 3,,,,0,abs04589
0,,,,,0,abs04590
1,2,2,3,,1,abs04591
0,,,,,1,abs04592
0,,,,,0,abs04593
1,6,2,0,,0,abs04594
1,0,,0,,1,abs04595
1,5,,0,,1,abs04596
1,2,,16,,0,abs04597
1,1 2,,9,,1,abs04598
1,2 3,2,,,0,abs04599
1,5,,0,,0,abs04600
0,,,,,1,abs04601
0,,,,,0,abs04602
1,,2,40,,0,abs04603
1,6,,0,,0,abs04604
1,,2,0,,1,abs04605
0,,,,,1,abs04606
1,3,,0,,1,abs04607
0,,,,,1,abs04608
1,3,,0,1,1,abs04609
1,2,2,40,,0,abs04610
1,6,2,0,1,1,abs04611
0,,,,,1,abs04612
1,,,,,1,abs04613
1,3,,0,,1,abs04614
1,6,1,0,,0,abs04615
0,,,,,1,abs04616
0,,,,,1,abs04617
0,,,,,0,abs04618
1,6,,0,,1,abs04619
1,3,,0,,0,abs04620
1,0,,0,,1,abs04621
1,3,,,,0,abs04622
1,6,,0,,0,abs04623
1,1 2,,24,,0,abs04624
1,2,,,,1,abs04625
1,1 2,,,,0,abs04626
0,,,,,1,abs04627
1,3 6,,16,,1,abs04628
1,,2,,,1,abs04629
1,7,,0,,1,abs04630
1,3,,0,,0,abs04631
1,3,,0,,1,abs04632
1,2,,,,1,abs04633
1,0,,0,,1,abs04634
1,3,2,0,1,1,abs04635
1,3,,0,,1,abs04636
0,,,,,1,abs04637
1,3,,0,1,1,abs04638
0,,,,,1,abs04639
0,,,,,1,abs04640
0,,,,,1,abs04641
1,,,,,1,abs04642
1,2,,,,0,abs04643
1,2,,40,,0,abs04644
1,6 7,,0,,1,abs04645
1,1 2,2,26,,0,abs04646
0,,,,,1,abs04647
0,,,,,1,abs04648
0,,,,,1,abs04649
1,2,,22,,1,abs04650
1,4 5,,0,,1,abs04651
1,0,,,,1,abs04652
0,,,,,1,abs04653
1,3,,0,,1,abs04654
0,,,,,0,abs04655
1,3,,,,0,abs04656
1,3,,0,1,1,abs04657
1,,,0,,0,abs04658
1,3,,0,,1,abs04659
1,6,,0,,1,abs04660
0,,,,,0,abs04661
1,4 5 6,,0,,0,abs04662
0,,,,,1,abs04663
1,4 5 6,,,,0,abs04664
1,,2,0,,0,abs04665
0,,,,,0,abs04666
1,6,2,0,,0,abs04667
1,6,,0,,0,abs04668
0,,,,1,1,abs04669
1,4,,,,1,abs04670
1,6,,0,,0,abs04671
0,,,,,1,abs04672
1,2,,0,,1,abs04673
0,,,,,1,abs04674
1,,,,,1,abs04675
1,0,,,,0,abs04676
1,6 7,,0,,1,abs04677
1,1 2,,14,,1,abs04678
1,2 3,,,,0,abs04679
0,,,,,1,abs04680
1,,,0,,1,abs04681
1,6,,,,0,abs04682
1,3 5 6,,0,1,0,abs04683
1,0,,0,,1,abs04684
1,3 7,,0,,0,abs04685
1,6,,0,,1,abs04686
0,,,,,1,abs04687
1,,,,,1,abs04688
1,,,0,,1,abs04689
1,3,,,1,1,abs04690
1,3,,,,1,abs04691
0,,,,,1,abs04692
1,2,,0,,1,abs04693
1,3,,0,,0,abs04694
1,3,2,0,,0,abs04695
0,,,,,0,abs04696
0,,,,,1,abs04697
1,,,,,1,abs04698
1,6,,0,,1,abs04699
1,6,,,,1,abs04700
1,6,,0,,1,abs04701
1,,2,0,,0,abs04702
1,6,2,0,,0,abs04703
0,,,,,0,abs04704
1,,,0,,1,abs04705
1,6,,0,,0,abs04706
1,6,1,0,1,0,abs04707
1,4,,,,1,abs04708
1,4 6,,3,,1,abs04709
1,2 3,,0,1,0,abs04710
0,,,,,1,abs04711
1,3,,0,,1,abs04712
0,,,,,0,abs04713
1,5,,0,,0,abs04714
1,6,,0,,1,abs04715
0,,,,,1,abs04716
0,,,,,1,abs04717
1,,,0,,1,abs04718
1,2,,,,1,abs04719
1,7,,0,,0,abs04720
1,4 5,,0,,0,abs04721
0,,,,,1,abs04722
1,3,,0,,0,abs04723
1,6,,0,,0,abs04724
1,3,,0,,0,abs04725
1,3,2,0,,1,abs04726
1,3 5,,0,,0,abs04727
1,4 5,,0,,0,abs04728
0,,,,,1,abs04729
0,,,,,1,abs04730
1,6,,0,,0,abs04731
1,5,,0,,0,abs04732
0,,,,1,1,abs04733
1,,,0,,1,abs04734
1,3 6,,0,1,1,abs04735
1,6,,0,,0,abs04736
1,,2,0,,0,abs04737
1,3,,,,0,abs04738
1,2,,,,1,abs04739
1,6,,0,,1,abs04740
0,,,,,0,abs04741
0,,,,,1,abs04742
1,2 3,,,,0,abs04743
1,4 5,,0,,1,abs04744
1,2,2,,,1,abs04745
1,6,,0,,1,abs04746
1,2 3 5 6,2,,,0,abs04747
0,,,,,1,abs04748
1,3 7,,0,,1,abs04749
1,6,,0,,1,abs04750
1,6,2,0,,0,abs04751
1,3,,0,,0,abs04752
1,,,0,,1,abs04753
1,3,,0,1,0,abs04754
1,2,,,,1,abs04755
0,,,,,1,abs04756
1,6,,0,,1,abs04757
1,,2,0,,1,abs04758
0,,,,,1,abs04759
1,5,,0,,0,abs04760
0,,,,,1,abs04761
1,3,,0,,0,abs04762
1,6,,0,,0,abs04763
1,6,,0,,0,abs04764
1,2,,16,,1,abs04765
1,,,0,,1,abs04766
0,,,,,0,abs04767
0,,,,,1,abs04768
1,6,,0,,1,abs04769
1,0,,,,1,abs04770
1,2,,12,,1,abs04771
1,2,,22,,1,abs04772
1,2,,0,,1,abs04773
1,0,,0,,1,abs04774
1,2 3,,,,0,abs04775
1,5,,0,,1,abs04776
0,,,,,1,abs04777
0,,,,,0,abs04778
1,,,0,,0,abs04779
0,,,,,1,abs04780
0,,,,,1,abs04781
1,2,2,,,1,abs04782
0,,,,,1,abs04783
1,3,,0,,1,abs04784
1,2,,,,1,abs04785
1,,,,,1,abs04786
1,,,,,1,abs04787
0,,,,,0,abs04788
0,,,,,0,abs04789
0,,,,,1,abs04790
1,2,2,,,1,abs04791
1,,,0,,1,abs04792
0,,,,,1,abs04793
1,6,,0,,0,abs04794
1,,,0,,1,abs04795
1,6,2,0,,0,abs04796
1,3,,,,1,abs04797
1,2 3,,,1,0,abs04798
1,6,,0,,1,abs04799
1,3,,0,,0,abs04800
1,2,,,,1,abs04801
1,2,,24,,1,abs04802
1,6,2,0,,0,abs04803
1,4 5 6,,0,,0,abs04804
1,2,,14 22,,1,abs04805
0,,,,,1,abs04806
1,6,,,1,1,abs04807
1,5,,0,,0,abs04808
1,,1,0,,1,abs04809
1,3 6,1,,1,0,abs04810
1,7,,0,,1,abs04811
1,,,0,,0,abs04812
0,,,,,1,abs04813
0,,,,,0,abs04814
1,6,1,0,,1,abs04815
0,,,,,1,abs04816
1,6,,,,1,abs04817
1,6,,0,,1,abs04818
1,,,0,,1,abs04819
1,6,,0,,1,abs04820
0,,,,,0,abs04821
0,,,,,0,abs04822
0,,,,,1,abs04823
0,,,,,1,abs04824
1,2,1,,,0,abs04825
1,4 5,,,,0,abs04826
0,,,,,0,abs04827
1,3,,0,,1,abs04828
1,2,,12,1,1,abs04829
0,,,,,1,abs04830
1,,,0,,1,abs04831
1,6,,0,,0,abs04832
1,,2,0,,1,abs04833
1,2,1,7,,0,abs04834
1,2,,,,0,abs04835
1,2,,,,1,abs04836
1,2,,,,0,abs04837
1,,1,,,1,abs04838
1,6,,0,,1,abs04839
0,,,,,1,abs04840
1,3,,0,1,0,abs04841
1,0,,0,,0,abs04842
0,,,,,1,abs04843
1,5 6,,0,,0,abs04844
1,1 2 3,,,1,0,abs04845
1,3,,0,1,1,abs04846
0,,,,,0,abs04847
0,,,,,1,abs04848
0,,,,,1,abs04849
0,,,,,0,abs04850
1,3,,0,1,1,abs04851
1,3,,0,,0,abs04852
1,3,,,,0,abs04853
0,,,,,1,abs04854
1,6,,0,,0,abs04855
1,2,2,18,,0,abs04856
0,,,,,0,abs04857
0,,,,,0,abs04858
1,2 3,,,,0,abs04859
1,,1,,,1,abs04860
1,2 3,,,,0,abs04861
1,6,,0,,1,abs04862
1,,2,0,,1,abs04863
1,6,,0,,0,abs04864
1,6,,,,1,abs04865
1,3,,0,,0,abs04866
0,,,,,1,abs04867
1,6,,0,,1,abs04868
0,,,,,1,abs04869
1,,,,,0,abs04870
1,3,2,0,,0,abs04871
1,,,,,1,abs04872
0,,,,,0,abs04873
1,1 2,,,,1,abs04874
1,6,,0,,1,abs04875
1,3,,0,,0,abs04876
1,,2,,,1,abs04877
1,3,,,,0,abs04878
1,,,0,,1,abs04879
1,4,,,,1,abs04880
0,,,,,1,abs04881
1,,2,0,,1,abs04882
1,3,1,0,,1,abs04883
1,6,,0,,0,abs04884
1,2,,,,0,abs04885
1,5,,0,,0,abs04886
1,,,,,1,abs04887
1,2,2,,,0,abs04888
1,3,,0,,1,abs04889
0,,,,,1,abs04890
1,5 6,,0,,1,abs04891
0,,,,,0,abs04892
0,,,,,0,abs04893
1,6,,,,1,abs04894
0,,,,,0,abs04895
1,,,0,,1,abs04896
0,,,,,1,abs04897
1,3,,0,,0,abs04898
1,,2,0,,1,abs04899
1,6,,0,,1,abs04900
0,,,,,0,abs04901
1,2,,,,1,abs04902
1,3,,0,1,1,abs04903
1,6,,0,,0,abs04904
0,,,,,0,abs04905
0,,,,,1,abs04906
0,,,,,0,abs04907
1,3,,0,,1,abs04908
1,5,,0,,0,abs04909
1,3,2,,1,0,abs04910
0,,,,,0,abs04911
0,,,,,1,abs04912
0,,,,,1,abs04913
1,2,,,,0,abs04914
1,3,,0,,0,abs04915
1,3,,0,,1,abs04916
0,,,,,1,abs04917
1,7,,0,,1,abs04918
0,,,,,1,abs04919
1,,2,,,1,abs04920
1,,2,0,,1,abs04921
0,,,,,1,abs04922
0,,,,,1,abs04923
0,,,,,0,abs04924
0,,,,,1,abs04925
0,,,,,1,abs04926
1,6,2,0,,0,abs04927
1,6,,0,,1,abs04928
0,,,,,1,abs04929
1,,2,0,,1,abs04930
1,2,,,,1,abs04931
1,6,,0,,0,abs04932
0,,,,,0,abs04933
0,,,,,1,abs04934
0,,,,,0,abs04935
1,3,,0,1,1,abs04936
0,,,,,1,abs04937
1,,,0,,1,abs04938
0,,,,,1,abs04939
1,6,,0,,0,abs04940
1,2,,,,0,abs04941
1,,,0,,1,abs04942
1,2,1,7,,0,abs04943
1,3,,,,1,abs04944
0,,,,,1,abs04945
1,,,0,,1,abs04946
1,2,,,1,0,abs04947
1,5,2,0,,0,abs04948
1,6,2,0,,0,abs04949
0,,,,,0,abs04950
1,3 6,,0,,1,abs04951
1,6,,,,1,abs04952
1,2,2,,,0,abs04953
1,,2,0,,1,abs04954
1,2,,18,,1,abs04955
0,,,,,1,abs04956
1,5,,0,,0,abs04957
1,0,,0,,1,abs04958
1,6,,0,,1,abs04959
1,5 6,,0,,0,abs04960
0,,,,,0,abs04961
1,,2,0,,1,abs04962
1,0,,,,1,abs04963
0,,,,,0,abs04964
1,3,,0,,0,abs04965
1,2,,0,,1,abs04966
1,,2,0,,1,abs04967
0,,,,,1,abs04968
0,,,,,1,abs04969
1,3,2,0,1,1,abs04970
1,2,2,0,,1,abs04971
1,,,0,,1,abs04972
1,6,,0,,1,abs04973
1,6,,0,,1,abs04974
0,,,,,1,abs04975
1,6,2,0,,1,abs04976
1,3,,,,1,abs04977
1,5,,0,,0,abs04978
1,3,,0,,1,abs04979
1,2,,,,0,abs04980
1,6,,0,,1,abs04981
1,3,,0,1,1,abs04982
0,,,,,1,abs04983
0,,,,,1,abs04984
1,6,,0,,1,abs04985
1,4 5,1,0,,0,abs04986
1,6,,0,,0,abs04987
0,,,,,1,abs04988
0,,,,,1,abs04989
1,5,,,,0,abs04990
1,2,,,,1,abs04991
1,3,,,,1,abs04992
1,5,,0,,0,abs04993
1,3,,0,1,1,abs04994
1,1 2,,22 26,,1,abs04995
1,0,0,0,,1,abs04996
1,0,,0,,1,abs04997
1,6,,0,,1,abs04998
1,6,,0,,1,abs04999
1,6,2,0,,1,abs05000
0,,,,,0,abs05001
0,,,,,1,abs05002
1,6,,0,,0,abs05003
1,1 2,,,,0,abs05004
1,4 5,2,0,,0,abs05005
0,,,,,1,abs05006
1,,,,,1,abs05007
1,,,,,1,abs05008
1,3,1,0,,0,abs05009
1,6,2,0,,1,abs05010
0,,,,,1,abs05011
1,2,,16,,1,abs05012
1,3 6,1,0,1,0,abs05013
1,2,,5,,1,abs05014
1,2 3,,16,,0,abs05015
1,,,0,,1,abs05016
0,,,,,1,abs05017
0,,,,,0,abs05018
1,3,,0,,1,abs05019
1,,2,0,,1,abs05020
0,,,,,0,abs05021
1,,,0,,1,abs05022
1,3,,0,1,1,abs05023
1,6,,0,,1,abs05024
1,6,,,,0,abs05025
1,5,,0,1,0,abs05026
1,3,1,0,,0,abs05027
1,2,,,,0,abs05028
0,,,,,1,abs05029
1,,,,,0,abs05030
0,,,,,0,abs05031
1,,,0,,1,abs05032
0,,,,,0,abs05033
1,6,,,,0,abs05034
1,3,,0,1,1,abs05035
1,,2,0,,0,abs05036
1,6,,0,,1,abs05037
0,,,,,0,abs05038
1,6,,0,,0,abs05039
1,,,,,1,abs05040
0,,,,,0,abs05041
1,,,0,,1,abs05042
1,5,,0,,1,abs05043
1,6,,0,,1,abs05044
0,,,,,1,abs05045
1,,,,,0,abs05046
0,,,,,1,abs05047
1,2,,,,1,abs05048
1,0,,,,1,abs05049
0,,,,,1,abs05050
1,3,1,,,0,abs05051
0,,,,,1,abs05052
1,6,,0,,0,abs05053
1,3,,0,,1,abs05054
1,6,,0,,1,abs05055
1,6,,0,,1,abs05056
1,3,,0,,1,abs05057
1,6,,0,,1,abs05058
1,,2,0,,1,abs05059
0,,,,,0,abs05060
1,2,,,,0,abs05061
1,2,,0,,1,abs05062
1,5 6,,,,1,abs05063
1,2,2,,,1,abs05064
1,3,,0,1,1,abs05065
1,1 2,,26,,1,abs05066
1,0,,0,,1,abs05067
1,4 5,1,0,,0,abs05068
1,6,,0,,0,abs05069
0,,,,,1,abs05070
1,6,,0,,0,abs05071
1,6,,0,,1,abs05072
1,6,,0,,0,abs05073
1,,,0,,1,abs05074
0,,,,,1,abs05075
1,2,,,,0,abs05076
0,,,,,0,abs05077
1,2,2,,,1,abs05078
1,2,,,,0,abs05079
0,,,,,0,abs05080
1,5,,0,,0,abs05081
0,,,,,0,abs05082
1,2,,,,0,abs05083
1,0,,0,,1,abs05084
1,6,2,0,,0,abs05085
0,,,,,0,abs05086
1,,,,,1,abs05087
1,6,,0,,1,abs05088
1,3,,0,,1,abs05089
1,3,,0,,0,abs05090
1,6,,0,,0,abs05091
0,,,,,1,abs05092
1,2 3,,7 22,,0,abs05093
1,2,,,,0,abs05094
0,,,,,1,abs05095
1,6,,0,,1,abs05096
1,3,,0,,1,abs05097
0,,,,,1,abs05098
1,2,,0,,0,abs05099
1,3,,0,,0,abs05100
1,,,,,1,abs05101
1,,2,0,,0,abs05102
0,,,,,1,abs05103
0,,,,,0,abs05104
1,6,,0,,1,abs05105
0,,,,,1,abs05106
1,3,2,0,,1,abs05107
0,,,,,0,abs05108
1,2,2,0,,1,abs05109
0,,,,,1,abs05110
1,3,1,0,,0,abs05111
1,6 7,,0,,1,abs05112
1,6,,0,,1,abs05113
1,2,,,,0,abs05114
1,,2,0,,1,abs05115
0,,,,,1,abs05116
0,,,,,1,abs05117
1,0,,0,,1,abs05118
0,,,,,0,abs05119
1,3,,0,,1,abs05120
1,3,,0,1,0,abs05121
1,3,,0,1,1,abs05122
1,,2,0,,1,abs05123
1,2,,,,1,abs05124
1,6,,0,,0,abs05125
1,3,,0,,0,abs05126
1,3,,0,1,1,abs05127
0,,,,,0,abs05128
1,2 3 6,,,,0,abs05129
1,7,,0,,1,abs05130
1,6,,0,,0,abs05131
1,2,,0,,1,abs05132
0,,,,,0,abs05133
1,3 6,,15,,0,abs05134
0,,,,,0,abs05135
0,,,,,0,abs05136
0,,,,,1,abs05137
0,,,,,1,abs05138
0,,,,,0,abs05139
1,,,0,,1,abs05140
0,,,,,0,abs05141
0,,,,,1,abs05142
0,,,,,1,abs05143
1,7,,0,,1,abs05144
0,,,,,1,abs05145
0,,,,,0,abs05146
1,,1,0,,1,abs05147
1,6,,0,,1,abs05148
1,,,0,,0,abs05149
0,,,,,1,abs05150
1,0,,0,,0,abs05151
1,,,0,,1,abs05152
1,2,,,,1,abs05153
1,2 3,2,,,0,abs05154
0,,,,,0,abs05155
0,,,,,0,abs05156
1,7,,0,,0,abs05157
1,3,,0,,1,abs05158
0,,,,,0,abs05159
1,5 6,,,,1,abs05160
1,7,,0,,1,abs05161
1,,,0,,1,abs05162
1,,,0,,1,abs05163
1,1 2,,,,0,abs05164
0,,,,,1,abs05165
1,1 2 5 6,,,,0,abs05166
1,3,,0,,0,abs05167
0,,,,,0,abs05168
0,,,,,1,abs05169
1,6,,0,,0,abs05170
1,0,2,0,,1,abs05171
1,3,,0,,0,abs05172
1,5,,0,,0,abs05173
1,3,,0,,0,abs05174
1,4 5 6,,,,0,abs05175
1,3,,0,,0,abs05176
1,6,,0,,1,abs05177
0,,,,,1,abs05178
0,,,,,1,abs05179
1,3,,0,,1,abs05180
0,,,,,0,abs05181
1,6,,0,,0,abs05182
1,,1,0,,1,abs05183
1,2,,,,1,abs05184
0,,,,,1,abs05185
1,2,,0,,1,abs05186
1,,2,0,,1,abs05187
0,,,,,1,abs05188
1,,,0,,1,abs05189
1,6,,0,,1,abs05190
1,1 2,1,,1,0,abs05191
1,,2,,,0,abs05192
0,,,,,0,abs05193
1,2,,0,,1,abs05194
0,,,,,0,abs05195
1,,,,,0,abs05196
1,6,,0,,0,abs05197
1,6,,26,,0,abs05198
1,,,0,,1,abs05199
1,3 7,,,1,0,abs05200
0,,,,,1,abs05201
1,3,,0,,1,abs05202
1,,,0,,1,abs05203
1,0,,0,,1,abs05204
1,2,,,,0,abs05205
1,2,,25,,1,abs05206
0,,,,,0,abs05207
1,6,,0,,0,abs05208
1,3 7,,0,,1,abs05209
0,,,,,0,abs05210
0,,,,0,1,abs05211
1,0,,0,,0,abs05212
1,3,,0,1,1,abs05213
0,,,,,1,abs05214
1,1 2,,7,,1,abs05215
1,,2,0,,1,abs05216
1,2,,,,1,abs05217
0,,,,,1,abs05218
0,,,,,1,abs05219
0,,,,,1,abs05220
0,,,,,0,abs05221
1,2,2,0,,1,abs05222
1,7,,0,,1,abs05223
1,3,,0,,1,abs05224
0,,,,,1,abs05225
0,,,,,1,abs05226
1,4 5,,,,1,abs05227
1,5,,0,,1,abs05228
1,,2,,,1,abs05229
1,0,,0,,1,abs05230
1,,,0,,1,abs05231
1,2,,0,,1,abs05232
1,3,,0,,1,abs05233
1,6,,0,,0,abs05234
1,6,,0,,1,abs05235
0,,,,,1,abs05236
1,6,,0,,1,abs05237
1,3,,0,,1,abs05238
1,6,2,0,,0,abs05239
1,,,0,,1,abs05240
0,,,,,1,abs05241
1,0,,0,,1,abs05242
0,,,,,1,abs05243
0,,,,,1,abs05244
0,,,,,0,abs05245
1,6,,0,,1,abs05246
1,,,0,,1,abs05247
0,,,,,1,abs05248
1,6,,0,,1,abs05249
1,,,,,1,abs05250
1,,,0,,1,abs05251
1,6,,,,1,abs05252
1,2,,,,1,abs05253
1,,,0,,1,abs05254
1,3 7,,,,1,abs05255
1,2,,0,,1,abs05256
0,,,,,1,abs05257
1,6,,0,,1,abs05258
1,2,,18,,1,abs05259
1,3,,0,,1,abs05260
1,1 2,,7,,1,abs05261
1,2,,,,1,abs05262
1,0,,0,,1,abs05263
0,,,,,1,abs05264
1,6,,0,,1,abs05265
0,,,,,1,abs05266
1,6,,,,0,abs05267
1,,,0,,1,abs05268
1,2,,,,1,abs05269
1,2,,,,0,abs05270
1,2,,,,1,abs05271
1,,,,,1,abs05272
0,,,,,0,abs05273
0,,,,,1,abs05274
1,,,0,,0,abs05275
1,2 3 5 6 7,,0,,0,abs05276
0,,,,,0,abs05277
1,6,,0,,1,abs05278
1,6,,0,,0,abs05279
1,3,,0,,0,abs05280
1,6,,,,1,abs05281
1,6,,0,,1,abs05282
1,6,,0,,0,abs05283
1,3,,0,,1,abs05284
1,3,,0,,1,abs05285
1,0,,0,,0,abs05286
0,,,,,1,abs05287
1,1 2,,,1,0,abs05288
1,3,,0,,0,abs05289
1,6,,0,,0,abs05290
1,3 6,,0,,0,abs05291
1,4 5 6,,0,1,1,abs05292
1,4 5,1,0,,0,abs05293
1,5,,0,,0,abs05294
1,5,2,0,,0,abs05295
1,5 6,2,0,,0,abs05296
1,6,1,0,,0,abs05297
1,4 5 6,2,0,,1,abs05298
1,6,,0,,0,abs05299
1,6 7,2,0,,0,abs05300
1,4 5,1,0,,0,abs05301
1,4 5,2,0,,0,abs05302
1,4 5,,0,,0,abs05303
1,4 5,,0,,0,abs05304
1,3,2,0,,0,abs05305
1,5,1,0,,0,abs05306
1,4 5,,,,1,abs05307
1,5,,0,,0,abs05308
1,3 4 5 6,,0,1,0,abs05309
1,,2,0,,0,abs05310
1,7,,0,,0,abs05311
1,5 6,2,0,,0,abs05312
1,4 5 6,2,0,,0,abs05313
1,4 5 6,,0,,1,abs05314
1,4 5 6,1,0,,0,abs05315
1,6,2,0,,0,abs05316
1,4 5,,,,1,abs05317
1,5 6,1,0,,0,abs05318
1,5,,0,,0,abs05319
1,4 5,1,0,,0,abs05320
1,4 5,,0,,0,abs05321
1,4 5 6,,0,,0,abs05322
1,5,,0,,0,abs05323
1,5 6,,0,,0,abs05324
1,4 5 6,,,,0,abs05325
1,4 5 6,2,0,1,1,abs05326
1,5 6,,,,0,abs05327
1,4 5 6,2,0,,0,abs05328
1,5,1,0,,0,abs05329
1,4 5,,0,,0,abs05330
1,4 5,,0,,0,abs05331
1,5 6,,0,,1,abs05332
1,5 6,,0,,0,abs05333
1,4 5 6,2,0,,0,abs05334
1,5,,0,,0,abs05335
1,5,1,0,1,1,abs05336
1,5 6,,0,,0,abs05337
1,5 6,1,0,,0,abs05338
1,4 5 6,,0,,0,abs05339
1,6,,0,,0,abs05340
1,6,,,1,1,abs05341
1,3 5 6,,0,,1,abs05342
1,5 6,,0,,0,abs05343
1,6,,0,,0,abs05344
1,4 5,,0,,0,abs05345
1,4 5,1,0,,0,abs05346
1,5 6,2,0,,0,abs05347
1,4 5,,0,,0,abs05348
1,4 5,,0,,0,abs05349
1,4 5 6,2,0,,0,abs05350
1,3 5,1,0,1,1,abs05351
1,5 6,,0,,0,abs05352
1,5 6,2,0,,0,abs05353
1,5,,0,,0,abs05354
1,5 6,,0,,0,abs05355
1,5 6,2,0,1,0,abs05356
1,5,1,0,,0,abs05357
1,6,,0,1,1,abs05358
1,5,,0,,0,abs05359
1,5,,0,,1,abs05360
1,5 6,,0,,0,abs05361
1,5 6,1,0,,0,abs05362
1,5,2,0,,0,abs05363
1,5,,,,0,abs05364
1,5,,0,,0,abs05365
1,4 5 6,1,0,,0,abs05366
1,0,,0,,1,abs05367
1,4 5 6 7,1,0,1,0,abs05368
1,1 2,,,,0,abs05369
1,5 6,,0,,0,abs05370
1,5,,0,,0,abs05371
1,4 5,,0,,0,abs05372
1,5 6,2,0,,0,abs05373
1,4 5,1,0,1,1,abs05374
1,6,2,0,,0,abs05375
1,5,,0,1,0,abs05376
0,,,,,0,abs05377
1,4 5 6,,0,,0,abs05378
1,4 5 6 7,2,0,,0,abs05379
1,5,,0,,0,abs05380
1,6,,0,,0,abs05381
1,5 6,,,,0,abs05382
1,3,1,0,,0,abs05383
1,4 5,,0,,0,abs05384
1,4 5 6,1,0,,0,abs05385
1,6,2,0,,0,abs05386
1,4 5 6,,0,,0,abs05387
1,4 5 6,2,0,,0,abs05388
1,6,,0,,0,abs05389
1,5 6,2,0,,0,abs05390
1,5 6,,0,,0,abs05391
1,5,,0,1,1,abs05392
1,6,2,0,,1,abs05393
1,5 6,,0,,0,abs05394
1,5,,0,,1,abs05395
1,4 5 6 7,,0,,1,abs05396
1,6,,0,,0,abs05397
1,5 6,2,0,,0,abs05398
1,5 6,2,0,,0,abs05399
1,5,,0,,0,abs05400
1,5,1,0,,0,abs05401
1,5,,0,1,0,abs05402
1,4 5 6,1,,,1,abs05403
1,4 5,,0,1,1,abs05404
1,,,,,0,abs05405
1,5 6,1,0,,0,abs05406
1,4 5 6,,0,,0,abs05407
1,4 5 6,,0,,0,abs05408
1,5 6 7,,0,,0,abs05409
1,4 5,,0,,0,abs05410
1,5,,0,,0,abs05411
1,5 6,2,0,,0,abs05412
1,4 5 6,,0,1,1,abs05413
1,5,,0,,0,abs05414
1,5,,0,,0,abs05415
1,4 5,1,0,,0,abs05416
1,4 5 6 7,,0,,0,abs05417
1,4 5,,0,1,1,abs05418
1,5 6,,0,,0,abs05419
1,3 7,2,0,,1,abs05420
1,6,2,0,,0,abs05421
1,6,,0,,0,abs05422
1,4 5,1,0,,0,abs05423
1,5,,0,,0,abs05424
1,5 6,,0,,0,abs05425
1,5 6,2,0,,0,abs05426
1,6,,0,,0,abs05427
1,5,,0,,0,abs05428
1,5 6,1,0,,0,abs05429
1,5 7,1,0,,0,abs05430
1,4 5,1,0,,0,abs05431
1,6,,0,,0,abs05432
1,5 6,,0,,0,abs05433
1,6,,0,,1,abs05434
1,4 5,2,0,,0,abs05435
1,5,2,0,,0,abs05436
1,6,2,0,,0,abs05437
1,4 5,,0,,0,abs05438
1,5 6,2,0,,0,abs05439
1,4 5,2,0,,0,abs05440
1,4 5 6,2,0,,0,abs05441
1,5 6,1,0,,0,abs05442
1,5,1,0,,0,abs05443
1,4 5 6 7,1,0,,1,abs05444
1,6,,0,,0,abs05445
1,6,,0,,0,abs05446
1,4 5 6,,0,,0,abs05447
1,5,2,0,,0,abs05448
1,6,,,,1,abs05449
1,6,,0,,0,abs05450
1,5,,0,1,1,abs05451
1,6,,0,,0,abs05452
1,5 6,2,0,,0,abs05453
1,5,,0,,0,abs05454
1,5,1,,,0,abs05455
1,5,,0,,0,abs05456
1,4 5 6,,0,,0,abs05457
1,5,,0,,0,abs05458
1,4 5 6,,0,,1,abs05459
1,5 6,1,0,,0,abs05460
1,5 6,,0,,1,abs05461
1,6,,0,,0,abs05462
1,4 5,2,0,,1,abs05463
1,3,,0,1,1,abs05464
1,5 6,1,0,,0,abs05465
1,5,,0,1,1,abs05466
0,,,,,0,abs05467
1,4 5,2,0,,0,abs05468
1,5,,0,,0,abs05469
1,5,,0,,0,abs05470
1,5 6,,0,,0,abs05471
1,6,1,0,,0,abs05472
1,4 5 6,,0,,1,abs05473
1,5,,0,,0,abs05474
1,5,,0,,0,abs05475
1,5 6,2,0,,0,abs05476
1,5,,0,,0,abs05477
1,4 5,,0,,0,abs05478
1,5,2,,,0,abs05479
1,5 6,1,0,,0,abs05480
1,4 5,1,0,1,0,abs05481
1,4 5,,0,,0,abs05482
1,5 6,2,0,,0,abs05483
1,3 4 5,,0,1,1,abs05484
1,6,2,0,1,1,abs05485
1,2 4 5 6,,,1,0,abs05486
1,5,2,0,1,1,abs05487
1,6,,,,0,abs05488
1,5 6,,0,,0,abs05489
1,5 6,,0,,0,abs05490
1,5,2,0,,0,abs05491
1,4 5 6,,0,,0,abs05492
1,6,,0,,0,abs05493
1,4 5,,0,,0,abs05494
1,4 5,,0,,0,abs05495
1,5,,0,,0,abs05496
1,5 6,,0,,0,abs05497
1,4 5,1,0,,0,abs05498
1,4 5,1,0,,0,abs05499
1,6,,0,1,1,abs05500
1,3,,0,,0,abs05501
1,6,,0,,0,abs05502
1,4 5,,0,,0,abs05503
1,4 5 6,2,0,,1,abs05504
1,5 6,2,0,,0,abs05505
1,5,1,0,,0,abs05506
1,4 5 6 7,,0,,0,abs05507
1,5,1,0,,0,abs05508
1,1 2 3 5 6,1,,,0,abs05509
1,5 6,1,0,,0,abs05510
1,6,1,0,,0,abs05511
1,5 6,1,0,,0,abs05512
1,4 5 6,,0,,1,abs05513
1,5,,0,,0,abs05514
1,5 6,,0,,0,abs05515
1,5,1,0,,0,abs05516
1,5 6 7,1,0,,0,abs05517
1,5,2,0,,0,abs05518
1,5 6,1,0,,0,abs05519
1,6,2,0,,0,abs05520
1,5,,0,,0,abs05521
1,5 6,2,0,,0,abs05522
1,5,,0,,0,abs05523
1,6,2,0,,0,abs05524
1,4 5 6,2,0,1,1,abs05525
1,5,2,0,,0,abs05526
1,4 5 6,2,0,,0,abs05527
1,1 2,,,,0,abs05528
1,5 6,,0,,0,abs05529
1,5,1,,1,0,abs05530
1,4 5,,0,,1,abs05531
1,4 5,,0,,1,abs05532
1,6,,0,,1,abs05533
1,5,1,0,,0,abs05534
1,5,,0,,0,abs05535
1,5,,0,,0,abs05536
1,3 6,,0,1,1,abs05537
1,5 6,,0,,0,abs05538
1,,2,,,0,abs05539
1,5,,0,,0,abs05540
1,5,,0,,0,abs05541
1,5 6,1,0,,0,abs05542
1,4,2,0,,1,abs05543
1,4 5 6,,0,,0,abs05544
1,4 5 6,2,0,,1,abs05545
1,5 6,,0,,0,abs05546
1,4 5 6 7,,0,,0,abs05547
1,4,2,0,,1,abs05548
1,6,,,,0,abs05549
1,4 5,,0,,0,abs05550
1,6,2,0,,0,abs05551
1,5 7,1,0,,0,abs05552
1,3 5 6,2,0,,0,abs05553
0,,,,,1,abs05554
1,4 5 6,,0,,0,abs05555
1,4 5 6,1,0,,0,abs05556
1,5 6,1,0,,0,abs05557
1,5,,0,,0,abs05558
1,4 5 6,,22,,0,abs05559
1,5 6,,0,,0,abs05560
1,4 5,,,,0,abs05561
1,5,,0,,0,abs05562
1,5,2,0,,0,abs05563
1,6,2,0,,0,abs05564
1,4 5,1,0,,1,abs05565
1,6,2,0,,0,abs05566
1,5 6,,0,,0,abs05567
1,4 5,1,0,,0,abs05568
1,5 6,,0,,1,abs05569
1,5 6,,0,,0,abs05570
1,5,,0,,0,abs05571
1,6,,0,,0,abs05572
1,4 5,2,0,,0,abs05573
1,4 5,,0,,0,abs05574
1,6,2,0,,0,abs05575
1,4 5 6,,0,,0,abs05576
1,5,,0,,0,abs05577
1,5,2,0,,0,abs05578
1,4 5,2,0,,0,abs05579
1,4 5,,0,1,1,abs05580
1,4 5,,0,,0,abs05581
1,6,2,0,,0,abs05582
1,5 6,2,0,,0,abs05583
1,3 5,,0,,0,abs05584
1,1 2,,,,0,abs05585
1,5,,0,,0,abs05586
1,6,,0,,0,abs05587
1,5,2,0,,0,abs05588
1,5 6,1,0,,0,abs05589
1,5,,0,1,1,abs05590
1,6,,0,,1,abs05591
1,5,1,0,,0,abs05592
1,4 5 6 7,2,0,,0,abs05593
1,4 5,1,0,,0,abs05594
1,4 5,,0,,0,abs05595
1,6,2,0,,0,abs05596
1,5,1,0,,0,abs05597
1,6,1,0,,0,abs05598
1,6 7,,0,,0,abs05599
1,4 5 6,2,0,,1,abs05600
1,4 5 6,,0,,0,abs05601
1,4 6,2,0,,1,abs05602
1,6,,0,,0,abs05603
1,5 6,,0,,0,abs05604
1,5 6 7,1,0,,1,abs05605
1,3 4 5 6 7,,0,1,1,abs05606
1,5,,0,,0,abs05607
1,5,,0,,0,abs05608
1,5,,0,,0,abs05609
1,4 5,2,0,,1,abs05610
1,5,,0,,0,abs05611
1,4 5 6,,,1,0,abs05612
1,4 5,1,0,1,0,abs05613
1,4 5,,0,,0,abs05614
1,5 6,,0,,0,abs05615
1,4 5 6,,0,,0,abs05616
1,4 5,,0,1,1,abs05617
1,5,,0,,1,abs05618
1,5,1,0,,0,abs05619
1,6,,0,,0,abs05620
1,4 5,,0,,0,abs05621
1,5,,0,,0,abs05622
1,4 5,2,0,,0,abs05623
1,6,,,,0,abs05624
1,5 6,1,0,,0,abs05625
1,6,2,0,,0,abs05626
1,4 5,2,0,,0,abs05627
1,5,1,0,,0,abs05628
1,0,,0,,1,abs05629
1,6,2,,,0,abs05630
1,4 5,2,0,,0,abs05631
1,5,,0,,0,abs05632
1,4 5,2,0,,0,abs05633
1,5,,0,,0,abs05634
1,4 5 6,2,0,,0,abs05635
1,4 6,,0,,0,abs05636
1,5,,0,,0,abs05637
1,5 6,2,0,,0,abs05638
1,5,1,0,,0,abs05639
1,5 6,,0,,0,abs05640
1,5,,0,,0,abs05641
1,5,,0,,0,abs05642
1,6,,0,,0,abs05643
1,5 6,,0,,0,abs05644
1,4 5 6,,0,,0,abs05645
1,4 5,,0,,0,abs05646
1,5,1,0,,0,abs05647
1,4 5,2,0,,0,abs05648
1,5 6,,0,,0,abs05649
1,5 6,2,0,,0,abs05650
1,6,,0,,0,abs05651
1,5,2,0,,1,abs05652
1,5 6,2,0,,0,abs05653
1,6,,0,,0,abs05654
1,6,2,0,,0,abs05655
1,4 5 6,,0,1,1,abs05656
1,6,1,,,0,abs05657
1,5,,0,,0,abs05658
1,4 5,,0,,1,abs05659
1,4 5,,0,,0,abs05660
1,5,1,,,0,abs05661
1,5 6,1,0,,0,abs05662
1,4 5,,0,,0,abs05663
1,6,2,0,,0,abs05664
1,6,2,0,,0,abs05665
1,6,,0,,1,abs05666
1,5 6,,0,,0,abs05667
1,4 5,,0,,0,abs05668
1,4 5,,0,,0,abs05669
1,4 5,2,0,,0,abs05670
1,5,,0,1,1,abs05671
1,4 5 6,,0,,0,abs05672
1,4 5,,0,1,1,abs05673
1,4 5 6,,0,,0,abs05674
1,6,,0,,0,abs05675
1,5,2,0,,0,abs05676
1,5,1,0,,0,abs05677
1,4 5,1,0,,0,abs05678
1,3 5 6,,0,,0,abs05679
1,5,2,0,,1,abs05680
1,5,1,0,,1,abs05681
1,4 5 6,,0,,0,abs05682
1,4 5,,0,,0,abs05683
1,4 5 6 7,2,0,,0,abs05684
1,5,1,,,0,abs05685
1,5 6,,0,,0,abs05686
1,5,,0,,0,abs05687
1,5,,0,,0,abs05688
1,4 5 6,,0,1,1,abs05689
1,6,,0,1,1,abs05690
1,5,,0,,0,abs05691
1,6,,0,,0,abs05692
1,4 5 6 7,,0,,1,abs05693
1,4 5,,0,,0,abs05694
1,5,,0,,0,abs05695
1,4 5,,0,,1,abs05696
1,4 5 6,2,0,,0,abs05697
1,4 5 6,,0,,0,abs05698
1,5,1,0,,0,abs05699
1,5 6,1,,1,0,abs05700
1,5,1,0,,0,abs05701
1,5,,0,,0,abs05702
1,4 5,1,0,,0,abs05703
1,5 7,,0,,0,abs05704
1,5,,0,,0,abs05705
1,4 5,,0,,0,abs05706
1,4 5,,0,1,1,abs05707
1,4 5,,0,,0,abs05708
1,4 5 6,2,0,,0,abs05709
1,6,,0,,0,abs05710
1,6,,0,,0,abs05711
1,6,,0,,0,abs05712
1,5,1,0,,0,abs05713
1,6,2,0,,0,abs05714
1,4 5,,0,,0,abs05715
1,5 6,,0,,0,abs05716
1,4 5,,0,,0,abs05717
1,4 5 6,,0,,0,abs05718
1,4 5,1,0,1,0,abs05719
1,6,,0,,0,abs05720
1,4 5 6,,0,,0,abs05721
1,5 6,2,0,,0,abs05722
1,6,1,0,,0,abs05723
1,5,1,0,,0,abs05724
1,3,,0,,0,abs05725
1,4 5,,0,,0,abs05726
1,5 6,,0,,0,abs05727
1,4 5,,0,,0,abs05728
1,6,2,0,,0,abs05729
1,4 5 6,1,,,0,abs05730
1,5 6,1,0,,0,abs05731
1,6,,0,,0,abs05732
1,4 5 6,2,0,,0,abs05733
1,4 5,1,0,,0,abs05734
1,4 5,,0,,1,abs05735
1,6,2,0,,1,abs05736
1,4 5,,0,,0,abs05737
1,6,2,0,,0,abs05738
1,5,,0,,0,abs05739
1,5,,0,,0,abs05740
1,5 6,,0,,0,abs05741
1,4 5,1,0,,0,abs05742
1,4 5 6,,0,,0,abs05743
1,5 6 7,,0,,0,abs05744
1,5,1,0,1,0,abs05745
1,5,,0,,0,abs05746
1,5,,0,,0,abs05747
1,5 6,2,0,,0,abs05748
1,5,,0,,0,abs05749
1,5 6,,0,,0,abs05750
1,3 5,,0,1,0,abs05751
1,4 5 6,1,0,,0,abs05752
1,5 6,2,0,,0,abs05753
1,5,2,0,,0,abs05754
1,5,,0,1,1,abs05755
1,5,,0,,0,abs05756
1,6,1,0,,0,abs05757
1,4 5 6,2,0,,0,abs05758
1,5 6,1,0,,0,abs05759
1,5 6,1,0,,0,abs05760
1,6,2,,,0,abs05761
1,5,1,26,,0,abs05762
1,5,2,0,,0,abs05763
1,5 7,,0,,1,abs05764
1,5 6,,0,,0,abs05765
1,6,,0,,0,abs05766
1,4 5,,0,,0,abs05767
1,5,,0,,0,abs05768
1,4 5,,0,,1,abs05769
1,5,1,0,,0,abs05770
1,4 5 6,2,7,,0,abs05771
1,4 5 6,2,0,,0,abs05772
1,3 7,,0,,1,abs05773
1,4 5,1,0,,0,abs05774
1,4 5,,0,,1,abs05775
1,4 5 6,,0,,1,abs05776
1,4 5 6,,0,,0,abs05777
1,6,,0,,1,abs05778
1,5 6,,0,,0,abs05779
1,4 5 6,,0,,1,abs05780
1,5,1,0,,0,abs05781
1,4 5 6,1,,,0,abs05782
1,5,,0,,0,abs05783
1,5,,0,,0,abs05784
1,3 5,,0,1,1,abs05785
1,4 5,,0,,0,abs05786
1,6,,0,,1,abs05787
1,4 5,,0,1,0,abs05788
1,6,2,0,,0,abs05789
1,4 5,,0,,0,abs05790
1,4 5 6,,0,,1,abs05791
1,5 6,,0,,0,abs05792
1,6,1,0,,0,abs05793
1,6,2,0,,0,abs05794
1,5,,0,,0,abs05795
1,5 6,,0,,1,abs05796
1,4 5,,0,,0,abs05797
1,5 6,2,0,1,1,abs05798
1,5,,0,,0,abs05799
1,4 5,2,0,,0,abs05800
1,4 5 6 7,,0,,0,abs05801
1,4 5,2,0,,1,abs05802
1,5,,0,,0,abs05803
1,5 6,,0,,0,abs05804
1,6,2,0,,0,abs05805
1,5,,0,,0,abs05806
1,4 5,1,0,,0,abs05807
1,5,,0,,0,abs05808
1,4 5 6,,0,,0,abs05809
1,4 5,1,0,,0,abs05810
1,5 6,2,0,,0,abs05811
1,3,,0,,0,abs05812
1,5,1,0,,0,abs05813
1,5,1,0,,0,abs05814
1,5,,0,1,1,abs05815
1,4 5,,0,,0,abs05816
1,4 5 6,2,0,,0,abs05817
1,5 6,1,0,,0,abs05818
1,5 6,,0,,0,abs05819
1,5,1,0,,0,abs05820
1,5 6,2,0,,0,abs05821
1,6,2,0,,0,abs05822
1,6,2,0,,0,abs05823
1,5 6,,,,0,abs05824
1,5 6,2,0,,0,abs05825
1,5,,0,,0,abs05826
1,6 7,2,0,,0,abs05827
1,4 5 6,2,0,,0,abs05828
1,5,,0,,0,abs05829
1,5 6,1,0,,0,abs05830
1,5,1,0,,0,abs05831
1,4 5 6 7,2,0,,1,abs05832
1,6 7,2,0,,0,abs05833
1,4 5 6,2,0,,1,abs05834
1,5 6,,0,,0,abs05835
1,4 5,,0,,0,abs05836
1,4 5 6,,0,,0,abs05837
1,5,,0,,1,abs05838
1,4 5 6 7,2,0,,0,abs05839
1,5 6,1,0,,0,abs05840
1,6,2,0,,0,abs05841
1,4 5 6,,0,,0,abs05842
1,4 5,,0,,0,abs05843
1,5,,0,,0,abs05844
1,5 6,,0,,0,abs05845
1,7,2,0,,0,abs05846
1,5,,0,,0,abs05847
1,4 5,,0,,0,abs05848
1,5,,0,,0,abs05849
1,4 5,,0,1,0,abs05850
1,5,,0,,0,abs05851
1,5,,0,,0,abs05852
1,4 5 6,2,0,,0,abs05853
1,5 6,2,0,,0,abs05854
1,4 5,,0,,0,abs05855
1,5 6,,0,,0,abs05856
1,5,,0,,0,abs05857
1,4 5,,0,,0,abs05858
1,4 5 6,2,0,,1,abs05859
1,5 6,,0,,0,abs05860
1,5 6,,,,0,abs05861
1,3 6,,0,1,1,abs05862
0,,,,,0,abs05863
1,4 5 6,,0,,0,abs05864
1,4 5 6,2,0,,0,abs05865
0,,,,,0,abs05866
1,5,,0,1,1,abs05867
1,5,2,0,1,0,abs05868
1,5 6,2,0,,0,abs05869
1,4 5,,0,,0,abs05870
1,5,1,0,1,0,abs05871
1,5,,0,,0,abs05872
1,1 2,,,,0,abs05873
1,3 6,,0,,0,abs05874
1,5 6,,0,,0,abs05875
1,5 6,,0,,0,abs05876
1,5 6 7,2,0,,0,abs05877
1,4 5,,0,,0,abs05878
1,4 6,2,0,,0,abs05879
1,5 6,2,0,,0,abs05880
1,4 5,,0,1,1,abs05881
1,4 5 6,,0,,0,abs05882
1,6,2,0,,0,abs05883
1,5 6,,,,0,abs05884
1,5,1,0,,1,abs05885
1,5 6,1,0,,0,abs05886
1,5 6,,0,,0,abs05887
1,7,2,0,,0,abs05888
1,5 6,,0,,0,abs05889
1,4 5,,0,,0,abs05890
1,5,,0,,0,abs05891
1,5,1,0,,0,abs05892
1,5,,,1,0,abs05893
1,4 5 6,2,0,,0,abs05894
1,5,,0,,0,abs05895
1,5,,0,,0,abs05896
1,5,,0,1,1,abs05897
1,4 5,,0,,0,abs05898
1,3 5,1,0,1,0,abs05899
1,4 5,,0,,0,abs05900
1,3 5,2,0,,1,abs05901
1,4 5 6,2,0,,0,abs05902
1,4 5 6,,0,,0,abs05903
1,5,1,0,,0,abs05904
1,4 5 6,2,0,,0,abs05905
1,5,2,0,,1,abs05906
1,4 5,1,0,,0,abs05907
1,5 6,,,1,0,abs05908
1,5 6,1,0,,0,abs05909
1,6,2,0,,0,abs05910
1,5 6,,0,,0,abs05911
1,,,,,0,abs05912
1,4 5,,0,,0,abs05913
1,5,,0,,0,abs05914
1,5,,0,,0,abs05915
1,6,2,0,,0,abs05916
1,6,,0,,1,abs05917
1,6,,,,0,abs05918
1,6,2,0,,1,abs05919
1,4 5,,0,,1,abs05920
1,6,,0,,0,abs05921
1,4 5 6 7,2,0,,0,abs05922
1,5,,0,,1,abs05923
1,6,,0,,0,abs05924
1,4 5 6,1,0,1,0,abs05925
1,4 5 6,2,0,,0,abs05926
1,5,2,0,,0,abs05927
1,4 5,1,0,,0,abs05928
1,5 6,,0,,0,abs05929
0,,,,,0,abs05930
1,5,1,0,,0,abs05931
1,5,,0,1,1,abs05932
1,4 5,,0,1,0,abs05933
1,5 6,,0,,0,abs05934
1,6,2,0,,0,abs05935
1,5 6,,0,,0,abs05936
1,4 5,,0,1,0,abs05937
1,6,2,0,,0,abs05938
1,4 5 6,,0,,1,abs05939
1,4 5,2,0,1,1,abs05940
1,6,,,,0,abs05941
1,4 5,1,,1,0,abs05942
1,6,2,0,,1,abs05943
1,6,2,0,,0,abs05944
1,4 5,,0,,0,abs05945
1,4 5,2,0,,0,abs05946
1,5,,0,,0,abs05947
1,5 6,,0,,1,abs05948
1,4 5 6,,0,1,1,abs05949
1,4 5,,0,,0,abs05950
1,5 6,,0,,0,abs05951
1,4 5 6,2,0,,0,abs05952
1,6 7,,0,,0,abs05953
1,4 5 6,,0,,0,abs05954
1,4 5,2,0,,0,abs05955
1,6,2,0,,0,abs05956
1,6,,0,,1,abs05957
1,5 6,2,0,,0,abs05958
1,4 5 6,,0,1,0,abs05959
1,4 5,1,0,,0,abs05960
1,5,,0,,0,abs05961
1,6,2,0,,0,abs05962
1,5 6,1,0,,0,abs05963
1,4 5 6,1,0,,0,abs05964
1,5,1,0,,0,abs05965
1,4 5 6,,0,,0,abs05966
1,6,,0,,0,abs05967
1,4 5 6 7,2,0,,0,abs05968
1,5,1,0,,0,abs05969
1,6,1,0,,1,abs05970
1,4 5 6,2,0,,0,abs05971
1,4 5 6 7,,0,,1,abs05972
1,5 6,,0,1,1,abs05973
1,4 5,,0,,0,abs05974
1,6,,0,,0,abs05975
1,6,2,0,,0,abs05976
1,6,2,0,,0,abs05977
1,6 7,2,0,,0,abs05978
1,4 5,,0,1,0,abs05979
1,6,2,0,,0,abs05980
1,6,2,0,,0,abs05981
1,5 6,,0,,0,abs05982
1,5,,0,,0,abs05983
1,7,2,0,,0,abs05984
1,4 5 6,2,0,,0,abs05985
1,4 5 6,2,0,,1,abs05986
1,5,,0,,0,abs05987
1,6,2,0,,0,abs05988
1,5 6,,0,,1,abs05989
1,4 5,,0,,0,abs05990
1,5 6,,0,,0,abs05991
1,6,,0,,0,abs05992
1,5 6,,0,,0,abs05993
1,5,,0,,0,abs05994
1,5 6,2,0,,0,abs05995
1,4 5 6 7,,0,,0,abs05996
1,5 6,,0,,0,abs05997
1,4 5 6,,0,,0,abs05998
1,4 5,1,0,1,0,abs05999
1,4 5 6,,0,,1,abs06000
1,5 6,,0,,0,abs06001
1,4 5,,0,,0,abs06002
1,4 5 6 7,,0,,0,abs06003
1,6 7,,0,,0,abs06004
1,5 7,2,0,,0,abs06005
1,5,,0,,0,abs06006
1,4 5,,0,,0,abs06007
1,5 6,,0,,0,abs06008
1,5,,0,,0,abs06009
1,5,,0,,0,abs06010
1,4 5,,0,,0,abs06011
1,5,,0,,0,abs06012
1,4 5 6 7,2,,,1,abs06013
1,5 6 7,,0,,1,abs06014
1,5,,0,,0,abs06015
1,5,,0,,0,abs06016
1,5 6,,0,1,1,abs06017
1,5 6,,0,,0,abs06018
1,6,2,0,,0,abs06019
1,4 5 6,2,0,,0,abs06020
1,4 5,1,0,,0,abs06021
1,4 5,,0,1,0,abs06022
1,5 6,,0,,0,abs06023
1,6,,0,,1,abs06024
1,4 5 6,2,0,,1,abs06025
1,5 6,2,0,,0,abs06026
1,5,,0,,0,abs06027
1,5,1,0,,0,abs06028
1,5 6,,0,,0,abs06029
1,5 6,1,0,,0,abs06030
1,5 6,,0,,0,abs06031
1,6,2,0,,0,abs06032
1,5 6,,0,,0,abs06033
1,4 5,,0,,1,abs06034
1,5,2,0,,0,abs06035
1,5 6,2,0,,0,abs06036
1,5 6,,0,,0,abs06037
1,5,1,,,0,abs06038
1,5,,0,,0,abs06039
1,4 5 6,,0,,0,abs06040
1,6,2,0,,0,abs06041
1,5,1,0,,0,abs06042
1,5,,0,,0,abs06043
1,5 7,,0,,0,abs06044
1,5 6,2,0,,0,abs06045
1,4 5,,0,,1,abs06046
1,5 6,2,0,,0,abs06047
1,5,1,0,,0,abs06048
1,4 5,1,0,,0,abs06049
1,4 5 6 7,,0,,0,abs06050
1,4 5,,,,1,abs06051
1,6,,0,,0,abs06052
1,4 5 6,1,0,,0,abs06053
1,5,,0,,0,abs06054
1,5 6,,0,,0,abs06055
1,3 7,,0,,0,abs06056
1,5,1,0,,0,abs06057
1,4 5 6 7,2,0,,0,abs06058
1,5 6,2,0,,0,abs06059
1,5,,0,1,0,abs06060
1,6,2,0,,0,abs06061
1,4 5,1,0,,0,abs06062
1,4 5,1,0,,0,abs06063
1,5 6,1,0,,0,abs06064
1,5 6,1,0,,0,abs06065
1,5,1,0,,0,abs06066
1,4 5 6,2,0,,1,abs06067
1,5,,0,,0,abs06068
1,6,,0,,0,abs06069
1,4 5,,0,,1,abs06070
1,4 5 6,1,0,1,1,abs06071
1,4 5 6,,0,,0,abs06072
1,5,,0,,0,abs06073
1,5 6,,0,,0,abs06074
1,5 6,2,0,,0,abs06075
1,6,,0,,0,abs06076
1,6,2,0,,0,abs06077
1,5,,0,,0,abs06078
1,6,2,0,,0,abs06079
1,6,,0,,1,abs06080
1,4 5 6,2,0,,0,abs06081
1,5,,0,,0,abs06082
1,4 5,1,,1,0,abs06083
1,4 5,,0,,0,abs06084
1,6,2,0,,0,abs06085
1,5,1,0,,0,abs06086
1,4 5,2,0,,1,abs06087
1,6,,0,,0,abs06088
1,5 6,,0,,0,abs06089
1,6,2,0,,0,abs06090
1,4 5 6,,0,,1,abs06091
1,4 5 6,,0,,0,abs06092
1,4 5,,0,,0,abs06093
1,4 5,1,0,,0,abs06094
1,5,1,,1,0,abs06095
1,4 5,1,0,1,0,abs06096
1,5 6,,0,,0,abs06097
1,5,,0,,0,abs06098
1,4 5,,0,,0,abs06099
1,5,,0,,0,abs06100
1,4 5,1,0,,0,abs06101
1,5,,0,,0,abs06102
1,3,1,0,1,1,abs06103
1,5,,0,,0,abs06104
1,5 6,2,0,,0,abs06105
1,5 6,,0,,0,abs06106
1,4 5,,0,,1,abs06107
1,5,,0,,0,abs06108
1,4 5 6,,0,1,1,abs06109
1,4 5,,0,1,1,abs06110
1,5,1,0,,0,abs06111
1,6,,0,,0,abs06112
1,4 5 6,,0,,0,abs06113
1,4 5,2,0,,0,abs06114
1,,,0,,0,abs06115
1,4 5 6,1,0,1,1,abs06116
1,5 6,2,0,,0,abs06117
1,5 6,1,0,1,0,abs06118
1,5 6,,0,,0,abs06119
1,4 5 6 7,,0,,0,abs06120
1,4 5 6,1,0,,0,abs06121
1,4 5,,0,,0,abs06122
1,4 5,1,0,,0,abs06123
1,6,2,0,,0,abs06124
1,5 6,,0,,0,abs06125
1,4 5 6,2,0,,0,abs06126
1,4 5,,0,,0,abs06127
1,5,1,0,,0,abs06128
1,5,,0,,0,abs06129
1,4 5 6 7,,0,,0,abs06130
1,5,,0,,1,abs06131
1,5 6,,0,,0,abs06132
1,5 6,,0,,0,abs06133
1,4 5,2,0,,0,abs06134
1,4 5,,,,0,abs06135
1,6,,0,,0,abs06136
1,4 5 6,,0,,1,abs06137
1,4 5 6,2,0,,0,abs06138
1,3 5,,0,1,0,abs06139
1,5 6,1,0,,0,abs06140
1,4 5,1,0,1,0,abs06141
1,6,,0,,0,abs06142
1,5,2,0,,1,abs06143
1,6,2,0,,0,abs06144
1,5,1,0,,1,abs06145
1,4 5,1,0,,0,abs06146
1,4 5 6,,0,,0,abs06147
1,4 5 6 7,,0,,1,abs06148
1,5 6,,0,,0,abs06149
1,5 6,1,0,,0,abs06150
1,2 6,2,,,0,abs06151
1,5 6,,0,,0,abs06152
1,5,1,0,,0,abs06153
1,5 6,1,0,,0,abs06154
1,4 5,,0,,0,abs06155
1,4 5 6 7,,0,,0,abs06156
1,5,,0,,0,abs06157
1,4 5,1,0,,0,abs06158
1,5,,0,,1,abs06159
1,4 5,,0,,0,abs06160
1,4 5 6,2,0,,0,abs06161
1,4 5 6,,0,,1,abs06162
1,4 5 6,,0,,0,abs06163
1,6,2,0,,0,abs06164
1,4 5 6,,,,0,abs06165
1,5,,0,,0,abs06166
1,5 6,1,0,,0,abs06167
1,4 5,1,0,1,0,abs06168
1,5,1,0,,0,abs06169
1,3 7,,0,,0,abs06170
1,3 4 5 6 7,,0,,0,abs06171
1,5 6,1,0,,0,abs06172
1,6,,0,,0,abs06173
1,5,2,0,,0,abs06174
1,3,2,0,1,1,abs06175
1,3 5 6,1,0,,0,abs06176
1,6,,0,,0,abs06177
1,4 5,,0,,0,abs06178
1,5 6,2,0,,0,abs06179
0,,,,,0,abs06180
1,4 5 6,,0,,0,abs06181
1,4 5 6 7,,0,,0,abs06182
1,3,2,0,,0,abs06183
1,3 4 5 6,,0,1,1,abs06184
0,,,,,0,abs06185
1,5,,0,,0,abs06186
1,5 6,1,0,,0,abs06187
1,5 6,1,0,,0,abs06188
1,4 5 6 7,2,0,,0,abs06189
1,4 5,,0,,0,abs06190
1,5 6,2,0,,0,abs06191
1,4 5 6,,0,,0,abs06192
1,4 5 6,,0,,0,abs06193
1,4 5 6 7,,0,,0,abs06194
1,4 5 6,,0,,1,abs06195
1,4 5 6,1,0,,0,abs06196
1,6,,0,,0,abs06197
1,3 4 5 6,2,0,,0,abs06198
1,4 5,,0,,1,abs06199
1,5,,0,,0,abs06200
1,4 5,,0,,0,abs06201
1,5 6,1,0,1,0,abs06202
1,5,,0,1,1,abs06203
1,4 6,,0,,0,abs06204
1,4 5,,0,,0,abs06205
1,6,,0,,0,abs06206
1,4 5,,0,1,1,abs06207
1,5 6,1,0,,0,abs06208
1,4 5 6 7,2,0,,1,abs06209
1,5,,0,,0,abs06210
1,6,,0,,0,abs06211
1,4 5,,0,,0,abs06212
1,5,2,0,,0,abs06213
1,4 5,,0,,0,abs06214
1,4 5 6,1,0,,0,abs06215
1,4 5 6,,0,,0,abs06216
1,5,1,0,,0,abs06217
1,5,,0,,0,abs06218
1,3,,0,,0,abs06219
1,4 5,,0,,0,abs06220
1,4 5,,0,,0,abs06221
1,3 4 5 6 7,,0,1,1,abs06222
1,5 7,,0,,0,abs06223
1,4 5,2,0,,0,abs06224
1,4 5,,0,,0,abs06225
1,5,1,0,,0,abs06226
1,6,2,0,,0,abs06227
1,5 6,,0,,0,abs06228
1,3 5 6,1,0,1,0,abs06229
1,5 6,,0,,1,abs06230
1,5,1,0,,0,abs06231
1,4 5 6,,0,,0,abs06232
1,4 5,1,0,,0,abs06233
1,5,,0,,0,abs06234
1,4 5 6,,0,,1,abs06235
1,4 5,,0,,0,abs06236
1,4 5 6,2,0,,0,abs06237
1,4 5 6,,0,,0,abs06238
1,4 6,2,0,,0,abs06239
1,5 6,,0,,0,abs06240
1,3,2,0,1,1,abs06241
1,4 5,,0,,0,abs06242
1,5 6,,0,,1,abs06243
1,5 6,,0,,0,abs06244
1,4 5 6,2,0,,0,abs06245
1,3,,0,,0,abs06246
1,4 5,,0,,0,abs06247
1,5,,0,,0,abs06248
1,5 6,1,0,,0,abs06249
1,4 5,,0,,0,abs06250
1,6,2,0,,0,abs06251
1,4 5,1,0,,0,abs06252
1,5,,0,,0,abs06253
1,5 6,,0,,0,abs06254
1,5,1,0,,0,abs06255
1,3,,0,,1,abs06256
1,4 5 6,,0,,1,abs06257
1,4 5,2,0,,0,abs06258
1,5 6,2,0,,0,abs06259
1,5 6,,0,1,1,abs06260
1,4 5 6,,0,,0,abs06261
1,4 5 6,1,0,,0,abs06262
1,5 6,,0,,0,abs06263
1,5 6,,0,,1,abs06264
1,5,,0,,0,abs06265
1,3,,0,1,0,abs06266
1,4 5,2,0,,1,abs06267
1,5,,0,,0,abs06268
1,5 6,2,0,,0,abs06269
1,4 5,1,0,,0,abs06270
1,5 6,2,0,,0,abs06271
1,6 7,2,0,,0,abs06272
1,5,2,0,,0,abs06273
1,5 6,1,0,,0,abs06274
1,5 6,,0,,0,abs06275
1,3,,0,,0,abs06276
1,5 6,1,0,,0,abs06277
1,5,1,0,,0,abs06278
1,5 7,,0,,0,abs06279
1,5 6,1,0,1,1,abs06280
1,4 5 6,,0,,0,abs06281
1,5,,0,,0,abs06282
1,4 5,,0,,1,abs06283
1,5 6,1,0,,0,abs06284
1,4 5 6,,0,,0,abs06285
1,5,,0,,0,abs06286
1,5,,0,,0,abs06287
1,5 6,,0,,0,abs06288
1,5 6,,0,,0,abs06289
1,5,,0,,0,abs06290
1,5,,0,,0,abs06291
1,5,1,0,,0,abs06292
1,4 5,,0,,1,abs06293
1,5,1,0,,0,abs06294
1,4 5,,0,,0,abs06295
1,3,,0,,1,abs06296
1,4 5,,0,,0,abs06297
1,5,,0,,0,abs06298
1,5,1,0,,0,abs06299
1,5,1,0,1,0,abs06300
1,3 5,,0,,0,abs06301
1,4 5,,0,,0,abs06302
1,5 6,1,0,,0,abs06303
1,6,2,0,,1,abs06304
1,6,2,0,,0,abs06305
1,5,,0,,0,abs06306
1,5 6,,0,,0,abs06307
1,5 6,,0,,0,abs06308
1,6,2,0,,0,abs06309
1,5,1,0,1,0,abs06310
1,3 4 5 6,2,0,,0,abs06311
1,5 6,,0,,0,abs06312
1,4 5 6,2,0,,0,abs06313
1,5 6,,0,,0,abs06314
1,4 5 6,1,0,,0,abs06315
1,5,,0,,0,abs06316
1,5 6,,0,,0,abs06317
1,5 6,,0,,0,abs06318
1,6,2,0,,0,abs06319
1,6,2,0,,0,abs06320
1,4 5 6,,0,,0,abs06321
1,4 5,,0,,1,abs06322
1,5 6,,0,,0,abs06323
1,3,,0,1,0,abs06324
1,5,1,0,,0,abs06325
1,4 5,2,0,,0,abs06326
1,6,2,0,,0,abs06327
1,4 5 6 7,,0,,1,abs06328
1,4 5,,0,,0,abs06329
1,5 6,2,0,,0,abs06330
1,4 5 6 7,,0,,0,abs06331
1,5,,0,,0,abs06332
1,4 5,1,0,,0,abs06333
1,4 5,,,,1,abs06334
1,6,2,0,,0,abs06335
1,4 5 6,1,0,,0,abs06336
1,5 6,2,0,,0,abs06337
1,4 5 6,,0,,0,abs06338
1,5,,0,,0,abs06339
1,5 6,,0,,1,abs06340
1,5,,0,,1,abs06341
1,4 5,,0,,0,abs06342
1,5 6,,0,,0,abs06343
1,4 5 6,1,0,,1,abs06344
1,5,,0,,0,abs06345
1,5,,0,,0,abs06346
1,5 6,2,0,,0,abs06347
1,5 6,,0,,0,abs06348
1,5 6,,0,,0,abs06349
1,5,2,0,,0,abs06350
1,5 6,2,0,,0,abs06351
1,5,2,0,,0,abs06352
1,5,,0,,0,abs06353
1,5 6,1,0,,0,abs06354
1,4 5,,0,,0,abs06355
1,6,2,0,,0,abs06356
1,4 5,,,,1,abs06357
1,4 5 6,1,0,,0,abs06358
1,5,,0,,0,abs06359
1,5,,0,,0,abs06360
1,5 6,,0,,0,abs06361
1,5,1,0,1,0,abs06362
1,5,,0,,0,abs06363
1,4 5,2,0,,1,abs06364
1,5,1,0,,0,abs06365
1,6,2,0,,0,abs06366
1,3 5,1,0,,0,abs06367
1,5,1,0,,0,abs06368
1,4 5 6,,0,,0,abs06369
1,5,,0,,0,abs06370
1,4 5,1,0,,0,abs06371
1,5 6,,0,,0,abs06372
1,4 5 6,2,0,,0,abs06373
1,5,,,,1,abs06374
1,5,,0,,0,abs06375
1,4 5,1,0,,0,abs06376
1,5,,0,,0,abs06377
1,5 7,,0,,0,abs06378
1,5 6,2,0,,0,abs06379
1,4 5,,0,,0,abs06380
1,5,,0,,0,abs06381
1,6,2,0,,0,abs06382
1,4 5,,0,,0,abs06383
1,5 6 7,2,0,,0,abs06384
1,5,,0,,0,abs06385
1,7,,0,,0,abs06386
1,5,,0,,0,abs06387
1,5 6,2,0,,0,abs06388
1,4 5,2,0,1,0,abs06389
1,4 5,2,0,,0,abs06390
1,5 6,,0,,1,abs06391
1,5,1,0,,0,abs06392
0,,,,,0,abs06393
1,4 5,,0,,0,abs06394
1,5,1,0,,0,abs06395
1,6,2,0,,0,abs06396
1,5 6,,0,,0,abs06397
1,4 5,,0,,1,abs06398
1,4 5,,0,,0,abs06399
1,4 5,,,,1,abs06400
1,4 5,,0,,0,abs06401
1,5 6,1,0,,0,abs06402
1,5,,0,,0,abs06403
1,5,,0,,0,abs06404
1,4 5,,,,1,abs06405
1,5,2,0,,0,abs06406
1,6,,0,,0,abs06407
1,4 5,1,0,,0,abs06408
1,4 5,,0,1,0,abs06409
1,4 5 6,,0,,1,abs06410
1,4 5,2,0,1,0,abs06411
1,,2,,,0,abs06412
1,5,,0,,1,abs06413
1,4 5 6 7,,40,,1,abs06414
1,6,2,0,,0,abs06415
1,2,,,,1,abs06416
0,,,,,0,abs06417
1,,2,0,,1,abs06418
1,1 2,,,,0,abs06419
1,1 2,,,,1,abs06420
1,,,,,1,abs06421
1,,2,0,,1,abs06422
1,1 2,,8 15,,1,abs06423
1,3,2,0,1,1,abs06424
1,3,2,0,,1,abs06425
1,,2,0,,1,abs06426
1,6,2,0,,1,abs06427
1,2,,0,,1,abs06428
1,2,2,0,,1,abs06429
1,,2,0,,1,abs06430
1,3,1,0,,1,abs06431
1,2,,,,1,abs06432
1,,,,,1,abs06433
0,,,,,1,abs06434
1,3,,0,,0,abs06435
1,2 3,,7,1,1,abs06436
0,,,,,1,abs06437
1,3,,0,,1,abs06438
1,,,,,0,abs06439
1,,,0,,1,abs06440
1,,2,,,1,abs06441
1,,2,0,,1,abs06442
1,1 2 3 4,,7,,1,abs06443
1,2,,0,,1,abs06444
1,1 2,,7,,1,abs06445
1,1 2,2,,,1,abs06446
1,6,,0,1,1,abs06447
1,6,2,0,,0,abs06448
1,2,,,,1,abs06449
1,2,,,,1,abs06450
1,2 3,,15,,1,abs06451
1,2,,,,1,abs06452
1,2,,,,1,abs06453
1,2,,,,0,abs06454
1,1 2,,,1,1,abs06455
1,,,0,,1,abs06456
1,2,2,0,,1,abs06457
1,,,0,,1,abs06458
1,2,,,,1,abs06459
1,1 2,,8,,1,abs06460
1,,,,,0,abs06461
1,2,,,,1,abs06462
1,1 2,,,,0,abs06463
1,2,2,,,1,abs06464
1,,2,0,,1,abs06465
1,,,,,0,abs06466
1,2,,,,1,abs06467
1,,,0,,1,abs06468
0,,,,,1,abs06469
1,2,,,,1,abs06470
0,,,,,1,abs06471
1,,,,,1,abs06472
1,0,0,0,,1,abs06473
1,,,0,,1,abs06474
1,3 6,2,0,1,0,abs06475
1,,2,0,,1,abs06476
1,2,2,,1,0,abs06477
1,1 2,,9,1,1,abs06478
0,,,,,1,abs06479
1,6 7,,0,1,0,abs06480
1,2,,,,1,abs06481
1,2 3 6,,,,1,abs06482
1,2,2,14 22,,1,abs06483
1,,2,0,,1,abs06484
1,1 3,,,1,1,abs06485
0,,,,,1,abs06486
0,,,,,1,abs06487
1,6,2,0,,0,abs06488
1,,,0,,1,abs06489
0,,,,,0,abs06490
1,2,,,,1,abs06491
1,,,,,1,abs06492
1,2,,22,,0,abs06493
1,4 5,,0,,0,abs06494
0,,,,,1,abs06495
1,,2,,,1,abs06496
1,6,,0,,1,abs06497
1,2,,,,1,abs06498
1,1 2,,7,,1,abs06499
1,2,,3,,1,abs06500
1,2,,,1,1,abs06501
1,2,,,,0,abs06502
1,,,0,,1,abs06503
0,,,,,1,abs06504
1,2,,,,1,abs06505
1,5,1,0,,0,abs06506
0,,,,,1,abs06507
1,6,2,0,,0,abs06508
1,2,,,,1,abs06509
1,,2,0,,1,abs06510
1,1 2,,,,1,abs06511
1,2,,0,,1,abs06512
1,3,,0,,1,abs06513
1,3,1,,,1,abs06514
1,2,,,,0,abs06515
1,,,0,,0,abs06516
1,1 2 6,,,,0,abs06517
1,2,,,,0,abs06518
1,1 2,,22,,1,abs06519
1,1 2,,7,,1,abs06520
1,1 2,,,,1,abs06521
1,,,,1,1,abs06522
1,,,0,,1,abs06523
1,,,,,0,abs06524
1,2,,,,1,abs06525
1,2,,,,0,abs06526
1,,,0,,1,abs06527
1,6,1,0,,1,abs06528
1,,2,0,,1,abs06529
1,,,0,,1,abs06530
1,,,0,,1,abs06531
1,6,,0,,1,abs06532
1,,2,,,1,abs06533
1,,,0,,1,abs06534
1,3 6,,0,1,1,abs06535
1,2,,,,1,abs06536
1,1 2,,,1,0,abs06537
1,5,,,,1,abs06538
1,5 6,2,0,,0,abs06539
1,3,2,0,,0,abs06540
1,2,,,,1,abs06541
1,1 2,2,26,,1,abs06542
1,3,1,,1,1,abs06543
1,,,,,1,abs06544
1,,2,0,,1,abs06545
1,,,0,,1,abs06546
1,6,,0,,0,abs06547
1,2,2,0,,1,abs06548
1,,,0,,1,abs06549
1,0,,,,0,abs06550
1,6 7,,0,,1,abs06551
1,1 2,,,1,1,abs06552
1,,,,,1,abs06553
1,2,,,,1,abs06554
0,,,,,1,abs06555
1,2,,,,1,abs06556
1,1 2 3 4 5 6,,0,1,0,abs06557
1,5,,0,1,1,abs06558
1,,2,0,,1,abs06559
1,,2,0,,1,abs06560
1,2,,,,1,abs06561
1,4 5 6,,0,,0,abs06562
1,,2,0,,1,abs06563
1,,2,,,1,abs06564
0,,,,,1,abs06565
1,6,,0,,0,abs06566
1,6,,0,1,1,abs06567
1,1 2,2,,,0,abs06568
1,7,,0,,1,abs06569
0,,,,,0,abs06570
1,1 2,2,,,1,abs06571
1,2,,3,,1,abs06572
1,2,2,22,,1,abs06573
1,1 2,,,,1,abs06574
1,,2,0,,1,abs06575
1,2,,0,,1,abs06576
1,1 2,,,,1,abs06577
1,7,,0,,0,abs06578
1,,2,0,,1,abs06579
1,,2,0,1,1,abs06580
1,,,0,,1,abs06581
1,1 2,,,,1,abs06582
1,,,,,1,abs06583
1,,2,0,,1,abs06584
0,,,,,1,abs06585
1,,2,0,,1,abs06586
1,4 5 6,1,0,,0,abs06587
1,2,,,,1,abs06588
1,,,,,0,abs06589
1,2,,,,1,abs06590
0,,,,,1,abs06591
1,,,,,1,abs06592
1,2,,,,1,abs06593
1,6,,0,,0,abs06594
1,1 2,,7,,1,abs06595
1,,2,0,,1,abs06596
1,1 2 6,2,22,,0,abs06597
1,,,,,1,abs06598
1,,2,0,,1,abs06599
1,2,,,,1,abs06600
1,1 2,,,1,1,abs06601
1,2,,12,,1,abs06602
1,1 2,,40,1,1,abs06603
1,2,2,,,1,abs06604
1,6,2,0,,1,abs06605
1,6,,0,,0,abs06606
1,2,,,,0,abs06607
1,5 6,2,0,,0,abs06608
1,1 2,2,,,1,abs06609
1,1 2,,7,,1,abs06610
1,6,,0,,1,abs06611
1,0,0,0,,0,abs06612
0,,,,,1,abs06613
1,,2,0,,1,abs06614
1,1 2,,,,1,abs06615
1,1 2 3 6,2,,,0,abs06616
1,2,,16,,1,abs06617
1,1 2 3,,,1,1,abs06618
1,2,2,,1,1,abs06619
1,,2,0,,1,abs06620
1,2,,,,1,abs06621
1,3 7,,,,0,abs06622
1,,2,,,1,abs06623
1,,2,,,1,abs06624
1,0,,0,,1,abs06625
1,6,,0,,0,abs06626
1,2,,3,,1,abs06627
1,4 5 6,2,0,,0,abs06628
1,2,,,,0,abs06629
0,,,,,1,abs06630
1,,2,,,1,abs06631
0,,,,,1,abs06632
1,1 2,,8,,1,abs06633
0,,,,,1,abs06634
1,,2,0,,1,abs06635
1,2,,,1,1,abs06636
1,,,0,,1,abs06637
1,2,2,0,,1,abs06638
1,2,,,,1,abs06639
1,,,0,,1,abs06640
1,1 2,,22 26,,0,abs06641
1,,,0,,1,abs06642
1,2,,,,1,abs06643
1,3,,0,1,1,abs06644
1,0,2,0,,1,abs06645
1,2,,,,1,abs06646
1,1 2,2,7,,1,abs06647
1,,2,0,,1,abs06648
1,4 5,,0,,1,abs06649
1,6,,0,,0,abs06650
1,2,,14,,0,abs06651
1,,,0,,1,abs06652
1,1 2 3,,40,,1,abs06653
1,,,,,1,abs06654
1,2,,,,1,abs06655
1,6,,,,1,abs06656
1,5 6,,0,,1,abs06657
1,1 2,,,,0,abs06658
1,2,,,1,0,abs06659
1,,2,0,,1,abs06660
1,2,,,,1,abs06661
1,1 2 6,2,,,0,abs06662
1,,,0,,1,abs06663
1,,2,0,,1,abs06664
1,1 2,2,26,,1,abs06665
1,0,2,0,,1,abs06666
1,3,,,1,1,abs06667
1,1 2,,9,1,1,abs06668
1,,2,0,,1,abs06669
1,,2,0,,1,abs06670
1,6,2,0,,1,abs06671
1,,,,,1,abs06672
1,,2,0,,1,abs06673
1,,2,0,,1,abs06674
1,,2,0,,1,abs06675
0,,,,,1,abs06676
1,2,,,,1,abs06677
1,,,0,,0,abs06678
1,2,2,,,1,abs06679
1,2,2,,,1,abs06680
1,,2,0,,1,abs06681
1,3 6,2,0,,0,abs06682
1,,,,,1,abs06683
1,,,,,1,abs06684
1,,,0,,1,abs06685
1,2,,,,1,abs06686
1,3,,0,1,1,abs06687
1,,2,0,,1,abs06688
1,0,,0,,1,abs06689
1,2,,,,1,abs06690
1,1 2,2,,,1,abs06691
1,3,,0,,1,abs06692
1,4 5,,0,1,1,abs06693
1,0,,,,1,abs06694
1,1 2,,7,,1,abs06695
1,0,2,0,,1,abs06696
1,6,,0,,1,abs06697
1,2,,,,1,abs06698
1,2,,3,,1,abs06699
1,,,0,,1,abs06700
1,1 2,,,1,0,abs06701
1,,,0,,1,abs06702
1,2,,,,1,abs06703
1,,2,0,,1,abs06704
1,,,,,1,abs06705
1,1 2,,10 22,,1,abs06706
1,4,,0,,1,abs06707
1,,2,0,,1,abs06708
1,1 2,2,,,0,abs06709
1,5,,,,1,abs06710
1,6 7,1,0,,0,abs06711
1,1 2,,,,0,abs06712
1,,2,0,,1,abs06713
1,,,0,,1,abs06714
1,2,,,,1,abs06715
0,,,,,1,abs06716
1,,,,,1,abs06717
1,,,,,1,abs06718
1,2,,0,,1,abs06719
1,2,2,,,1,abs06720
1,5 6,2,0,,0,abs06721
1,,2,0,,1,abs06722
1,2,2,,1,1,abs06723
1,3,,0,1,1,abs06724
1,1 2,,,1,0,abs06725
1,,,,,1,abs06726
1,,,,,1,abs06727
1,1 2,2,,1,0,abs06728
1,,,,,1,abs06729
1,2,,,,1,abs06730
1,,,,,1,abs06731
1,1 2,,,,0,abs06732
1,1 2,,26,,0,abs06733
1,,,,,1,abs06734
1,,,0,,1,abs06735
1,,2,,,1,abs06736
1,6,,0,1,1,abs06737
1,3,2,0,,1,abs06738
1,,,0,,1,abs06739
1,2,,,,1,abs06740
1,2,,0,,1,abs06741
1,3,,0,,1,abs06742
1,1 2,,,,0,abs06743
1,,,,,1,abs06744
1,2,,,,1,abs06745
1,,,,,1,abs06746
1,,,,,0,abs06747
0,,,,1,1,abs06748
1,5,,0,,0,abs06749
1,3 6,,,,1,abs06750
1,1 2,,7,,1,abs06751
0,,,,,1,abs06752
1,0,,0,,1,abs06753
1,,2,0,,1,abs06754
1,2,,3,,1,abs06755
1,2,,0,,0,abs06756
1,6,2,0,,1,abs06757
1,2,,0,,1,abs06758
0,,,,,1,abs06759
1,1 2,,40,,0,abs06760
1,2,,,,1,abs06761
1,1 2,2,,,1,abs06762
1,2,2,,,1,abs06763
1,6,,0,,1,abs06764
1,,2,0,,1,abs06765
1,,,0,,1,abs06766
1,0,2,0,,1,abs06767
1,,,,,1,abs06768
1,,2,0,,1,abs06769
1,,2,0,,1,abs06770
1,1 2,,,,0,abs06771
1,1 2,,26,1,1,abs06772
1,3,2,0,,1,abs06773
1,1 2,,22,1,1,abs06774
1,5,1,,,1,abs06775
1,2,,,,1,abs06776
1,3,,0,,0,abs06777
0,,,,,1,abs06778
1,1 2,,,1,0,abs06779
1,,2,0,,1,abs06780
1,2,,3,,1,abs06781
1,3,2,0,,1,abs06782
1,,,,,1,abs06783
1,,2,0,,1,abs06784
1,6,,,1,1,abs06785
1,3 5 6,,0,1,0,abs06786
1,3,,0,,1,abs06787
1,,2,0,,1,abs06788
1,,,,1,1,abs06789
1,6,,0,,0,abs06790
1,,,,,1,abs06791
1,6,1,,,1,abs06792
1,,2,0,,1,abs06793
1,,,0,,1,abs06794
1,,,0,,1,abs06795
1,6,,0,,0,abs06796
1,2,,,,1,abs06797
1,1 2,2,,,1,abs06798
0,,,,,1,abs06799
1,2,2,,,1,abs06800
1,1 2,,7,,1,abs06801
0,,,,,1,abs06802
1,5 6,1,,1,1,abs06803
1,6,,0,,1,abs06804
1,6,,0,,0,abs06805
1,6,1,0,,1,abs06806
1,2,,0,,1,abs06807
1,,2,0,,1,abs06808
1,,,0,,1,abs06809
1,,,0,,1,abs06810
1,2,,,,1,abs06811
1,2,,,,1,abs06812
1,2,2,,1,1,abs06813
1,,2,0,,1,abs06814
1,,,,,1,abs06815
1,,,0,,1,abs06816
1,1 2,,14 22,1,1,abs06817
1,3,,0,,1,abs06818
1,5 6,,0,,1,abs06819
1,2,,22,,1,abs06820
1,,2,0,,1,abs06821
1,,2,0,,1,abs06822
1,,2,0,,1,abs06823
0,,,,,1,abs06824
1,,2,,,1,abs06825
1,5,2,0,,1,abs06826
0,,,,,1,abs06827
1,,2,,,1,abs06828
1,4 5,,0,,0,abs06829
1,1 2 5 6,,,,0,abs06830
1,2,,,,1,abs06831
1,4 5,2,0,,1,abs06832
1,,,0,,1,abs06833
1,,,0,,1,abs06834
1,3,2,0,,1,abs06835
1,,2,,,1,abs06836
1,1 2,,8,,1,abs06837
0,,,,,1,abs06838
1,,2,0,1,1,abs06839
1,2,2,3,,1,abs06840
1,6,,0,,1,abs06841
1,2,,,,1,abs06842
1,,2,0,,1,abs06843
1,1 2,,,1,0,abs06844
1,1 2,,7,,1,abs06845
1,1 2,,,1,0,abs06846
1,1 2,,7,,1,abs06847
1,,2,0,,1,abs06848
1,2,,,,1,abs06849
1,2,,,,1,abs06850
1,2,,0,,1,abs06851
0,,,,,0,abs06852
1,2,,0,,1,abs06853
1,,,0,,1,abs06854
1,,2,0,,1,abs06855
1,2,,3,,1,abs06856
1,,,,,0,abs06857
0,,,,,1,abs06858
1,1 2,,40,1,1,abs06859
1,,2,0,,1,abs06860
1,3,2,0,1,1,abs06861
1,2,,,1,1,abs06862
1,6,,0,,0,abs06863
1,,,0,,1,abs06864
1,5,,0,,0,abs06865
1,6,,0,,0,abs06866
0,,,,,0,abs06867
1,2,,,,1,abs06868
1,,2,0,,1,abs06869
1,2,,,,1,abs06870
1,,2,0,,1,abs06871
1,1 2,2,,1,1,abs06872
1,,2,,,1,abs06873
1,,,,,1,abs06874
1,,,,,1,abs06875
1,2,,0,,1,abs06876
0,,,,,1,abs06877
1,,,0,,1,abs06878
1,,,0,,1,abs06879
1,1 2,,26,1,1,abs06880
1,2,2,,,1,abs06881
0,,,,,1,abs06882
1,6,2,0,,1,abs06883
1,5 6,,0,,0,abs06884
1,2,,,1,1,abs06885
1,,,0,,1,abs06886
1,5 6,,0,,0,abs06887
1,,2,0,,0,abs06888
0,,,,,1,abs06889
1,5 6,,0,1,1,abs06890
1,1 2,,,1,1,abs06891
1,1 2,,8,,1,abs06892
1,2,,0,,1,abs06893
1,,2,0,,0,abs06894
1,1 2,,,,1,abs06895
1,3 7,,0,,1,abs06896
1,3,2,0,,0,abs06897
1,7,,0,,1,abs06898
1,1 2 3,,,1,1,abs06899
1,0,,0,,1,abs06900
1,1 2,,26,1,1,abs06901
1,,,0,,1,abs06902
1,,,,,1,abs06903
1,,2,0,,1,abs06904
1,6,2,0,,1,abs06905
1,,,,,0,abs06906
1,,,0,,1,abs06907
1,3,,0,,0,abs06908
1,,2,0,,1,abs06909
1,3 7,,0,,1,abs06910
1,0,,0,,1,abs06911
0,,,,,1,abs06912
1,,,0,,1,abs06913
1,2,,3,,1,abs06914
1,3,2,0,,1,abs06915
1,,1,,,1,abs06916
1,,,0,,0,abs06917
1,3,2,0,1,1,abs06918
1,,,,,1,abs06919
1,,2,0,,1,abs06920
1,,,0,,1,abs06921
1,0,0,0,,1,abs06922
0,,,,,0,abs06923
1,,,0,,1,abs06924
1,1 2,,,,1,abs06925
1,6,,0,1,1,abs06926
1,6,,0,,1,abs06927
1,,2,,1,1,abs06928
1,1 2,,22,,1,abs06929
1,2,2,0,,1,abs06930
1,0,2,0,,1,abs06931
1,,2,0,,1,abs06932
1,2,2,,,1,abs06933
1,2,2,0,,1,abs06934
1,2 3,1,,1,1,abs06935
1,,,0,,1,abs06936
1,2,,,,1,abs06937
1,,2,0,,1,abs06938
1,,2,0,,1,abs06939
1,,,,,1,abs06940
1,,,0,,1,abs06941
1,,,,,1,abs06942
1,2,,26,,1,abs06943
1,2,2,,,1,abs06944
1,2,,,,1,abs06945
1,5,,0,,0,abs06946
1,1 2,,8,,1,abs06947
1,0,0,0,,1,abs06948
1,2,,25,,1,abs06949
1,,,0,,1,abs06950
1,1 2,,,,1,abs06951
1,2,,,1,1,abs06952
1,6,2,0,,1,abs06953
1,1 2,,,,1,abs06954
1,2,,,,0,abs06955
1,2,,,,1,abs06956
1,1 2 3 5 6,,,,1,abs06957
1,,2,,,1,abs06958
1,6,2,0,,1,abs06959
0,,,,,1,abs06960
1,2,,12,,1,abs06961
1,,,,,1,abs06962
1,1 2,2,40,,1,abs06963
1,1 2,,,,1,abs06964
1,2,,,,1,abs06965
1,,2,0,,1,abs06966
1,2,2,,,1,abs06967
1,2,,,,1,abs06968
1,,2,0,,1,abs06969
1,2,2,,,0,abs06970
1,4,,,,1,abs06971
1,5,,0,,0,abs06972
1,2 3,,15,1,1,abs06973
1,,,0,,0,abs06974
1,1 2,,,1,0,abs06975
1,2,,,,1,abs06976
1,5 6,2,0,,0,abs06977
1,,,,,1,abs06978
1,,2,,,1,abs06979
1,0,2,0,,1,abs06980
1,2,,,1,1,abs06981
1,2,,12,,1,abs06982
1,,,0,,1,abs06983
1,6,2,0,,1,abs06984
1,2,,,,1,abs06985
1,6,2,0,,1,abs06986
0,,,,,1,abs06987
1,2,,,1,1,abs06988
1,2,,,,0,abs06989
1,1 2,2,,,1,abs06990
1,,,0,,1,abs06991
1,,,0,,1,abs06992
1,,2,0,,0,abs06993
1,,,,,1,abs06994
1,2,,,,1,abs06995
1,6,,0,,1,abs06996
1,3,,0,,1,abs06997
1,0,0,0,,1,abs06998
0,,,,,1,abs06999
1,5,1,,1,0,abs07000
1,,2,0,,1,abs07001
1,6,,0,,1,abs07002
1,0,,0,,1,abs07003
1,1 2,,7,1,1,abs07004
1,1 2 6,,23,,1,abs07005
1,6,,0,,1,abs07006
1,,,,,1,abs07007
1,7,2,0,,1,abs07008
0,,,,,1,abs07009
1,2,,0,,1,abs07010
1,,2,0,,1,abs07011
1,4 5,,,,1,abs07012
1,,2,0,,1,abs07013
1,2,,,,0,abs07014
1,4 5,,0,1,1,abs07015
1,,,,,1,abs07016
1,,,,,1,abs07017
1,3,,0,,1,abs07018
1,,2,0,,1,abs07019
1,2,2,3,,1,abs07020
1,,,0,,1,abs07021
0,,,,,1,abs07022
1,2,,,,1,abs07023
1,2,2,,,1,abs07024
1,6,,,,1,abs07025
1,6,,0,,1,abs07026
1,,,0,,1,abs07027
1,6,,0,,1,abs07028
1,7,,0,,0,abs07029
1,2,2,0,,1,abs07030
1,1 2,,,1,1,abs07031
1,0,0,0,,1,abs07032
1,,,0,,1,abs07033
1,6,,0,,1,abs07034
1,2,2,,,1,abs07035
1,2,,,,1,abs07036
1,2,,3,,1,abs07037
1,,,0,,1,abs07038
1,1 2 3 6 7,2,15,1,1,abs07039
1,,,0,,1,abs07040
1,1 2,,,1,0,abs07041
1,,,0,,1,abs07042
1,1 2,,,,1,abs07043
1,2,,,,1,abs07044
1,1 2,,,,1,abs07045
1,1 3 5 6,,,1,1,abs07046
1,,,,,1,abs07047
0,,,,,1,abs07048
1,,2,0,,1,abs07049
1,1 2,,7,,0,abs07050
1,,,0,,1,abs07051
1,2,,,1,1,abs07052
1,2 6,,,,1,abs07053
1,6,,0,,1,abs07054
1,0,2,0,,1,abs07055
1,2,2,,1,1,abs07056
1,,2,0,,1,abs07057
1,2,,,,1,abs07058
1,2,,0,,1,abs07059
1,,2,0,,1,abs07060
1,,,,,1,abs07061
1,,2,0,,1,abs07062
1,,2,,,1,abs07063
0,,,,,1,abs07064
1,,2,0,,1,abs07065
1,1 2,,41,,1,abs07066
1,0,2,0,,1,abs07067
1,2,,,,1,abs07068
1,,,0,,1,abs07069
1,2,2,,,1,abs07070
1,3,,0,1,0,abs07071
1,,2,0,,1,abs07072
1,1 2,,,,1,abs07073
1,2,2,0,,1,abs07074
1,,,0,1,1,abs07075
1,6,,0,,1,abs07076
1,1 2,,7 9 10 22,,0,abs07077
1,2,,,,1,abs07078
1,,,0,,1,abs07079
1,3,,0,,1,abs07080
1,,,0,,0,abs07081
1,5 6,2,0,,0,abs07082
1,2,,,,0,abs07083
0,,,,,1,abs07084
1,3,,0,1,1,abs07085
1,2,2,0,,1,abs07086
1,1 2,,,,1,abs07087
1,1 2,,,,1,abs07088
1,2,,7,,1,abs07089
1,6,,0,,1,abs07090
1,6,,0,,0,abs07091
0,,,,,1,abs07092
1,,,0,,1,abs07093
0,,,,,1,abs07094
1,,2,,,1,abs07095
1,3,,,1,1,abs07096
1,,,0,,1,abs07097
1,5 6,2,0,,0,abs07098
1,5 6,2,0,,0,abs07099
1,6,2,0,,0,abs07100
1,4 5,,,,1,abs07101
1,5,,0,,0,abs07102
1,5,1,0,,0,abs07103
1,4 5,1,0,,0,abs07104
1,5 7,,0,,0,abs07105
1,5 6,,0,,0,abs07106
1,5,1,0,,0,abs07107
0,,,,,0,abs07108
1,4 5,,0,,1,abs07109
1,5,2,0,,0,abs07110
1,5 6,1,0,,0,abs07111
1,6,2,0,,1,abs07112
1,5,,0,,0,abs07113
1,4 5 6,1,0,,0,abs07114
1,5,1,0,,0,abs07115
1,6,,0,,0,abs07116
1,6,,0,,0,abs07117
1,6,1,0,,0,abs07118
1,4 5,,0,,0,abs07119
1,3 5,1,0,1,0,abs07120
1,5,,0,,0,abs07121
1,5 6,1,0,,0,abs07122
1,5,,0,,0,abs07123
1,5,,0,,0,abs07124
1,5 6,,0,,0,abs07125
1,5,,0,,0,abs07126
1,4 5,,0,,0,abs07127
1,4 5,,0,,1,abs07128
1,4 5 6,2,0,,0,abs07129
1,4 5,,,,1,abs07130
1,6,2,0,,0,abs07131
1,5,,0,,0,abs07132
1,5,,0,,0,abs07133
1,7,2,0,,0,abs07134
1,4 5,1,0,1,0,abs07135
1,4 5 6,,0,,0,abs07136
1,5,1,0,,0,abs07137
1,5,,0,,0,abs07138
1,4 5,1,0,,0,abs07139
1,4 5 6,,0,,0,abs07140
1,5 6,2,0,,0,abs07141
1,5 6,1,0,,0,abs07142
1,4 5,,0,,0,abs07143
1,5 6,,0,,0,abs07144
1,5,,0,,0,abs07145
1,5,1,0,,0,abs07146
1,4 5,,0,,0,abs07147
1,5 6,,0,,0,abs07148
1,5,1,0,1,0,abs07149
1,4 5,,0,,0,abs07150
1,4 5,2,0,,0,abs07151
1,5 6,2,0,,0,abs07152
1,5 6,,,,0,abs07153
1,5,,0,,0,abs07154
1,5,1,0,,0,abs07155
1,4 5 6,2,0,,0,abs07156
1,5 6,,0,,0,abs07157
1,5 6,2,0,,0,abs07158
1,5 6 7,1,0,,0,abs07159
1,6,2,0,,0,abs07160
0,,,,,0,abs07161
1,7,,0,,0,abs07162
1,4 5,,0,,0,abs07163
1,4 5,2,0,,1,abs07164
1,4 5,,0,,0,abs07165
1,5,,0,,0,abs07166
1,4 5,2,0,,1,abs07167
1,5 6,,0,,0,abs07168
1,5 6,,0,,0,abs07169
1,4 5 6,2,0,,0,abs07170
1,4 5,,0,1,0,abs07171
1,5 6,1,0,,0,abs07172
1,5,,0,,1,abs07173
1,6,2,0,,0,abs07174
1,5,,0,,0,abs07175
1,5,,0,,0,abs07176
1,4 5,,0,,0,abs07177
1,4 5,,0,,0,abs07178
1,4 5,,0,,0,abs07179
1,6,2,0,,0,abs07180
1,5,1,0,1,0,abs07181
1,5 6,,0,,0,abs07182
1,5,,0,,0,abs07183
1,5 6,,0,,0,abs07184
1,5,1,0,,0,abs07185
1,6,2,0,,0,abs07186
1,4 5,,,,1,abs07187
1,4 5,,0,,1,abs07188
1,5 6,,0,,1,abs07189
1,6,2,0,,1,abs07190
1,4 5,,0,,0,abs07191
1,5 6,,0,,0,abs07192
1,4 5,,0,,0,abs07193
1,4 5,,,,1,abs07194
1,4 5 6,,0,,0,abs07195
1,4 5,,0,,0,abs07196
1,4 5 6 7,,0,,0,abs07197
1,6,2,0,,0,abs07198
1,4 5,,0,,1,abs07199
1,5 6,,0,,0,abs07200
1,,2,0,,1,abs07201
1,4 5,,0,,0,abs07202
1,5 6,1,0,,0,abs07203
1,4 5 6,,0,,1,abs07204
1,4 5 6,2,0,,0,abs07205
1,5 6,2,0,1,0,abs07206
1,3,,,,1,abs07207
1,4 5,,0,,0,abs07208
1,4 5,1,0,1,0,abs07209
1,5,,0,,0,abs07210
1,5,,0,,0,abs07211
1,5 6,,0,,1,abs07212
1,5 6,1,0,,0,abs07213
1,4 5,,0,,1,abs07214
1,4 5,,0,1,0,abs07215
1,4 5,1,,,1,abs07216
1,4 5 6,,0,,0,abs07217
1,5,,0,,0,abs07218
1,4 5 6,,0,,0,abs07219
1,5,1,0,,0,abs07220
1,4 5,1,7,,0,abs07221
1,4 5,,0,,0,abs07222
1,0,,0,,0,abs07223
1,4 5 6,,0,,0,abs07224
1,4 5,2,0,,0,abs07225
1,6,2,0,,0,abs07226
1,6,,0,,1,abs07227
1,5,,0,1,0,abs07228
1,4 5 6,,0,,0,abs07229
0,,,,,0,abs07230
1,3 5 6,1,0,,0,abs07231
1,5,,0,,0,abs07232
1,4 5 6 7,2,0,,0,abs07233
1,5 6,,0,,0,abs07234
1,5 6,,0,,0,abs07235
1,4 5,1,0,,0,abs07236
1,4 5,1,0,1,0,abs07237
1,5,,0,,0,abs07238
1,5 6,,0,,0,abs07239
1,5,,0,,0,abs07240
1,5,,0,,0,abs07241
1,5,1,0,,0,abs07242
1,5,2,0,,0,abs07243
1,,1,0,,0,abs07244
1,5,,0,,0,abs07245
1,,,,,1,abs07246
1,6,2,0,,0,abs07247
1,5,1,0,,0,abs07248
1,5 6,,0,,0,abs07249
1,4 5 6,,0,,1,abs07250
1,4 5,,0,,1,abs07251
1,4 5,,0,,0,abs07252
1,5 6 7,,0,,0,abs07253
1,4 5,,0,,0,abs07254
1,6,2,0,,0,abs07255
1,6,,0,,0,abs07256
1,4 5 6 7,,0,,0,abs07257
1,6,,0,,0,abs07258
1,4 5 6,2,,,0,abs07259
1,6,2,0,,0,abs07260
1,4 5,,,,1,abs07261
1,,2,,,0,abs07262
1,4 5,1,0,,1,abs07263
1,5 6,2,0,,0,abs07264
1,5,,0,,0,abs07265
1,5,,0,,0,abs07266
1,5,,0,,0,abs07267
1,6,2,0,,0,abs07268
1,5,1,0,,0,abs07269
1,5,2,,,1,abs07270
1,4 5,,0,,1,abs07271
1,5,1,0,,0,abs07272
1,4 5 6,,0,1,1,abs07273
1,6,,0,,0,abs07274
1,5,1,0,,0,abs07275
1,5,1,0,,0,abs07276
1,4 5,1,0,,0,abs07277
1,5,,0,,0,abs07278
1,5,,0,,0,abs07279
1,4 5,,0,1,0,abs07280
1,4 5,2,0,,0,abs07281
1,5 6,1,0,,0,abs07282
1,4 5,,0,,0,abs07283
1,7,2,0,,0,abs07284
1,5,1,0,,0,abs07285
1,5,1,0,,0,abs07286
1,5,,0,,0,abs07287
1,4 5 6 7,,0,,0,abs07288
1,5,,0,,0,abs07289
1,5,1,0,,0,abs07290
1,5,,0,,0,abs07291
1,4 5 6,,0,,0,abs07292
1,4 5,1,0,1,0,abs07293
1,4 5,,0,,0,abs07294
1,6,,0,,0,abs07295
1,5 6,2,0,,0,abs07296
1,6,2,0,,0,abs07297
1,5,,0,,0,abs07298
1,6,,0,,0,abs07299
1,5 6,,0,,0,abs07300
1,6,2,0,,0,abs07301
1,4 5 6 7,,0,,0,abs07302
1,5,,0,,0,abs07303
1,6,,0,,0,abs07304
1,5 6,,0,,0,abs07305
1,5 6,,0,,0,abs07306
1,,,0,,0,abs07307
1,6,,0,,0,abs07308
1,4 5,1,0,,0,abs07309
1,4 5,,0,,0,abs07310
1,5 6,1,0,,0,abs07311
1,5,,0,,0,abs07312
1,5 6,,0,,0,abs07313
1,5 6,,0,,0,abs07314
1,4 5,1,0,,0,abs07315
1,4 5,1,0,,0,abs07316
1,5,,0,,0,abs07317
1,4 5,,0,,0,abs07318
1,5,1,0,,0,abs07319
1,5 6,2,0,,0,abs07320
1,4 5,,0,,0,abs07321
1,5,1,0,,0,abs07322
1,4 5 6,2,0,,0,abs07323
1,4 5 6,2,0,,0,abs07324
1,5 6,,0,,0,abs07325
1,4 5,,0,,0,abs07326
1,5,2,0,,0,abs07327
1,5,2,0,,0,abs07328
1,5,,0,,0,abs07329
1,5 6,2,0,,0,abs07330
1,5 6,,0,,0,abs07331
1,4 5,,0,,0,abs07332
1,3,,0,,0,abs07333
1,4 5,,0,,0,abs07334
1,5,,0,,0,abs07335
1,5,,0,,0,abs07336
1,4 5 6,,0,,0,abs07337
1,5,,0,,0,abs07338
1,4 5,1,0,,0,abs07339
1,5,1,0,,0,abs07340
1,5,1,0,,0,abs07341
1,7,,0,,0,abs07342
1,4 5,2,0,,0,abs07343
1,5,,0,,0,abs07344
1,5 6,,0,1,0,abs07345
1,5,,0,,0,abs07346
1,5 6,,0,,0,abs07347
1,5 6,,0,,0,abs07348
1,5,2,0,,0,abs07349
1,5,1,0,,0,abs07350
1,5 6,1,0,,0,abs07351
1,5 6,,0,,0,abs07352
1,6,2,0,,0,abs07353
1,6,,0,,0,abs07354
1,5,2,0,1,0,abs07355
1,4 5,,0,,1,abs07356
1,5 6,,0,,0,abs07357
1,5,2,0,,0,abs07358
1,5,2,0,,0,abs07359
1,5,,0,,0,abs07360
1,4 5,1,0,,0,abs07361
1,5,1,0,,0,abs07362
1,6,,0,,1,abs07363
1,4 5 6 7,,0,,1,abs07364
1,4 5,,0,1,0,abs07365
1,5 6,2,0,,0,abs07366
1,5,1,0,,0,abs07367
1,3,,0,,0,abs07368
1,4 5 6 7,,0,,0,abs07369
1,4 5,,0,,0,abs07370
1,4 5 6,1,0,,0,abs07371
1,4 5 6,,0,,0,abs07372
1,6,1,0,,0,abs07373
0,,,,,0,abs07374
1,4 5 6,2,0,,0,abs07375
1,4 5,,,,1,abs07376
1,4 5,2,0,1,1,abs07377
1,0,,0,,0,abs07378
1,5,,0,,0,abs07379
1,6,2,0,,0,abs07380
1,4 5,,0,,0,abs07381
1,6,2,0,,0,abs07382
1,4 5 6 7,1,0,1,1,abs07383
1,5,,0,,0,abs07384
1,4 5 6,,0,,0,abs07385
1,4 5 6,1,0,,0,abs07386
1,5,1,0,,0,abs07387
1,5,,0,,0,abs07388
1,6,,0,,0,abs07389
1,6,2,0,,0,abs07390
1,6,2,0,,0,abs07391
1,4 5 6,2,0,,0,abs07392
1,5 6,2,0,,0,abs07393
1,6,,0,,0,abs07394
1,0,,0,,0,abs07395
1,4 5 6,,0,,1,abs07396
1,4 5,1,0,,0,abs07397
1,4 5,,0,1,0,abs07398
1,5,,0,,0,abs07399
1,5,1,0,,0,abs07400
1,4 5 6,,,,0,abs07401
1,5,,0,,1,abs07402
1,6,2,0,,0,abs07403
1,5,,0,,0,abs07404
1,4 5 6,,0,,1,abs07405
1,4 5,,0,,0,abs07406
1,6,1,0,,0,abs07407
1,5,,0,,0,abs07408
1,5,1,0,,0,abs07409
1,3 6,,0,1,1,abs07410
1,4 5 6,,0,,0,abs07411
1,4 5 6,,0,,0,abs07412
1,5 6,,0,,0,abs07413
1,6,,0,,0,abs07414
1,5 6,1,0,,0,abs07415
1,6,2,0,,0,abs07416
1,3,,0,,0,abs07417
1,5,,0,,0,abs07418
1,3 4 5 6,,0,1,1,abs07419
1,4 5,,0,,1,abs07420
1,5 6,2,0,,0,abs07421
1,4 5 6,2,0,,0,abs07422
1,6,,0,,0,abs07423
1,6,,0,,0,abs07424
1,5,1,0,,0,abs07425
1,5,,0,,0,abs07426
1,5,2,0,,0,abs07427
1,4 5,1,0,,0,abs07428
1,4 5,2,0,,0,abs07429
1,3 5,1,0,,0,abs07430
1,4 5,1,0,,0,abs07431
1,4 5,,0,,0,abs07432
1,5,,0,,0,abs07433
1,4 5,1,0,,0,abs07434
1,5 6,,0,,0,abs07435
1,4 5,,0,,0,abs07436
1,5 6,,0,,0,abs07437
1,4 5 6,,0,,0,abs07438
1,4 5 6,,0,,0,abs07439
1,4 5,,0,,1,abs07440
1,5,1,0,,0,abs07441
1,5 6,,0,,0,abs07442
1,4 5 6 7,2,0,,0,abs07443
1,5,,0,,0,abs07444
1,4 5,,0,,0,abs07445
1,4 5,1,0,1,0,abs07446
1,6,1,0,,1,abs07447
1,5,2,0,,1,abs07448
1,5,,0,,0,abs07449
1,6,2,0,,0,abs07450
1,5 6,,0,,0,abs07451
1,5 6,,0,,0,abs07452
1,4 5,,0,1,0,abs07453
1,5 6,,0,,0,abs07454
1,4 5 6 7,,0,,1,abs07455
1,4 5,,0,,0,abs07456
1,5,,0,,0,abs07457
1,5 6,2,0,,0,abs07458
1,4 5,,0,,1,abs07459
1,4 5,,0,,0,abs07460
1,5,,0,,0,abs07461
1,4 5,2,0,,1,abs07462
1,5,1,0,,0,abs07463
1,4 5,,0,,1,abs07464
1,5,2,0,,0,abs07465
1,5 6,,0,,0,abs07466
1,6,,0,,1,abs07467
1,3 4 5 6,,0,1,1,abs07468
1,5,,0,,0,abs07469
1,4 5 6,,0,,0,abs07470
0,,,,,0,abs07471
1,6,,0,,0,abs07472
1,4 5 6,,0,,1,abs07473
1,5 6,1,0,,0,abs07474
1,6 7,2,0,,0,abs07475
1,5 6,,0,,0,abs07476
1,7,2,0,,0,abs07477
1,5 6,1,0,,0,abs07478
1,5 6,1,0,,0,abs07479
1,5,,0,,0,abs07480
1,5,2,0,,0,abs07481
1,5,,0,,0,abs07482
1,4 5,,0,,0,abs07483
1,5 6,,0,,0,abs07484
1,5 6,1,0,,1,abs07485
1,5,,,,0,abs07486
1,5 6,2,0,,0,abs07487
1,6,2,0,,0,abs07488
1,5,,0,,0,abs07489
1,4 5,,0,,0,abs07490
1,5,1,0,,0,abs07491
1,5,1,0,,0,abs07492
1,5 6,,0,,0,abs07493
1,6 7,,0,,0,abs07494
1,6,,0,,1,abs07495
1,5,1,0,,0,abs07496
1,5,1,0,,0,abs07497
1,6,,0,,0,abs07498
0,,,,,0,abs07499
1,6,2,0,,0,abs07500
1,5,2,0,,0,abs07501
1,6,,0,,0,abs07502
1,4 5,,0,,1,abs07503
1,4 5,,0,,0,abs07504
1,4 5,,0,,1,abs07505
1,5,,0,,0,abs07506
1,6,1,0,1,1,abs07507
1,5,,0,1,1,abs07508
1,6,2,0,,0,abs07509
1,5 6 7,1,0,,0,abs07510
1,6,,0,,0,abs07511
1,4 5,1,0,,0,abs07512
1,5,1,0,,0,abs07513
1,5,1,0,,0,abs07514
1,5,,0,,0,abs07515
1,4 5,,0,,0,abs07516
1,5,2,0,,0,abs07517
1,5,2,0,,0,abs07518
1,5,2,0,,0,abs07519
1,4 5,,0,,0,abs07520
1,4 5 6,,0,,0,abs07521
1,5,,0,,0,abs07522
1,4 5,,0,,0,abs07523
1,5,1,0,,0,abs07524
1,6,,0,,0,abs07525
1,4 5,,0,,1,abs07526
1,6,,0,,0,abs07527
1,5,,0,,0,abs07528
1,4 5,,0,,0,abs07529
1,5,1,0,,0,abs07530
1,4 5,,0,,0,abs07531
1,3 7,,0,1,0,abs07532
1,5,,0,,0,abs07533
1,5 6,,0,,0,abs07534
1,4 5 6,,0,,0,abs07535
1,4 5,,0,,0,abs07536
1,5,1,0,,0,abs07537
1,5,,0,,0,abs07538
1,6,,0,,0,abs07539
1,5,,0,,0,abs07540
1,5,2,0,,0,abs07541
1,5,1,0,,0,abs07542
1,5,,0,,0,abs07543
1,5 6 7,,0,,0,abs07544
1,4 5,,0,,0,abs07545
1,5 6,,0,,0,abs07546
1,4 5,1,0,,0,abs07547
1,5,,0,,0,abs07548
1,6 7,2,0,,0,abs07549
1,5,,0,,0,abs07550
1,5 6,1,0,,0,abs07551
1,5 6,2,0,,0,abs07552
1,5 6,1,0,,0,abs07553
1,5,,0,,0,abs07554
1,5,1,0,,0,abs07555
1,5,,0,,0,abs07556
1,5,1,0,,0,abs07557
1,5,1,0,1,0,abs07558
1,5,1,0,,0,abs07559
1,4 5 6,1,0,1,1,abs07560
1,5,,0,,0,abs07561
1,5 6,2,0,,0,abs07562
1,5 6,2,0,,0,abs07563
1,5,1,0,,0,abs07564
1,5,1,0,1,0,abs07565
1,6,,0,,0,abs07566
1,4 5 6,2,0,,0,abs07567
1,5,1,0,1,0,abs07568
1,5,,0,1,1,abs07569
1,5 6,1,0,,0,abs07570
1,6,2,0,,0,abs07571
1,5 6,1,0,,0,abs07572
1,5,,0,,0,abs07573
1,5,2,0,,0,abs07574
1,5 6,,0,,0,abs07575
1,4 5 6,,0,,0,abs07576
1,6,,0,,0,abs07577
1,6,2,0,,0,abs07578
1,5,,0,,0,abs07579
1,4 5,1,0,,0,abs07580
1,6,2,0,,0,abs07581
1,5,,0,,0,abs07582
1,4 5 6,2,0,,0,abs07583
1,5,2,0,,0,abs07584
1,5 6,1,0,,0,abs07585
1,5 6,1,0,,0,abs07586
1,5,1,0,,0,abs07587
1,5,,0,,0,abs07588
1,5,,0,,0,abs07589
1,4 5,,0,,0,abs07590
1,5 6,,0,,0,abs07591
1,5 6,,0,,0,abs07592
1,5,,0,1,0,abs07593
1,4 5,,0,,0,abs07594
1,5,,0,,0,abs07595
1,4 5,,0,,0,abs07596
1,4 5 6,1,0,,0,abs07597
1,5 6,,0,,0,abs07598
1,6,,0,,0,abs07599
1,5 6,2,0,,0,abs07600
1,5,,0,,0,abs07601
1,4 5 6 7,,0,,0,abs07602
1,5,,0,,0,abs07603
1,5,1,0,,0,abs07604
0,,,,,1,abs07605
1,5,,0,,0,abs07606
1,5 6,,0,,0,abs07607
1,4 5,1,0,,0,abs07608
1,5,1,0,,0,abs07609
1,5,,0,,0,abs07610
1,5,,0,,0,abs07611
1,5 6,1,0,,0,abs07612
1,4 5,,0,,0,abs07613
1,5,1,0,,0,abs07614
1,4 5,2,0,,0,abs07615
1,5 6,,0,,0,abs07616
1,5 6,1,0,1,1,abs07617
1,5,,0,,0,abs07618
1,4 5 6,,0,,0,abs07619
1,5,1,0,,0,abs07620
1,5 6,2,0,,0,abs07621
1,5 6,1,0,,0,abs07622
0,,,,,0,abs07623
1,4 5,,,,1,abs07624
1,4 5,,0,,0,abs07625
1,5,1,0,,0,abs07626
1,4 5,1,0,1,1,abs07627
1,6,,0,,0,abs07628
1,6 7,2,0,,0,abs07629
1,5,,0,1,0,abs07630
1,5,1,0,,0,abs07631
1,5,2,0,,0,abs07632
1,4 5 6 7,,0,,0,abs07633
1,3 6,,0,1,0,abs07634
1,5,,0,,0,abs07635
1,5,,0,,0,abs07636
1,4 5,1,0,,0,abs07637
1,5,,0,,0,abs07638
1,4 5 6,,0,,0,abs07639
1,5,2,0,,0,abs07640
1,5,,0,,0,abs07641
1,4 5,,0,,0,abs07642
1,5,,0,,0,abs07643
1,5,2,0,,0,abs07644
1,6,,0,,0,abs07645
1,5,2,0,,0,abs07646
1,5 6,2,0,,1,abs07647
1,3 5,,0,,0,abs07648
1,5,,0,,0,abs07649
1,4 5,,0,,0,abs07650
1,5,,0,,0,abs07651
1,5,,0,,0,abs07652
1,5,,0,,0,abs07653
1,4 5,,0,,0,abs07654
1,4 5,,0,,1,abs07655
1,5,,0,,0,abs07656
1,5 7,,0,,0,abs07657
1,5,1,0,,0,abs07658
1,5,,0,,0,abs07659
1,5,,0,,0,abs07660
1,5 6,,0,,0,abs07661
1,3 6,,0,1,0,abs07662
1,5,,0,,0,abs07663
1,5,1,0,,0,abs07664
1,6,,0,,0,abs07665
1,4 5,,0,1,1,abs07666
1,4 5,,0,,0,abs07667
1,4 5 6,,0,1,1,abs07668
1,4 5,,0,,1,abs07669
1,5 6,,0,,0,abs07670
1,4 5,1,0,,0,abs07671
1,5 6,,0,,0,abs07672
1,5,,0,,0,abs07673
1,4 5,1,0,,0,abs07674
1,5 7,,0,,0,abs07675
1,5 6,2,0,,0,abs07676
1,4 5,,0,,0,abs07677
1,4 5 6,,0,,0,abs07678
1,4 5,2,0,,0,abs07679
1,5,,0,,0,abs07680
1,5,,0,,0,abs07681
1,6,2,0,,0,abs07682
1,6,2,0,,1,abs07683
1,5,,0,,0,abs07684
1,4 5,,0,,1,abs07685
1,4 5 6,2,0,,0,abs07686
1,6,,0,,0,abs07687
1,5,,0,,0,abs07688
1,5,,0,1,0,abs07689
1,6,,0,,0,abs07690
1,6,,0,,0,abs07691
1,6,,0,,0,abs07692
1,3,1,0,,0,abs07693
1,5,1,0,,0,abs07694
1,5 6,,0,,0,abs07695
1,6,2,0,,0,abs07696
1,5 6 7,,0,,1,abs07697
1,5,,0,,0,abs07698
1,5,,0,,0,abs07699
1,5 6 7,2,0,,0,abs07700
1,5,,0,,0,abs07701
1,5,,0,,0,abs07702
1,5 6,,0,,0,abs07703
1,3,2,0,,0,abs07704
1,5 6,,0,,0,abs07705
1,4 5 6,,0,,0,abs07706
1,4 5 6,,0,,0,abs07707
1,4 5,,0,,0,abs07708
1,4 5,1,0,,1,abs07709
1,6,2,0,,0,abs07710
1,4 5,,0,,1,abs07711
1,3 4 5 6,1,0,,0,abs07712
1,5,,0,,0,abs07713
1,5,,0,,0,abs07714
1,5,2,0,,0,abs07715
1,4 5 6,2,0,,0,abs07716
1,5,1,0,1,0,abs07717
1,5,1,0,,0,abs07718
1,5,,0,,0,abs07719
1,5 6,,0,,0,abs07720
1,4 5,1,0,,0,abs07721
1,4 5 6,1,0,,0,abs07722
1,4 5,1,0,,0,abs07723
1,5,,0,,0,abs07724
1,5,1,0,,0,abs07725
1,5,1,0,,0,abs07726
1,5,2,0,,0,abs07727
1,5,2,0,,0,abs07728
1,5,,0,,0,abs07729
1,4 5,,0,,0,abs07730
1,5,1,0,,0,abs07731
1,6,,0,,1,abs07732
1,5,1,0,,0,abs07733
1,5,2,0,,0,abs07734
1,6,2,0,,0,abs07735
1,4 5,1,0,,0,abs07736
1,6,2,0,,0,abs07737
1,3,,0,1,1,abs07738
1,5,,0,,0,abs07739
1,5,,0,,0,abs07740
1,4 5,,0,1,0,abs07741
1,5,1,0,,0,abs07742
1,4 5,,,,1,abs07743
1,4 5,,0,,0,abs07744
1,6,,0,,0,abs07745
1,5,,0,,1,abs07746
1,5 6 7,1,0,,0,abs07747
1,5,,0,,0,abs07748
1,6,2,0,,0,abs07749
1,5,1,0,,0,abs07750
1,5 6,,0,,0,abs07751
1,4 5,,0,,0,abs07752
1,5,,0,,0,abs07753
1,4 5,,0,,0,abs07754
1,5 6,,0,,0,abs07755
1,5 6,,0,,0,abs07756
1,5,,0,,1,abs07757
1,5,,0,,0,abs07758
1,5 6,2,0,,0,abs07759
1,5,1,0,,0,abs07760
1,4 5 6,,0,1,0,abs07761
1,4 5 6,,0,,0,abs07762
1,4 5,,0,,0,abs07763
1,6,2,0,,0,abs07764
1,5,,0,,0,abs07765
1,5,1,0,,0,abs07766
1,6 7,2,0,,0,abs07767
1,6,,0,,0,abs07768
1,6,,,,0,abs07769
1,4 5 6,1,0,,0,abs07770
1,4 5,1,0,,0,abs07771
1,5,,0,,0,abs07772
1,5 6,,0,,0,abs07773
1,5 6,,0,,0,abs07774
1,4 5 6 7,,0,,0,abs07775
1,7,2,0,,0,abs07776
1,6,,0,,1,abs07777
1,4 5,,0,1,0,abs07778
1,5,,0,,0,abs07779
1,5 6,1,0,,0,abs07780
1,5 6,,0,,0,abs07781
1,5,,0,,0,abs07782
1,4 5,,0,,0,abs07783
1,3 5,,0,,0,abs07784
1,5,,0,,0,abs07785
1,6,1,0,,0,abs07786
1,5,1,0,,0,abs07787
1,4 5 6,,0,,0,abs07788
1,5,,0,,0,abs07789
1,5 6,1,0,,0,abs07790
1,5,,0,1,0,abs07791
1,5,1,0,,0,abs07792
1,5 6,,0,,0,abs07793
1,4 5,2,0,,0,abs07794
1,4 5 6,2,0,,0,abs07795
1,5 6,2,0,,0,abs07796
1,4 5,1,0,,0,abs07797
1,5,,0,,0,abs07798
1,5,1,0,1,0,abs07799
1,5,,0,1,0,abs07800
1,3,,0,1,0,abs07801
1,5,,0,,0,abs07802
1,4 5,2,0,,0,abs07803
1,5,2,0,,0,abs07804
1,5,1,0,,0,abs07805
1,5,1,0,1,1,abs07806
1,5,,0,,1,abs07807
1,5 6,,0,,0,abs07808
1,4 5,1,0,,0,abs07809
1,6,,0,,0,abs07810
1,4 5 6,,0,,0,abs07811
1,1 2,,22,1,0,abs07812
1,5 6,,0,,0,abs07813
1,6,,0,,0,abs07814
1,5,,0,,0,abs07815
1,4 5 6 7,,0,,0,abs07816
1,5,,0,,1,abs07817
1,5,,0,,0,abs07818
1,4 5,1,0,,1,abs07819
1,3,2,0,,0,abs07820
1,3 6,,0,,0,abs07821
1,5,,0,,0,abs07822
1,6,2,0,,0,abs07823
1,4 5,1,0,,1,abs07824
1,5,,0,,0,abs07825
1,5,,0,,0,abs07826
1,5,,0,,1,abs07827
1,4 5,1,0,,0,abs07828
1,6,2,0,,0,abs07829
1,3,,0,,0,abs07830
1,5,,0,,0,abs07831
1,0,,0,,0,abs07832
1,5,,0,,0,abs07833
1,5,,0,,1,abs07834
1,5,2,0,,0,abs07835
1,5,2,0,,0,abs07836
1,4 5,,0,,0,abs07837
1,4 5 6,1,0,,0,abs07838
1,5 6,,0,,0,abs07839
1,5,1,0,,0,abs07840
1,3 5 6,,0,,0,abs07841
1,,2,0,,0,abs07842
1,5,,0,,0,abs07843
1,3,,0,,0,abs07844
1,4 5,,0,,0,abs07845
1,5,1,0,,0,abs07846
1,5,2,0,,0,abs07847
1,4 5 6,2,0,,0,abs07848
1,,2,0,,0,abs07849
1,3 4,,0,1,1,abs07850
1,6,,0,,0,abs07851
1,5,2,0,,0,abs07852
1,5,,0,,0,abs07853
1,5,,0,,0,abs07854
1,6,,0,,1,abs07855
1,5,,0,,0,abs07856
1,4 5 6 7,,0,,0,abs07857
1,5 6,,,,0,abs07858
1,4 5,2,0,,1,abs07859
1,4 5,,0,,0,abs07860
1,5 6,,0,,0,abs07861
0,,,,,0,abs07862
1,5,1,0,,0,abs07863
1,5,,0,,0,abs07864
1,5,,0,,0,abs07865
1,5 6,,0,,0,abs07866
1,4 5 6,,0,,0,abs07867
1,5,1,0,,0,abs07868
1,5,2,0,,0,abs07869
1,5,,0,,0,abs07870
1,5,,0,,0,abs07871
1,5,,0,,0,abs07872
1,4 5,,0,,1,abs07873
1,6,,0,,0,abs07874
1,5,,0,,1,abs07875
1,5,,0,,0,abs07876
1,,2,,,0,abs07877
1,5,1,0,,0,abs07878
1,5,1,0,,0,abs07879
1,4 5,,0,,0,abs07880
1,5,,0,,1,abs07881
1,5,,0,,0,abs07882
1,6,2,0,,0,abs07883
1,4 5,,0,,1,abs07884
1,5,1,0,,0,abs07885
1,5,2,0,,0,abs07886
1,4 5 6,,0,,0,abs07887
1,5,1,0,1,0,abs07888
1,4 5,,0,,0,abs07889
1,6,2,0,,0,abs07890
1,5,,0,,0,abs07891
1,4 5,,0,,0,abs07892
1,5,1,0,,0,abs07893
1,5,1,0,,0,abs07894
1,5 6,1,0,1,1,abs07895
1,4 5,1,0,1,0,abs07896
1,5,,0,,0,abs07897
1,3 4 5 6,,0,1,1,abs07898
1,3 7,,0,,0,abs07899
1,4 5 6 7,,0,,1,abs07900
1,5 6 7,1,0,,0,abs07901
1,6,,0,,0,abs07902
1,5,,0,,0,abs07903
1,5 6,1,0,,0,abs07904
1,4 5,1,0,1,1,abs07905
1,5,,0,,0,abs07906
1,5,,0,,0,abs07907
1,5,1,0,1,0,abs07908
1,6,,0,,0,abs07909
1,4 5 6 7,,0,,0,abs07910
1,5,,0,,0,abs07911
1,3 4 5 6,1,0,1,1,abs07912
1,4 5 6,,0,,0,abs07913
1,6,,0,,0,abs07914
1,4 5,2,0,,0,abs07915
1,5 6,1,0,,0,abs07916
1,3 4 5,,0,,0,abs07917
1,5,,0,,0,abs07918
1,5,,0,,0,abs07919
1,5 6,,0,,0,abs07920
1,4 5 6,,0,,0,abs07921
1,4 5 6,,0,,0,abs07922
1,4 5,,0,,0,abs07923
1,3 5,,0,1,0,abs07924
1,3,,0,,1,abs07925
1,5,,0,,0,abs07926
1,5,,0,,0,abs07927
1,5 6,,0,,0,abs07928
1,4 5,,0,,0,abs07929
1,3 5,2,0,,0,abs07930
1,3,,0,1,0,abs07931
1,5,1,0,,0,abs07932
1,4 5 6,2,0,,0,abs07933
1,4 5 6,,0,,1,abs07934
1,5,,0,,0,abs07935
1,5,,0,,0,abs07936
1,4 5,,0,,0,abs07937
1,6,,0,,0,abs07938
1,5,1,0,1,0,abs07939
1,4 5 6 7,,0,,0,abs07940
1,4 5,1,0,,0,abs07941
1,5,,0,,0,abs07942
1,4 5,,0,,0,abs07943
1,5,1,0,1,0,abs07944
1,4 5,,0,,0,abs07945
1,4 5,,0,,0,abs07946
1,4 5 6,,0,,0,abs07947
1,4 5,,0,,0,abs07948
0,,,,,0,abs07949
1,4 5,,0,,0,abs07950
1,5 6,2,0,,0,abs07951
1,,,,,0,abs07952
1,5,,0,1,0,abs07953
1,4 5,,0,,0,abs07954
1,4 5,,0,,0,abs07955
1,3 5,1,0,,0,abs07956
1,5,2,0,,0,abs07957
1,5,,0,,0,abs07958
1,4 5,,0,,0,abs07959
1,6,,0,1,1,abs07960
1,4 5 6,2,0,,1,abs07961
1,4 5,,0,,0,abs07962
1,5,1,0,,0,abs07963
1,5,,0,,0,abs07964
1,4 5 6,2,0,,1,abs07965
1,6,,0,,0,abs07966
1,4 5,,0,1,1,abs07967
1,4 5,,,,1,abs07968
1,6,,0,,0,abs07969
1,4 5 6 7,,0,,0,abs07970
1,,2,,,1,abs07971
1,5 6,,0,,0,abs07972
1,4 5 6,,0,,0,abs07973
1,3 6,2,0,,0,abs07974
1,5 6,,0,,0,abs07975
1,4 5 6,2,0,,0,abs07976
1,4 5 6,2,0,,0,abs07977
1,1 2,,,,0,abs07978
0,,,,,0,abs07979
1,5,,,,1,abs07980
1,4 5,,0,,0,abs07981
1,1 2,,,,1,abs07982
1,4 5,,0,1,1,abs07983
1,4,,0,,1,abs07984
1,4 5,,0,,0,abs07985
1,5 6,,0,,0,abs07986
1,5,,0,,0,abs07987
1,4 5 6 7,,0,,1,abs07988
0,,,,,0,abs07989
1,4 5,2,0,,0,abs07990
1,4 5,2,0,,0,abs07991
1,4 5 6,2,0,1,1,abs07992
1,6,,0,,0,abs07993
0,,,,,0,abs07994
1,2,,,,0,abs07995
1,5 6,,0,,0,abs07996
1,5 6,,0,,0,abs07997
1,5,2,0,,0,abs07998
1,6 7,2,0,,0,abs07999
1,4 5,2,0,,0,abs08000
1,6,,0,,1,abs08001
1,4 5 6,,0,,0,abs08002
1,6,,0,,0,abs08003
1,4 5,,,,1,abs08004
1,4 5,,0,,0,abs08005
1,4 5,,0,,0,abs08006
0,,,,,0,abs08007
1,4 5 6,,0,,1,abs08008
1,5 6,,0,,0,abs08009
1,5,1,0,,0,abs08010
1,0,,0,,0,abs08011
1,3,2,0,,1,abs08012
1,6,,0,,1,abs08013
1,4 5 6,2,0,,0,abs08014
1,6,,0,,0,abs08015
1,6,2,0,,0,abs08016
1,,2,0,,0,abs08017
1,5,,0,,1,abs08018
0,,,,,0,abs08019
1,4 5,,,,0,abs08020
1,4 5,,,,1,abs08021
0,,,,,0,abs08022
1,,,,,1,abs08023
1,4 5 6,,0,,0,abs08024
1,4 5 6,2,0,,0,abs08025
1,5,,0,,0,abs08026
1,6,2,0,,1,abs08027
1,4 5 6,,0,,0,abs08028
1,1 2,,,,1,abs08029
1,4 5 6,1,0,,0,abs08030
1,6 7,2,0,,0,abs08031
1,5,1,0,,0,abs08032
1,5 6,,0,,0,abs08033
1,6,,,,1,abs08034
1,1 2,2,,,0,abs08035
1,4 5 6,2,0,,0,abs08036
1,4 5,,0,,0,abs08037
1,6,2,0,,0,abs08038
1,4 5 6 7,1,0,,1,abs08039
1,3,,0,1,1,abs08040
1,7,,0,,1,abs08041
1,6,,,,0,abs08042
1,4 6,1,0,,1,abs08043
1,4 5 6,2,0,,0,abs08044
1,5,,0,,0,abs08045
1,6,1,0,,0,abs08046
1,5 7,,0,,0,abs08047
1,4 5 6,,,,1,abs08048
0,,,,,1,abs08049
0,,,,,0,abs08050
1,4,,0,,0,abs08051
1,4 5 6,2,0,,0,abs08052
1,5 6,,0,,0,abs08053
1,5 6,2,0,,0,abs08054
1,6,,0,,0,abs08055
1,3,2,0,1,0,abs08056
1,6,,0,,0,abs08057
1,4 5 6,,,,0,abs08058
1,0,,0,,0,abs08059
1,4 5 6 7,2,0,,0,abs08060
1,5 6,,0,,1,abs08061
1,4 5,2,0,,1,abs08062
1,4 5 6,,0,,0,abs08063
1,4 5 6,,0,,0,abs08064
1,5,,0,,0,abs08065
1,3,,0,,0,abs08066
1,5 6,,0,,0,abs08067
1,4,,0,,1,abs08068
0,,,,,0,abs08069
1,4 5 6,,0,,0,abs08070
1,4,2,,,1,abs08071
1,4 5 6,,0,,0,abs08072
1,5,,0,,0,abs08073
1,4 5,2,0,,0,abs08074
1,4 5,,0,,0,abs08075
1,5 6,,0,,0,abs08076
1,4 5 6,,0,,0,abs08077
1,6,,,,1,abs08078
1,6,2,,,1,abs08079
1,6,,0,,0,abs08080
1,4 5,2,,,0,abs08081
1,6,2,0,,0,abs08082
1,4 5,,,,0,abs08083
1,5,2,0,,1,abs08084
1,5,,0,,0,abs08085
1,4 5,,0,,0,abs08086
0,,,,,1,abs08087
1,4 5,,,,1,abs08088
1,7,2,0,,0,abs08089
1,4 5 6,2,0,,0,abs08090
1,4 6,,0,,1,abs08091
1,4 5 6,,0,,1,abs08092
1,4 5,2,0,,0,abs08093
1,4 5 6,,0,,0,abs08094
0,,,,,0,abs08095
1,4 5,2,0,1,1,abs08096
1,4 5 6,1,0,,1,abs08097
1,4 5,,0,,0,abs08098
1,5,2,0,,0,abs08099
1,6,,0,,0,abs08100
1,5 6,2,0,,0,abs08101
1,4 5 6 7,,0,1,1,abs08102
1,4 5 6,1,0,,1,abs08103
1,4 5,,0,,1,abs08104
1,4,2,0,,1,abs08105
1,6,2,0,,1,abs08106
1,4 5,2,,,1,abs08107
1,3 4 5 6,2,0,,0,abs08108
0,,,,,0,abs08109
1,4 5,2,0,,1,abs08110
0,,,,,0,abs08111
0,,,,,0,abs08112
1,4 5 6,2,0,,0,abs08113
1,4 5 6,,,,1,abs08114
1,4 5,,0,,0,abs08115
1,5 6,,0,,0,abs08116
1,4 5,2,,,0,abs08117
1,6,,0,,0,abs08118
1,6,,0,,0,abs08119
1,5 6,2,0,,0,abs08120
1,4 5,1,0,,0,abs08121
1,4 5 6,,,,0,abs08122
1,4 5 6,2,0,,0,abs08123
0,,,,,0,abs08124
1,5,,0,,0,abs08125
1,5 6 7,,0,,0,abs08126
1,5,1,0,,0,abs08127
1,3 4 5 6,,0,,0,abs08128
1,6,2,0,,1,abs08129
1,6,2,0,,0,abs08130
1,4 5 6,,0,,0,abs08131
1,3 4 5 6,1,0,,0,abs08132
1,4 5,,0,,0,abs08133
1,4 5,,0,,1,abs08134
1,5,,0,,0,abs08135
1,6,2,0,,0,abs08136
1,6,,,,1,abs08137
1,4 5 6,1,0,,0,abs08138
0,,,,,1,abs08139
1,4,,0,,0,abs08140
1,6,,,,0,abs08141
1,4 5,,0,,1,abs08142
0,,,,,0,abs08143
1,,,0,,0,abs08144
1,6,2,0,,0,abs08145
0,,,,,0,abs08146
1,5,,0,,0,abs08147
1,4 5,1,0,,0,abs08148
1,6,,0,,0,abs08149
1,5,1,0,1,0,abs08150
1,4 5 6,,,,0,abs08151
0,,,,,1,abs08152
1,4 5,,,,1,abs08153
1,4 5,,0,,1,abs08154
1,4 5,,0,,0,abs08155
1,4 5,2,0,,0,abs08156
1,5,,0,1,1,abs08157
1,4 5 6,2,0,,0,abs08158
1,4 5 6,2,0,,1,abs08159
1,5,2,0,,0,abs08160
1,5 6,2,0,,0,abs08161
1,4 5,2,0,,0,abs08162
1,5,,0,,0,abs08163
1,4 5 6,,0,,1,abs08164
1,4 5 6,2,0,,1,abs08165
1,4 6,,0,,0,abs08166
1,2 4 5 6,,23,,1,abs08167
1,4 5 6,,0,,1,abs08168
1,4 5 6,,0,,0,abs08169
1,5,2,0,,0,abs08170
1,5,,0,,0,abs08171
1,1 2,,24,,0,abs08172
1,1 2,1,7,1,1,abs08173
1,4,,0,,1,abs08174
1,4 6,,,,0,abs08175
1,4 5,,0,,1,abs08176
1,4 5 6,,0,,0,abs08177
1,4 5 6,2,0,,0,abs08178
1,4 5,,0,,0,abs08179
1,6,2,0,,1,abs08180
1,2,,0,1,0,abs08181
1,4 5 6,2,0,,0,abs08182
0,,,,,1,abs08183
1,3 6,,0,1,0,abs08184
1,4 5 6,,,,1,abs08185
1,5,,0,,0,abs08186
1,4 5 6,,0,,1,abs08187
1,6,,0,,1,abs08188
1,5,,0,,0,abs08189
1,2,,,,1,abs08190
1,,2,0,,0,abs08191
1,4 5,2,0,,0,abs08192
1,4 5,,0,,0,abs08193
1,5,2,0,,0,abs08194
1,4 5 6 7,,0,,0,abs08195
0,,,,,0,abs08196
0,,,,,0,abs08197
1,6,2,0,,0,abs08198
1,4 5 6,,0,,0,abs08199
1,5 6,,0,,0,abs08200
1,5,1,0,,0,abs08201
1,5 6,2,0,,0,abs08202
1,4 5 6,,0,,0,abs08203
1,6,2,0,,0,abs08204
1,6,,0,,0,abs08205
1,4 5,,0,,0,abs08206
1,4 5,2,,,1,abs08207
1,4,2,,,1,abs08208
0,,,,,0,abs08209
1,3 6,2,0,,1,abs08210
1,5,2,0,,0,abs08211
1,4 5,,0,,0,abs08212
1,4 5,,0,,1,abs08213
1,5,2,,,0,abs08214
1,4 5 6 7,,0,,1,abs08215
1,6,2,0,,0,abs08216
1,4 5,1,0,,0,abs08217
1,5 6 7,2,0,,0,abs08218
1,4 5,,,,0,abs08219
1,4 5,,,,0,abs08220
1,4 5,,0,,0,abs08221
1,5 6,,0,,0,abs08222
1,4 5,,0,,0,abs08223
1,5 6,1,0,,0,abs08224
1,4 5,1,0,,0,abs08225
1,4 5,2,0,,0,abs08226
1,5,,0,,1,abs08227
1,4 5 6,,0,,0,abs08228
1,3,,15,,0,abs08229
1,0,,0,,0,abs08230
1,6,2,0,,0,abs08231
1,4 5,2,0,,0,abs08232
1,4 5,,0,,0,abs08233
0,,,,,1,abs08234
1,4 5 6,,0,,0,abs08235
1,3,2,0,,1,abs08236
1,4 5 6,,0,,0,abs08237
1,5,1,0,,0,abs08238
1,4 5,2,0,,0,abs08239
1,4 5 6,2,0,,0,abs08240
1,5,,0,,0,abs08241
1,5 6,,0,,1,abs08242
1,6 7,2,0,,0,abs08243
1,4 5 6,2,0,,1,abs08244
1,6,2,0,,0,abs08245
1,6,2,0,,0,abs08246
1,4 5,1,0,,1,abs08247
1,4 5,2,,,0,abs08248
1,4 5,2,0,1,1,abs08249
1,6,,0,,0,abs08250
1,4 5 6,1,0,,0,abs08251
1,4 5 6,,0,,0,abs08252
1,4 5,,0,,0,abs08253
1,5,,0,,1,abs08254
1,6,2,0,,1,abs08255
1,4 5,,0,1,0,abs08256
1,4 5 6,2,0,,0,abs08257
1,4 5 6,,,,0,abs08258
1,4 5 6,1,0,,0,abs08259
1,4 5,2,0,,1,abs08260
1,4 5,2,8,,1,abs08261
1,4 6,,0,,1,abs08262
1,4 5 6,1,0,,0,abs08263
1,5,1,0,1,0,abs08264
1,4 5 6 7,,0,,0,abs08265
1,4 6 7,,0,,1,abs08266
1,6,2,0,,0,abs08267
1,4 5,1,0,,0,abs08268
1,2 4 5 6,,,,1,abs08269
1,5,,0,,1,abs08270
1,4 5,2,0,,0,abs08271
1,6,2,0,,0,abs08272
1,6,2,0,,0,abs08273
1,4 5,2,0,,0,abs08274
1,4,2,0,,1,abs08275
1,4 5 6 7,1,0,,0,abs08276
1,3 4 5 6,,0,,1,abs08277
1,5 6,,0,,0,abs08278
0,,,,,0,abs08279
1,6,2,0,,1,abs08280
1,4 5 6,,0,,0,abs08281
1,5,1,0,,0,abs08282
1,,2,,,1,abs08283
1,5,,0,,0,abs08284
1,6,2,0,,0,abs08285
1,1 2 4 5 6,,,1,1,abs08286
1,6,,0,,0,abs08287
1,4 5,1,0,,0,abs08288
1,4 5 6 7,2,0,,0,abs08289
1,5,,0,,0,abs08290
1,5,1,0,,0,abs08291
1,0 3,,0,,1,abs08292
1,3 6,,,,1,abs08293
1,5 6,2,0,,0,abs08294
1,5,,0,,0,abs08295
1,4 5,2,0,,1,abs08296
1,3 4 5 6,,,,0,abs08297
1,4 5 6,,0,,0,abs08298
1,5 6,,0,,0,abs08299
1,4 6,,0,,1,abs08300
1,4 5 6,1,,,0,abs08301
1,5 6,,0,,0,abs08302
1,1 2 4,,,1,1,abs08303
1,6,,0,,0,abs08304
1,1 2 3,,34,1,1,abs08305
1,6,2,0,,0,abs08306
1,6,2,0,,0,abs08307
1,5,,0,,0,abs08308
1,1 2 3,,,1,0,abs08309
1,6,,0,,0,abs08310
1,6,,0,,0,abs08311
1,4 5 6,,0,,0,abs08312
1,4 5 6 7,2,0,,1,abs08313
1,1 2,,,1,0,abs08314
1,5 6,,0,,0,abs08315
1,4,,,,1,abs08316
1,5,1,0,1,0,abs08317
1,4 5 6,2,0,,0,abs08318
1,4 5,,0,,0,abs08319
0,,,,,0,abs08320
0,,,,,0,abs08321
1,4 5 6,,0,,1,abs08322
1,1 2,,22,,0,abs08323
1,4 5,2,0,,0,abs08324
1,5,,0,,0,abs08325
0,,,,,0,abs08326
1,1 2 4 5 6,2,,,1,abs08327
1,4 5 6,2,0,,1,abs08328
1,6,,0,,1,abs08329
0,,,,,0,abs08330
1,1 2,,,,0,abs08331
1,4 5,,0,,0,abs08332
1,5,1,,,0,abs08333
1,5 6,,0,,0,abs08334
1,4 5,,0,,0,abs08335
1,5,,0,,0,abs08336
1,5,1,0,,0,abs08337
1,3,,0,1,1,abs08338
1,4 5 6,2,0,,0,abs08339
1,5,,0,,0,abs08340
1,4,,0,,0,abs08341
1,4 5 6,,,,0,abs08342
1,2 4 6,,,,1,abs08343
1,5,,0,,0,abs08344
1,4 6,,12,,1,abs08345
1,5,,0,,0,abs08346
1,4 5,,0,1,1,abs08347
0,,,,,0,abs08348
1,5,2,0,,0,abs08349
1,5 6,,0,,0,abs08350
0,,,,,0,abs08351
1,5 6,2,0,,1,abs08352
0,,,,,0,abs08353
1,4 5,,0,,0,abs08354
1,5 6,,0,,0,abs08355
1,2 3 5 6,,,1,1,abs08356
1,4 5,,0,,0,abs08357
1,5,2,0,,0,abs08358
1,4 5,2,0,,0,abs08359
1,4 5 6 7,,0,,0,abs08360
1,3,2,0,,0,abs08361
1,4 5 6,2,,,1,abs08362
0,,,,,0,abs08363
1,5,2,0,,1,abs08364
1,5,,0,,0,abs08365
1,4 5,,0,,0,abs08366
1,4 5 6,2,0,,0,abs08367
1,4 5,,0,,1,abs08368
1,4 5,,,,1,abs08369
1,6,1,,,0,abs08370
1,4 5,,,1,1,abs08371
1,5,,0,,1,abs08372
1,,,,,1,abs08373
1,4 5 6,,,,0,abs08374
1,5 6,,0,,0,abs08375
0,,,,,0,abs08376
1,4 5 6,,0,,1,abs08377
1,4 5,,0,,0,abs08378
1,4 6,2,0,,1,abs08379
1,6 7,2,0,,0,abs08380
1,6,,0,,1,abs08381
1,3 5 6,2,0,,1,abs08382
1,4 6,2,0,,0,abs08383
1,3 5 6,,0,,1,abs08384
1,4 5 6,2,0,,0,abs08385
1,5,1,0,1,0,abs08386
1,4 5 6,,0,,0,abs08387
1,6 7,,0,,0,abs08388
1,5 6,,0,,0,abs08389
1,5,,0,,1,abs08390
1,4 5 6,,0,1,1,abs08391
1,5,,0,,0,abs08392
1,5,,0,,0,abs08393
1,4,,0,,0,abs08394
1,4 6,,0,,0,abs08395
1,4 5,,0,,0,abs08396
1,4,2,0,1,1,abs08397
1,6,,0,,1,abs08398
1,5,,0,,0,abs08399
1,4 5 6,,0,,1,abs08400
1,6,2,0,1,1,abs08401
1,5 6,1,0,,0,abs08402
1,4 5 6,1,0,,0,abs08403
1,6,2,0,,0,abs08404
0,,,,,1,abs08405
1,4 5 6,,0,,0,abs08406
1,5,,0,,0,abs08407
1,6,1,0,,0,abs08408
1,4 5,,0,,0,abs08409
1,6,2,0,,0,abs08410
1,4 5,,0,,1,abs08411
1,4 6 7,2,0,,0,abs08412
1,4 5 6,2,0,,0,abs08413
1,4 5 6,1,0,1,0,abs08414
1,6,,0,,1,abs08415
1,5,,0,,0,abs08416
1,5,,0,,0,abs08417
1,4 5,,0,,0,abs08418
1,6,,0,,0,abs08419
1,4 5,,0,,0,abs08420
1,5,,0,,0,abs08421
1,4 5 6,2,,1,0,abs08422
1,5 6,1,0,,0,abs08423
1,4 5,2,0,,0,abs08424
1,4,,0,,1,abs08425
1,5,,0,,0,abs08426
1,5,1,0,,0,abs08427
1,4 6 7,2,0,,0,abs08428
1,6,2,0,,1,abs08429
1,0,2,0,,0,abs08430
1,6,2,0,,0,abs08431
1,4 5,,0,,1,abs08432
1,2,,9,,1,abs08433
0,,,,,1,abs08434
1,4 5,,0,,0,abs08435
1,5 6,,0,,0,abs08436
1,4 5 6,,0,,0,abs08437
0,,,,,0,abs08438
1,5,,0,,0,abs08439
1,4 5 6,,0,,0,abs08440
1,4 5,1,0,,0,abs08441
1,4 5,1,0,,0,abs08442
1,2,2,,,1,abs08443
1,4 5 6,1,,,0,abs08444
1,6,,0,,0,abs08445
0,,,,,0,abs08446
1,4 5,1,0,,0,abs08447
1,5,1,0,,0,abs08448
1,7,2,0,,0,abs08449
1,4,,0,1,1,abs08450
1,5,,0,,0,abs08451
1,6,2,0,,0,abs08452
1,3 4 5,,0,,0,abs08453
1,4 5,2,15,,1,abs08454
1,6,,0,,1,abs08455
1,4 5,,0,,0,abs08456
1,5 6,1,0,1,0,abs08457
1,5 6 7,2,0,,0,abs08458
1,4 6,,0,,1,abs08459
1,6,2,0,,0,abs08460
1,4 5 6 7,2,0,,1,abs08461
1,4 5,2,0,,1,abs08462
1,5,,0,,1,abs08463
1,4,,0,,1,abs08464
1,4 5 6,2,0,,1,abs08465
1,4 5,2,0,,0,abs08466
1,5 6,,0,,0,abs08467
1,6,2,0,,1,abs08468
1,5 6,1,0,,0,abs08469
1,4 5,2,0,,0,abs08470
1,1 2 6,,,,0,abs08471
1,5,,0,,0,abs08472
1,6,2,0,,0,abs08473
1,4 5,,0,1,1,abs08474
1,4 5 6,2,,,1,abs08475
1,6,2,0,,0,abs08476
0,,,,,0,abs08477
0,,,,,0,abs08478
1,5 6,,0,,0,abs08479
1,4,2,0,1,1,abs08480
1,6,2,,,1,abs08481
1,5 6,2,0,,0,abs08482
1,6,,0,,0,abs08483
1,4 5 6,1,0,,0,abs08484
1,4 5,,0,,1,abs08485
1,6,2,0,1,1,abs08486
1,3,,0,,0,abs08487
1,4 5,,0,,0,abs08488
1,5 6,,0,,0,abs08489
1,,2,0,,0,abs08490
1,4 5,2,0,1,1,abs08491
1,4 5 6,2,0,,0,abs08492
1,6,2,0,,0,abs08493
1,5 6,,0,,0,abs08494
1,6,,0,,0,abs08495
1,4 6,2,0,,1,abs08496
1,4 5 6 7,1,0,,1,abs08497
1,4 6,2,0,,1,abs08498
1,6,2,0,,0,abs08499
1,1 4,,22,,0,abs08500
1,5,,0,,0,abs08501
1,4,1,0,1,1,abs08502
1,4 5,,0,,0,abs08503
1,4 5 6,2,0,,0,abs08504
1,4 5,,0,,1,abs08505
0,,,,,1,abs08506
1,3 5,,0,,0,abs08507
1,4 5,,0,,1,abs08508
1,5,,0,,0,abs08509
1,6,,0,,0,abs08510
1,5 6,,0,,0,abs08511
1,4 5,2,0,,0,abs08512
0,,,,,1,abs08513
1,5,,0,,0,abs08514
1,4 5 6 7,,0,,0,abs08515
0,,,,,0,abs08516
1,4 5,,0,,0,abs08517
1,5 6,,0,,0,abs08518
0,,,,,0,abs08519
1,6,,0,,0,abs08520
1,4 5,2,0,,0,abs08521
1,4 5 6,2,0,,0,abs08522
1,6,,0,,1,abs08523
1,0,2,0,,0,abs08524
0,,,,,0,abs08525
1,6,,0,,0,abs08526
1,2,,,,0,abs08527
1,6,,0,,1,abs08528
0,,,,,0,abs08529
1,5,,0,,0,abs08530
1,5,,0,,0,abs08531
1,4 5,,0,,0,abs08532
1,4 5 6,2,,,1,abs08533
1,6,,0,,0,abs08534
1,5,1,,,0,abs08535
1,4 5,,0,,0,abs08536
1,4 5,1,0,,0,abs08537
1,4 5,,0,,0,abs08538
0,,,,,0,abs08539
0,,,,,0,abs08540
0,,,,,0,abs08541
1,4,,0,,1,abs08542
0,,,,,0,abs08543
1,5 6,1,0,,0,abs08544
1,5,1,0,,1,abs08545
1,5,,0,,0,abs08546
1,4 5 6,,0,,0,abs08547
1,6,2,0,,0,abs08548
0,,,,,0,abs08549
0,,,,,0,abs08550
1,2,,18,,1,abs08551
1,6,1,0,,0,abs08552
1,5 6,,0,,0,abs08553
1,6,,0,,1,abs08554
1,5,,0,,0,abs08555
1,6,2,0,,0,abs08556
1,4 5 6,2,0,,0,abs08557
1,5,1,0,,0,abs08558
1,4 6,,,,0,abs08559
1,4,2,0,,1,abs08560
0,,,,,0,abs08561
1,3,,0,1,1,abs08562
1,5,,0,,0,abs08563
1,6 7,,0,,0,abs08564
1,4 5 6,2,0,,1,abs08565
1,4 5,2,0,,0,abs08566
1,0,2,0,,1,abs08567
1,4 5,,0,,1,abs08568
1,5 6,2,0,,0,abs08569
1,3,,0,1,1,abs08570
1,6,2,0,,0,abs08571
1,5 6,,0,,0,abs08572
1,3,,0,,0,abs08573
0,,,,,0,abs08574
1,6,,0,,0,abs08575
1,5,2,0,,0,abs08576
1,5,,0,,0,abs08577
1,4 5,,0,,0,abs08578
1,5 6,,0,,0,abs08579
1,3 5 6,,0,,0,abs08580
0,,,,,0,abs08581
1,6,2,0,,0,abs08582
1,6,,0,,0,abs08583
0,,,,,0,abs08584
1,7,,0,,0,abs08585
1,3,2,0,1,1,abs08586
1,6,2,0,,0,abs08587
1,5,,0,,0,abs08588
1,4 5,,0,1,0,abs08589
1,5 6,2,0,,0,abs08590
1,3 6,,0,,0,abs08591
1,4 5,,,,1,abs08592
1,4 5,,0,1,1,abs08593
1,5,,0,,0,abs08594
1,5,,0,,0,abs08595
1,4,2,,,0,abs08596
1,6,,0,,0,abs08597
1,6,2,0,,0,abs08598
1,5 6,2,0,,0,abs08599
1,4 5,,0,,0,abs08600
1,4 5,,0,,0,abs08601
1,5,1,0,,0,abs08602
1,4 5,1,0,,0,abs08603
1,0,,0,,0,abs08604
1,6,1,0,,0,abs08605
1,5,1,0,,0,abs08606
1,5 6,,0,,0,abs08607
1,4 5,2,0,,1,abs08608
1,6,,0,,0,abs08609
0,,,,,0,abs08610
1,5 6,2,0,,0,abs08611
1,5,,0,,0,abs08612
1,4 5,1,0,1,0,abs08613
1,4 5,1,0,1,0,abs08614
1,6,,0,,0,abs08615
1,6,,0,,0,abs08616
1,4 5,,0,1,1,abs08617
1,4 5,,0,,0,abs08618
1,6,2,0,,0,abs08619
1,4 5 6,,0,,0,abs08620
1,5,,0,,0,abs08621
1,6,2,0,,0,abs08622
1,4 5,,0,,0,abs08623
1,4 5 6,2,0,,1,abs08624
1,6,2,0,,0,abs08625
1,6,,0,,0,abs08626
1,1 2,,34,,0,abs08627
1,4 5 6,,,,1,abs08628
1,4 5 6,,0,,0,abs08629
1,7,2,0,,1,abs08630
1,4,,,,1,abs08631
1,5,1,0,,0,abs08632
1,4,2,,,1,abs08633
1,4 5,1,0,,0,abs08634
0,,,,,1,abs08635
1,0,,0,,0,abs08636
1,6,,0,,0,abs08637
1,4 5 6 7,,0,,0,abs08638
1,4 5,1,0,,1,abs08639
1,4 6,,0,,0,abs08640
1,6,2,0,,0,abs08641
1,4 5,,0,,0,abs08642
1,4 5 6,,0,,1,abs08643
1,5 6,,0,,0,abs08644
1,6,2,0,,0,abs08645
1,1 2,,,,0,abs08646
1,6,,0,,0,abs08647
1,4 5 6,,0,,0,abs08648
1,4 5 6,,0,,0,abs08649
1,4 5,2,0,,0,abs08650
1,4 5,,0,,0,abs08651
1,5 6,1,0,,0,abs08652
1,6,,0,,0,abs08653
1,4 5 6 7,2,0,,0,abs08654
1,5 6,2,0,,1,abs08655
1,5 6,,,,1,abs08656
1,5,,0,,0,abs08657
1,6 7,,0,1,1,abs08658
1,4 5,,0,,0,abs08659
1,4 5,2,0,,0,abs08660
1,3 4,2,0,1,1,abs08661
1,6,,,,0,abs08662
1,5,1,0,,0,abs08663
1,4 5,2,0,,0,abs08664
1,4 5,,0,,0,abs08665
1,6,,0,,0,abs08666
1,5 6,,0,,0,abs08667
1,5,,0,,1,abs08668
1,5 6,,0,,1,abs08669
1,5 6,,0,,0,abs08670
1,4 5 6,,0,,1,abs08671
1,5,2,0,,0,abs08672
1,5 6,,0,,0,abs08673
1,5,,0,1,0,abs08674
1,4 6,,0,,1,abs08675
1,4 5 6,,0,1,1,abs08676
0,,,,,0,abs08677
1,6,2,0,,0,abs08678
1,4 5,,0,,0,abs08679
1,5,2,0,,0,abs08680
1,4 5,2,0,1,0,abs08681
1,5 6,,0,,0,abs08682
1,5 6,2,0,,0,abs08683
0,,,,,0,abs08684
1,4 5,,0,,1,abs08685
1,5,,0,,0,abs08686
1,4,2,0,,1,abs08687
1,4 5 6,,,,0,abs08688
1,4 5,,0,,0,abs08689
1,4 5,,0,,0,abs08690
0,,,,,0,abs08691
1,5 6,,0,,1,abs08692
1,2,,,,1,abs08693
1,4 6,,0,,1,abs08694
0,,,,,0,abs08695
1,5,2,0,,0,abs08696
1,6,2,0,,0,abs08697
1,4 5 6,,0,,0,abs08698
1,6,1,0,,0,abs08699
1,4 5 6,2,0,,0,abs08700
1,4,,,,0,abs08701
1,4 5 6,,0,,1,abs08702
1,0,,0,,0,abs08703
0,,,,,0,abs08704
1,5 6,2,0,,0,abs08705
1,3 5,,0,,0,abs08706
1,4 5,,0,,1,abs08707
1,5,,,,1,abs08708
1,4 5,,0,1,1,abs08709
1,6,1,0,,0,abs08710
0,,,,,0,abs08711
1,4 5,,0,,0,abs08712
1,5 6,,0,,0,abs08713
1,5 6,,0,,0,abs08714
1,2 4 5 6,,11,,1,abs08715
1,5 6,2,0,,0,abs08716
1,5,1,0,,0,abs08717
1,5,,0,,0,abs08718
0,,,,,0,abs08719
1,4 5 6,,0,,0,abs08720
1,5 6,1,0,,0,abs08721
1,4 5,,0,,0,abs08722
1,5 6,2,0,,0,abs08723
1,5 6 7,,0,,0,abs08724
1,4 5,,0,,1,abs08725
1,5,1,0,,0,abs08726
1,4 6,,,,0,abs08727
1,6,,0,,0,abs08728
1,4 5,1,0,,0,abs08729
1,4 5,,0,,0,abs08730
1,4 5,2,0,,1,abs08731
1,5 6,1,0,1,1,abs08732
1,4 5,,0,,1,abs08733
1,5 6,2,0,,0,abs08734
1,6,2,0,,0,abs08735
1,4 5,,0,1,1,abs08736
1,4 5,,0,,1,abs08737
0,,,,,0,abs08738
1,6,,0,,1,abs08739
1,5 6,1,0,,0,abs08740
1,1 2,,22,,0,abs08741
1,4 5,,0,,0,abs08742
1,4 5,,0,,0,abs08743
0,,,,1,1,abs08744
1,5 6,,0,,0,abs08745
1,6,2,0,,0,abs08746
1,5 6,,0,,0,abs08747
1,6,,0,,1,abs08748
1,4 5 6 7,,0,,0,abs08749
1,1 2,,7,,1,abs08750
1,4 5,2,0,,1,abs08751
1,6,2,0,,0,abs08752
0,,,,,0,abs08753
1,3,1,,1,1,abs08754
1,5 6,,0,,0,abs08755
1,4,2,,,1,abs08756
1,5,,0,,0,abs08757
1,4,,,,1,abs08758
1,6,,0,,0,abs08759
0,,,,,1,abs08760
1,4 6 7,2,0,,1,abs08761
1,4 5,2,0,,0,abs08762
1,6,,,,1,abs08763
1,6,,0,,0,abs08764
1,3,,0,,1,abs08765
1,5,1,0,,0,abs08766
1,3 7,,0,,1,abs08767
1,6,,0,,1,abs08768
1,4 5 6,1,0,,0,abs08769
1,4 5,,0,,0,abs08770
1,4,2,0,,1,abs08771
1,4 5,,0,,0,abs08772
1,4,,0,,1,abs08773
1,1 2,,,,0,abs08774
1,6,,0,,1,abs08775
1,4 5 6,2,0,,1,abs08776
1,5 6,,0,,0,abs08777
1,4 5,2,0,,0,abs08778
1,5 6,1,0,,0,abs08779
1,6,2,0,,0,abs08780
1,3 6,1,0,,1,abs08781
1,1 2,,,,0,abs08782
1,4 7,,0,1,1,abs08783
1,4 5,,0,,0,abs08784
1,4 5,2,0,,1,abs08785
1,3 6,,0,,0,abs08786
1,4 5,,0,,0,abs08787
1,4 5 6,,,,1,abs08788
1,6,,0,,0,abs08789
1,5,2,0,,0,abs08790
1,4 6,,0,1,1,abs08791
1,6,,0,,0,abs08792
1,5 6,2,0,,0,abs08793
1,4,,0,,1,abs08794
1,4 5,1,0,,0,abs08795
1,6,2,0,,0,abs08796
1,6,2,0,,0,abs08797
1,5 6,1,0,,0,abs08798
1,5 6,,,,0,abs08799
1,5,1,0,,0,abs08800
1,1 2 3 4 5 6,1,,,0,abs08801
1,5,,0,,0,abs08802
1,4 5 6,,0,,0,abs08803
1,6,1,0,,0,abs08804
1,4 6,1,17,1,1,abs08805
1,4 5,,0,,1,abs08806
1,5 6,1,0,,0,abs08807
0,,,,,0,abs08808
1,2,2,,,0,abs08809
0,,,,,1,abs08810
1,2,2,,,1,abs08811
1,1 2,,,,0,abs08812
1,5 6,1,0,,1,abs08813
1,4 5 6,2,0,,0,abs08814
1,5 6,,0,,0,abs08815
1,4 5 6,2,0,,0,abs08816
1,4 5,2,0,,0,abs08817
1,4 5 6 7,2,0,,0,abs08818
1,6,,0,,1,abs08819
0,,,,,0,abs08820
1,5,,0,,0,abs08821
1,5 6,,0,,0,abs08822
1,6,,0,,0,abs08823
1,4 5,,,,1,abs08824
1,1 2,,,1,1,abs08825
1,5 6,2,0,,0,abs08826
1,4 5,1,0,,0,abs08827
1,5,,0,,0,abs08828
1,3 4 5 6,,0,1,1,abs08829
1,4 5,2,0,,0,abs08830
1,5 6,,0,,0,abs08831
1,4 5,,0,1,1,abs08832
1,6,2,0,,0,abs08833
1,6,2,0,,0,abs08834
1,4 5,,0,,1,abs08835
1,2,2,,,0,abs08836
0,,,,,0,abs08837
1,4 5 6,,0,,1,abs08838
1,6,2,,,0,abs08839
0,,,,,0,abs08840
1,4 5,,0,,0,abs08841
1,5 6,1,,1,0,abs08842
0,,,,,0,abs08843
1,4 5 6 7,2,0,,0,abs08844
1,4 5 6,,0,,0,abs08845
1,4 5,2,0,1,0,abs08846
1,5,2,0,1,0,abs08847
1,4 5,2,0,1,1,abs08848
1,4 5,,0,1,1,abs08849
1,6,2,0,,1,abs08850
1,4 5,,0,,0,abs08851
1,4 5,2,0,1,1,abs08852
1,4 5,,0,,0,abs08853
1,4 5,,0,,0,abs08854
1,5 6,1,0,,0,abs08855
1,1 2,,22,,0,abs08856
0,,,,,1,abs08857
1,4 5 6,,0,,0,abs08858
1,5,,0,,1,abs08859
1,5,2,0,,0,abs08860
1,5 6,,0,1,0,abs08861
1,5 6,,0,,0,abs08862
1,4 5 6,,0,,1,abs08863
1,6,2,0,,0,abs08864
1,4 5,,0,,0,abs08865
1,4 5 6,1,0,,0,abs08866
1,5,2,0,,0,abs08867
1,4 5 6,,0,,0,abs08868
1,2 4 5 6,,,,1,abs08869
1,6,2,0,,0,abs08870
1,5 6,,0,,0,abs08871
1,5 6,2,0,,0,abs08872
1,6,2,0,,0,abs08873
1,6,2,0,,0,abs08874
1,4 5 6,,0,,0,abs08875
1,5,1,0,,0,abs08876
1,1 2,,,,0,abs08877
1,2,,,,0,abs08878
1,4 5,,0,,0,abs08879
1,4 5,,0,,0,abs08880
1,4 5,2,0,,0,abs08881
1,4 6,2,0,,1,abs08882
1,5,,0,,0,abs08883
1,3,,0,1,1,abs08884
1,5 6,,0,,0,abs08885
1,6,2,0,,1,abs08886
0,,,,,0,abs08887
1,5,,0,,0,abs08888
1,4 5 6,,0,,0,abs08889
1,6,2,0,,1,abs08890
1,5,,0,,0,abs08891
1,5,,0,,0,abs08892
1,5 6,,0,,0,abs08893
0,,,,,0,abs08894
1,1 2,,,1,0,abs08895
0,,,,,0,abs08896
1,4 5 6,,0,,0,abs08897
0,,,,,1,abs08898
1,4,,0,,1,abs08899
1,4 5 6,2,0,,0,abs08900
1,6,,0,,0,abs08901
1,4 6,,0,,0,abs08902
1,4 5,,0,,0,abs08903
1,1 2,,22,,0,abs08904
1,6,2,0,,0,abs08905
1,5 6,,0,,0,abs08906
1,4 6,2,0,1,1,abs08907
1,5,1,0,,1,abs08908
1,4 5,,0,,1,abs08909
1,4 5 6 7,,0,,0,abs08910
1,4 6,2,0,,0,abs08911
1,6,2,0,,0,abs08912
1,6,2,0,,0,abs08913
1,5 6,,0,,0,abs08914
1,4 5 6 7,2,0,,1,abs08915
1,5 6,1,0,,0,abs08916
1,5 6,,0,,0,abs08917
1,4 5 6,,0,,0,abs08918
0,,,,,1,abs08919
1,5,,0,,0,abs08920
1,5 6,,0,,0,abs08921
1,4 5,2,0,,0,abs08922
1,3 5 6,,0,,0,abs08923
1,5,,0,,0,abs08924
1,5,2,0,,0,abs08925
1,5,,0,,0,abs08926
1,4 5 6,2,0,,1,abs08927
1,4 5,,,,1,abs08928
1,6,,,,0,abs08929
1,5,,0,,0,abs08930
1,4,2,0,,1,abs08931
1,4 5 6,2,18,,1,abs08932
1,6,,,,1,abs08933
1,6,2,0,,0,abs08934
1,4 5,,0,,1,abs08935
1,6,2,0,,1,abs08936
1,5,,0,,0,abs08937
1,6,,0,,0,abs08938
1,5,1,0,,0,abs08939
1,6,2,0,,0,abs08940
1,6,,0,,1,abs08941
1,4 5 6,,0,,0,abs08942
1,5 6,,0,,0,abs08943
1,4 5,,0,,0,abs08944
1,4 5 6,,,,0,abs08945
1,1 2 4 5 6,,0,,0,abs08946
1,4 5,,,,0,abs08947
0,,,,,0,abs08948
1,4 5,2,0,,0,abs08949
1,4 6,,0,,1,abs08950
1,4 5 6,2,0,,0,abs08951
1,4 5 6,1,0,,0,abs08952
1,5 6,1,0,,0,abs08953
1,5 6,,0,,0,abs08954
1,2 3 4 5 6,,,,1,abs08955
1,4 5,,0,,0,abs08956
1,4 6,2,0,,1,abs08957
1,6 7,,0,,0,abs08958
1,,,0,,1,abs08959
1,6,2,0,,0,abs08960
1,4 5 6,,0,,0,abs08961
1,6,,0,,0,abs08962
1,5 6,1,0,,0,abs08963
1,4 5 6,,0,,0,abs08964
1,4 5 6,2,0,,0,abs08965
1,4 5,,0,1,1,abs08966
1,4 5 6,,0,,1,abs08967
1,4 5 6,2,0,,0,abs08968
1,2,,22,,1,abs08969
1,6,2,0,,0,abs08970
1,4 5,,0,,1,abs08971
1,2 6,,,,0,abs08972
1,6,2,0,,0,abs08973
1,4,2,,1,1,abs08974
1,5 6,,0,,0,abs08975
1,5 6 7,,0,,0,abs08976
1,4 5,,0,,0,abs08977
1,4 5 6,2,0,,0,abs08978
1,5,,0,,0,abs08979
1,4 5,,0,,1,abs08980
1,4 5,,0,,1,abs08981
1,6 7,2,0,,0,abs08982
1,5,,0,,0,abs08983
1,5 6,1,0,,0,abs08984
1,4 6,,0,,1,abs08985
0,,,,,1,abs08986
1,4,2,0,,0,abs08987
1,6,,0,,0,abs08988
1,4 6,,0,,0,abs08989
1,6,,0,,0,abs08990
1,4 5,2,0,,0,abs08991
1,4,,0,,1,abs08992
1,4 6,,0,,1,abs08993
1,5 7,,0,,0,abs08994
1,6,,0,1,1,abs08995
1,5 6,,0,,0,abs08996
1,5,,0,,0,abs08997
1,5 6,,0,,0,abs08998
1,5,1,0,,0,abs08999
1,6,,0,,1,abs09000
1,6,2,0,,0,abs09001
1,5 6,,0,,0,abs09002
1,4 6,,,,1,abs09003
1,4 5 6,,,,0,abs09004
1,5 6,,0,,0,abs09005
1,6,2,0,,0,abs09006
1,6,,0,,0,abs09007
1,4 5 6,1,0,,0,abs09008
1,6,2,0,,1,abs09009
1,6,,,,0,abs09010
1,4 5,,0,1,1,abs09011
1,4 5,,0,,0,abs09012
1,5,,0,,0,abs09013
1,4 5,,0,,0,abs09014
1,4 5,1,0,,0,abs09015
1,4 5,1,0,1,1,abs09016
1,6,1,0,,0,abs09017
1,6,2,0,,0,abs09018
1,4 5,,0,,1,abs09019
1,4 5,2,0,,1,abs09020
1,6,,0,,1,abs09021
1,4 5 6,,0,,0,abs09022
1,4 5,,0,,0,abs09023
1,4 5 6 7,,0,,1,abs09024
1,4 5 6,,,,0,abs09025
1,4,2,0,,0,abs09026
1,4 5 6,,,1,0,abs09027
1,6,,0,,0,abs09028
1,4,1,,,0,abs09029
1,4,,0,,0,abs09030
1,5,,0,,0,abs09031
1,4 5 6,,0,,0,abs09032
1,5 6,1,0,,1,abs09033
1,4 5 6,,0,,0,abs09034
1,5,,0,,0,abs09035
1,5 6,1,0,,0,abs09036
1,5,1,0,,0,abs09037
1,4,2,0,,1,abs09038
1,5,,0,,0,abs09039
1,5 6 7,1,0,,0,abs09040
1,2,1,,,1,abs09041
1,5,,0,,0,abs09042
1,5,,0,,0,abs09043
1,4 5 6,,,,1,abs09044
1,5 6,,0,,0,abs09045
1,5 6,1,0,,0,abs09046
1,5,,0,,0,abs09047
1,4 5,,22,1,0,abs09048
1,4 5,,,,1,abs09049
1,5,,0,,0,abs09050
1,4 5,2,0,,0,abs09051
1,6,,0,,1,abs09052
0,,,,,0,abs09053
0,,,,,0,abs09054
1,6,2,0,,0,abs09055
1,5,,0,,1,abs09056
1,4 5 6,,0,,0,abs09057
1,4 5,,0,,0,abs09058
1,5,,0,,0,abs09059
1,5,,0,,0,abs09060
1,4 5,2,26,,1,abs09061
1,1 2,1,,1,0,abs09062
1,2,,14,,0,abs09063
1,4 5,2,0,,0,abs09064
1,6,2,0,,0,abs09065
0,,,,,1,abs09066
1,1 2,,,,0,abs09067
1,4 5 6,,0,,0,abs09068
1,4,2,,,1,abs09069
1,4 5,2,0,,0,abs09070
1,4 5,,0,,0,abs09071
1,4,2,0,,1,abs09072
1,6,,0,,1,abs09073
1,5 6,,0,,0,abs09074
1,4 5 6,,0,,0,abs09075
1,6,2,0,,0,abs09076
1,4 5 6,,0,,0,abs09077
1,6,2,0,,0,abs09078
0,,,,,0,abs09079
1,6,,0,,0,abs09080
1,,2,0,,1,abs09081
1,4 5,,0,,0,abs09082
1,4 5 6,2,0,,0,abs09083
1,5 6,,0,,0,abs09084
1,2 3,,16,,1,abs09085
1,4 5,,,,0,abs09086
1,3 6,,0,,1,abs09087
1,4 5 6,2,,,0,abs09088
1,4 5 6,,0,,0,abs09089
1,4 5,2,0,,0,abs09090
1,3,,0,,1,abs09091
1,6,2,0,,0,abs09092
1,4 5 6,,0,,1,abs09093
1,4 5 6,2,0,,1,abs09094
1,5,,0,,0,abs09095
1,6,1,,1,1,abs09096
1,4 5,,0,,0,abs09097
1,6,2,0,,0,abs09098
1,4 5 6,1,0,,0,abs09099
1,5,,0,,0,abs09100
1,5 6,1,0,,0,abs09101
1,,2,18,,1,abs09102
1,3 4 5 6,2,0,1,0,abs09103
1,5 6,,0,,0,abs09104
1,2,,,,1,abs09105
1,4 6,,0,,0,abs09106
1,4 5,,,,1,abs09107
1,4 5 6,2,0,,1,abs09108
1,4 5 6,,0,,1,abs09109
1,4 5,,0,,0,abs09110
1,5 6,,0,,0,abs09111
0,,,,,1,abs09112
1,4 5 6,1,0,,0,abs09113
1,6,,0,,0,abs09114
1,6,2,0,,1,abs09115
0,,,,,0,abs09116
0,,,,,1,abs09117
1,1 2 4 5 6,2,22,,0,abs09118
1,4 5 6 7,2,0,,0,abs09119
1,5,1,0,,0,abs09120
1,6,2,0,,1,abs09121
1,4 5,2,0,,1,abs09122
1,5 6,1,0,,0,abs09123
1,6,2,0,,0,abs09124
0,,,,,1,abs09125
1,,2,0,,1,abs09126
1,5 6,,0,,0,abs09127
1,6,2,0,,0,abs09128
1,4 6 7,1,0,1,1,abs09129
1,4 5,2,0,,0,abs09130
1,4 5 6,,0,,1,abs09131
1,5 6,,0,,0,abs09132
1,6,,0,,1,abs09133
1,4 5 6,2,0,,1,abs09134
0,,,,,0,abs09135
1,5 6,2,0,,0,abs09136
1,4 5,1,0,,0,abs09137
1,4 6 7,,0,,1,abs09138
1,6,2,0,,0,abs09139
1,6,2,0,,0,abs09140
1,2,2,,,1,abs09141
1,7,2,0,,1,abs09142
1,4 5,2,0,,1,abs09143
1,4 5,2,0,,0,abs09144
1,5 6,1,0,,1,abs09145
1,2 4,2,,,1,abs09146
1,6,2,0,,0,abs09147
1,5 6,2,0,,0,abs09148
1,6,2,0,1,1,abs09149
1,5 6,,0,,1,abs09150
1,5,,0,,1,abs09151
1,4 5 6,2,0,,0,abs09152
1,4 5 6,,0,,0,abs09153
1,5,,0,,1,abs09154
1,4 5 6,,0,,0,abs09155
1,4 5 6 7,2,0,,0,abs09156
1,4 5 6,,0,,0,abs09157
1,4,,,,0,abs09158
1,4 5,,0,,0,abs09159
1,4 5 6 7,,0,,0,abs09160
1,4 5,,0,,0,abs09161
0,,,,,0,abs09162
1,4 5,2,0,,0,abs09163
1,6,,0,,0,abs09164
1,4 5,,0,,0,abs09165
1,4 5 6,,0,,0,abs09166
1,4 5,2,0,,1,abs09167
1,3 5,,0,,1,abs09168
1,4 5,,0,1,0,abs09169
1,6,,0,,0,abs09170
1,4 5 6,2,0,1,1,abs09171
1,3 4 5,,0,,1,abs09172
1,5 6,,0,,0,abs09173
1,5 6,2,0,,0,abs09174
1,6,,0,,0,abs09175
1,4 5,,0,,0,abs09176
1,5 6,2,0,,0,abs09177
0,,,,,0,abs09178
1,5 6,2,0,,0,abs09179
1,5,,0,,0,abs09180
1,4 5,,0,,1,abs09181
1,5,2,0,,0,abs09182
1,4 5,2,,,0,abs09183
1,1 2,,,,0,abs09184
1,4 5 6,2,0,,0,abs09185
1,4,,,,0,abs09186
1,4 5,2,0,,0,abs09187
0,,,,,0,abs09188
1,4 5 6,1,0,,0,abs09189
1,5 6,,0,,0,abs09190
1,5,,0,,1,abs09191
1,4 5 6,2,0,,0,abs09192
1,1 4 5 6,,,,0,abs09193
1,4 5,,,,0,abs09194
0,,,,,1,abs09195
1,4 5 6,2,0,,0,abs09196
1,5,2,0,,0,abs09197
1,1 2,,22,,1,abs09198
1,5 6,,0,,0,abs09199
1,6,,0,,1,abs09200
1,5,,0,1,0,abs09201
1,5,1,0,,0,abs09202
1,5,,0,,1,abs09203
1,4 5 6,2,0,,1,abs09204
1,5 6,,0,,0,abs09205
1,6,1,0,,0,abs09206
1,6 7,,0,,0,abs09207
1,4 5,,0,,0,abs09208
1,4,,0,,1,abs09209
1,4 6,,0,,0,abs09210
1,5 6,2,0,,0,abs09211
1,5 6,,0,,0,abs09212
1,5 6,,0,,0,abs09213
1,4 5,,0,,0,abs09214
1,4 5,,0,,1,abs09215
1,5 6,,0,,0,abs09216
1,4 5 6,1,0,,0,abs09217
1,6,,,,1,abs09218
0,,,,,1,abs09219
1,4 5 6,2,0,,0,abs09220
0,,,,,0,abs09221
1,4 5,2,3,,1,abs09222
1,6,,0,,0,abs09223
1,4 5 6,,,,1,abs09224
1,3,1,0,,0,abs09225
0,,,,,0,abs09226
1,6,2,0,,0,abs09227
0,,,,1,1,abs09228
1,6,,0,,0,abs09229
1,5,1,0,,1,abs09230
1,4,2,0,,1,abs09231
0,,,,,1,abs09232
0,,,,,0,abs09233
1,4 5,,0,,0,abs09234
1,5,1,0,,0,abs09235
1,5,,0,,0,abs09236
1,5 6,1,0,,0,abs09237
1,4 5 6,2,0,,0,abs09238
1,5,,,,0,abs09239
1,3 5,,0,1,1,abs09240
1,6,,0,,0,abs09241
1,6,,0,,0,abs09242
1,5 6,,0,,0,abs09243
1,5,,0,,1,abs09244
1,4 5 6,1,,1,1,abs09245
1,4 5 6,,0,,0,abs09246
1,5 6,1,0,,0,abs09247
1,4 5 6,2,0,,0,abs09248
1,5,,0,,0,abs09249
1,4 6,,0,,0,abs09250
1,5,,0,,0,abs09251
1,4 5,,,,0,abs09252
1,4 5 6,2,0,,1,abs09253
1,3 4 5 6,,0,,0,abs09254
1,5 6,1,0,,0,abs09255
1,1 2,,,1,1,abs09256
1,6,,0,,0,abs09257
1,6,2,0,,0,abs09258
1,6,2,0,,0,abs09259
1,5 6,1,0,,0,abs09260
1,5 6,2,0,,0,abs09261
0,,,,,1,abs09262
1,4 5,,0,,0,abs09263
1,4 5 6,,,,0,abs09264
1,5,,0,,0,abs09265
1,5,,0,,0,abs09266
0,,,,,0,abs09267
1,,,,,1,abs09268
1,4 5,2,0,,1,abs09269
1,4 5,1,0,,0,abs09270
1,5 6,,0,,0,abs09271
1,5 6,2,0,,0,abs09272
1,6,,0,,0,abs09273
1,4 5,1,0,,0,abs09274
1,4,,0,,1,abs09275
1,5,1,,1,0,abs09276
1,5,,0,,0,abs09277
1,4 5,,0,,0,abs09278
1,5 6,1,0,,0,abs09279
1,6,0,0,,0,abs09280
1,5 6,,0,,0,abs09281
0,,,,,0,abs09282
1,7,,0,,0,abs09283
1,3,1,0,1,1,abs09284
1,6,,0,,0,abs09285
1,1 2,,,,0,abs09286
1,4 5 6,2,0,,0,abs09287
1,4 5,,0,,0,abs09288
1,4 6 7,,0,,1,abs09289
1,4 5,,0,1,1,abs09290
1,4 6 7,,0,,1,abs09291
1,5,,0,,0,abs09292
1,2 3,,14,,0,abs09293
1,4 5,2,0,,0,abs09294
1,5,1,0,,0,abs09295
1,6,,0,,0,abs09296
0,,,,,1,abs09297
1,5,,0,,0,abs09298
1,4 6,,,,0,abs09299
1,3 4 5 6,,0,,0,abs09300
1,3 6,2,0,,0,abs09301
1,5 6,2,,,1,abs09302
1,4 5,,0,1,1,abs09303
1,5 6,,0,,1,abs09304
1,5 6,2,0,,0,abs09305
1,4 5,,,,0,abs09306
1,4 5,1,0,,0,abs09307
1,4 5,,0,1,1,abs09308
1,5,,0,,0,abs09309
1,5,,0,,0,abs09310
1,4 5,,,,0,abs09311
1,4 5,,0,,0,abs09312
1,5,,0,,0,abs09313
1,5 6,2,0,,0,abs09314
1,2,,,,1,abs09315
1,5 6,1,0,1,0,abs09316
0,,,,,0,abs09317
1,4 5 6,,,,0,abs09318
1,4 5,2,0,,1,abs09319
1,5,,0,1,0,abs09320
1,4 5 6,2,0,,1,abs09321
1,3 7,,0,1,1,abs09322
1,5,,0,,0,abs09323
1,4 5 6,2,0,,1,abs09324
0,,,,,1,abs09325
0,,,,,0,abs09326
1,5,,0,,0,abs09327
1,3 6,,,,0,abs09328
1,4 5 6,2,0,,0,abs09329
1,4 6 7,2,0,,0,abs09330
1,4 5 6,,0,,0,abs09331
1,4 5,,0,,1,abs09332
1,2,2,,,0,abs09333
1,4 6 7,,0,,1,abs09334
1,4 5 6,,0,,1,abs09335
1,6,2,0,,0,abs09336
1,7,,0,,0,abs09337
1,7,2,,,1,abs09338
1,4 6,1,0,1,0,abs09339
1,5,1,0,,0,abs09340
1,5,,,,0,abs09341
1,6,,0,,0,abs09342
1,4 6,2,0,,0,abs09343
1,6,2,0,,0,abs09344
1,2,,18,,1,abs09345
1,5,,0,,0,abs09346
1,4 5,2,0,,0,abs09347
1,5 6,2,0,,0,abs09348
1,6,2,0,,1,abs09349
1,4 5 6,,0,,0,abs09350
1,4 6,,,,0,abs09351
1,6,2,0,,0,abs09352
1,6,2,0,,0,abs09353
1,4 5 6,2,0,,0,abs09354
1,4 5,,0,1,0,abs09355
1,6,,0,,0,abs09356
1,4 5,,0,,0,abs09357
1,5 6,,0,,0,abs09358
1,4 5,,0,1,1,abs09359
0,,,,,0,abs09360
1,6,2,0,,0,abs09361
1,5,2,0,,0,abs09362
1,4 5 6,,0,,0,abs09363
1,2,,,,0,abs09364
1,4 5 6 7,,0,,0,abs09365
1,6,,,,0,abs09366
1,4 5,1,0,,0,abs09367
1,5 6,,0,,0,abs09368
1,5,,0,,0,abs09369
1,4 5 6,,0,,0,abs09370
1,5,,0,,0,abs09371
1,4 5,,,,0,abs09372
0,,,,,0,abs09373
0,,,,,1,abs09374
1,6,2,0,,0,abs09375
1,4 5,,0,,0,abs09376
1,6,2,0,,0,abs09377
0,,,,,0,abs09378
1,6,2,0,,0,abs09379
1,1 2,,,,0,abs09380
1,4 5,1,0,,0,abs09381
1,4 5,,0,,0,abs09382
1,4 5 6,,0,,0,abs09383
0,,,,,0,abs09384
1,4 5,,0,,0,abs09385
1,5,,0,,0,abs09386
1,5 6,,0,,0,abs09387
1,3 7,,0,,0,abs09388
1,6,,0,1,1,abs09389
1,4 5,2,0,,0,abs09390
1,4 5 6,,,,0,abs09391
1,5,2,0,,0,abs09392
1,3 6,,0,,0,abs09393
1,2 4 5,,,,0,abs09394
1,4,2,0,,1,abs09395
1,5 6,1,0,,0,abs09396
1,4 5,,,,0,abs09397
1,4 5,,0,,0,abs09398
1,4,2,0,,0,abs09399
1,5 6,2,0,,0,abs09400
1,6,2,0,,0,abs09401
1,1 2,,26,,0,abs09402
1,6,2,0,,0,abs09403
1,4 5,,0,,0,abs09404
1,5,2,0,,0,abs09405
1,5 6,,,,0,abs09406
1,2,2,14 24,,1,abs09407
1,5,,0,,0,abs09408
1,4 5,,0,,0,abs09409
1,5,,0,,0,abs09410
1,5,,0,,0,abs09411
1,3,,0,1,1,abs09412
1,7,2,0,,0,abs09413
1,4 5,,0,,0,abs09414
1,6,,0,,0,abs09415
1,6,,0,,0,abs09416
1,5,1,0,,0,abs09417
1,5 6,,0,,0,abs09418
1,5,,0,,0,abs09419
1,6,,0,,0,abs09420
1,6,0,0,,0,abs09421
0,,,,,1,abs09422
1,1 2,,,,0,abs09423
1,4 5 6,1,,,0,abs09424
0,,,,,1,abs09425
1,5 6,1,0,,0,abs09426
1,6,,0,,0,abs09427
1,5,2,0,,0,abs09428
1,4,,0,,1,abs09429
1,5,,0,,0,abs09430
1,4 5 6,,0,,0,abs09431
1,5,,0,,0,abs09432
1,5 6,,0,,0,abs09433
1,,2,0,,0,abs09434
1,4 5,1,0,,0,abs09435
1,5,,0,,0,abs09436
1,6 7,2,0,,1,abs09437
1,5,,0,,0,abs09438
1,4 5 6,,,,0,abs09439
1,3,2,0,,0,abs09440
1,6,2,0,,0,abs09441
1,5 6,2,0,,0,abs09442
1,5 6,1,0,,0,abs09443
1,5,,0,,0,abs09444
1,4 5 6,,0,,0,abs09445
1,5 6 7,,0,,0,abs09446
0,,,,1,1,abs09447
0,,,,,0,abs09448
1,,2,0,,0,abs09449
1,4 5,2,0,,1,abs09450
0,,,,,0,abs09451
1,4 5,2,0,,0,abs09452
1,4 5,1,0,,0,abs09453
1,4 5,,0,,0,abs09454
0,,,,,0,abs09455
0,,,,,1,abs09456
1,5,1,0,,0,abs09457
1,5,1,0,,0,abs09458
1,4 5,,,,1,abs09459
1,4 5,,0,,0,abs09460
1,6,,0,,1,abs09461
1,4 5,,,,1,abs09462
1,6,2,0,,0,abs09463
0,,,,,0,abs09464
1,3 5,,0,1,0,abs09465
1,4 7,,0,,1,abs09466
1,6,2,0,,0,abs09467
1,5,1,0,1,1,abs09468
1,4 5 6,,0,,0,abs09469
1,5,1,0,,0,abs09470
1,4 5,2,0,,0,abs09471
1,4 5,,0,,0,abs09472
1,4 6,2,0,,0,abs09473
1,5,,0,,0,abs09474
1,5,,0,,0,abs09475
0,,,,,0,abs09476
1,7,2,,,1,abs09477
1,4 5,,0,,1,abs09478
1,3,1,0,,0,abs09479
0,,,,,0,abs09480
1,4 5,1,0,,0,abs09481
1,6,,0,,0,abs09482
1,6,,0,,0,abs09483
1,3 5 6,,0,,0,abs09484
1,5 6,1,0,,0,abs09485
1,5,,0,,0,abs09486
1,5 6,1,0,,0,abs09487
1,5,2,0,,0,abs09488
1,5,,0,,0,abs09489
1,6,2,0,,0,abs09490
1,4 5 6 7,1,0,,0,abs09491
1,5,1,0,,0,abs09492
1,5,,0,,0,abs09493
1,5 6,,0,,0,abs09494
1,6,2,0,,0,abs09495
1,2,,,,1,abs09496
0,,,,,0,abs09497
0,,,,,0,abs09498
1,5,,0,,0,abs09499
1,6,,0,,0,abs09500
1,5 6,1,0,1,0,abs09501
1,3 5 6,1,0,,0,abs09502
1,4 5,1,0,,0,abs09503
1,5,,0,,0,abs09504
1,4 5,,0,,0,abs09505
1,6,2,0,,0,abs09506
1,5,,0,,0,abs09507
1,5 6,,0,,0,abs09508
1,6,,0,,0,abs09509
1,5,1,0,,0,abs09510
1,4 5,,0,,0,abs09511
1,6,2,0,,0,abs09512
1,6 7,,0,,0,abs09513
1,4 5 6,,,,0,abs09514
0,,,,,0,abs09515
1,1 2,,,1,0,abs09516
1,5,,0,,0,abs09517
1,3,,0,1,1,abs09518
1,4 5,,0,,0,abs09519
1,4 5,,0,,1,abs09520
1,3 6,,0,,0,abs09521
1,5 6,,0,,0,abs09522
0,,,,,0,abs09523
1,6,,0,,0,abs09524
1,5 6,,0,,0,abs09525
1,6 7,2,0,,0,abs09526
1,,2,,,0,abs09527
1,4 6,,0,,0,abs09528
1,4 5,2,0,,0,abs09529
1,3 5 6,,,,0,abs09530
1,4 5 6,2,0,,0,abs09531
1,6,2,0,,0,abs09532
1,4 5 6 7,,0,,0,abs09533
1,5 6,,0,,0,abs09534
1,4 5 6,,0,,0,abs09535
1,5,2,0,,0,abs09536
1,4 5 6,,0,,0,abs09537
1,4 5 6,,0,,0,abs09538
1,5 6,,,,0,abs09539
1,4 5,,0,,0,abs09540
1,5 6 7,2,0,,1,abs09541
1,4 5 6,,0,,0,abs09542
1,0,,,,1,abs09543
1,5 6,2,0,,0,abs09544
1,4 5,,,,1,abs09545
1,5,,0,,0,abs09546
0,,,,,0,abs09547
1,7,2,0,,1,abs09548
1,5 6,,,,0,abs09549
1,4 5,,0,,0,abs09550
1,4 5 6,2,0,,1,abs09551
1,5 6,,0,,0,abs09552
1,4 5 6 7,2,0,,0,abs09553
1,3 7,,0,,0,abs09554
1,6,2,0,,0,abs09555
1,4 5 6,1,0,,0,abs09556
1,6,,,,0,abs09557
1,6,2,0,,0,abs09558
1,5 6,1,,,0,abs09559
1,4 5 6,1,0,,0,abs09560
1,5 6,2,0,,0,abs09561
1,1 2 4 5 6 7,1,41,,0,abs09562
1,5,,,,0,abs09563
1,4 5,,0,,0,abs09564
1,6,2,,,0,abs09565
1,4 5,,0,,1,abs09566
1,6,2,0,,0,abs09567
1,5,,0,,0,abs09568
1,5 6,,0,,0,abs09569
1,5 6,2,0,,0,abs09570
1,4 5 6,1,0,,0,abs09571
1,4 5,,0,,0,abs09572
1,5,,0,,0,abs09573
0,,,,,1,abs09574
1,3 4 5,,0,1,1,abs09575
1,5 6,,0,,0,abs09576
1,4 6,2,0,,1,abs09577
1,6,,0,,0,abs09578
1,4 5,2,0,,1,abs09579
1,5 6,,0,,0,abs09580
1,5,,0,,0,abs09581
1,2 6,2,0,,0,abs09582
1,7,,0,,0,abs09583
1,4 5 6,,0,,0,abs09584
1,6,,0,,1,abs09585
0,,,,,0,abs09586
1,4 5 6,,0,,0,abs09587
1,4,,0,,1,abs09588
1,5,,0,,0,abs09589
1,4,2,0,,1,abs09590
1,1 2 4 5 6,,26,,0,abs09591
1,5 6,1,,,0,abs09592
1,4 5 6,1,0,,0,abs09593
1,7,,0,,0,abs09594
1,4 5,,0,,0,abs09595
1,5 6,,0,,0,abs09596
1,4 5 6,1,16,,1,abs09597
1,5,,0,,0,abs09598
1,4 5 6,,0,,0,abs09599
1,6,2,0,,1,abs09600
1,4 5 6,2,0,,1,abs09601
1,4 5,,12,,1,abs09602
0,,,,,0,abs09603
1,6,2,,,1,abs09604
0,,,,,0,abs09605
1,4 5,2,0,,0,abs09606
1,4 6,,0,,1,abs09607
1,5,1,0,,0,abs09608
1,5,1,0,,0,abs09609
1,6,,0,,0,abs09610
1,5,,0,,0,abs09611
1,5,,0,,0,abs09612
1,6,2,0,,0,abs09613
1,4 5,,0,,1,abs09614
1,5 6,,0,,0,abs09615
1,4 6,,0,,0,abs09616
1,4 5,,0,,0,abs09617
1,6,,0,,0,abs09618
1,6,2,0,,0,abs09619
1,5,,0,,0,abs09620
1,1 2 3,,,,1,abs09621
1,4,,0,1,1,abs09622
1,5 6,,0,,1,abs09623
1,5 6,2,0,,0,abs09624
1,4 5 6 7,2,0,,0,abs09625
1,0,2,0,,0,abs09626
1,4 5 6,,0,,0,abs09627
1,4,,,,1,abs09628
1,2,2,,1,1,abs09629
1,6,2,0,,0,abs09630
1,5 6,1,0,,1,abs09631
1,2,2,,,0,abs09632
1,2,,,,1,abs09633
1,6,,0,,0,abs09634
1,6,,0,1,1,abs09635
1,4 5 6,,0,,1,abs09636
1,,2,0,,0,abs09637
1,5 6,,0,,0,abs09638
1,6,,0,,0,abs09639
1,5,,0,,0,abs09640
1,6,2,0,1,1,abs09641
1,4 5,,0,,0,abs09642
1,4 5 6 7,,0,,0,abs09643
1,4 5,2,0,,0,abs09644
1,4 5 6,,0,,0,abs09645
1,5 6,,0,,0,abs09646
1,4 5 6,,,,0,abs09647
1,2,,,,1,abs09648
1,4 5 6,,0,,0,abs09649
1,6,,0,,0,abs09650
1,5,1,0,,0,abs09651
1,4,,0,,1,abs09652
1,2 4 6,,,,1,abs09653
1,4 5 6,,0,,0,abs09654
1,4 5,2,0,,1,abs09655
1,5,,0,,0,abs09656
1,5,,0,,0,abs09657
1,5 6,,0,,0,abs09658
1,6,,0,,0,abs09659
1,5,2,0,1,0,abs09660
1,4,2,0,,1,abs09661
1,4 5 6,2,0,,0,abs09662
1,1 2 4 5 6,,0,,0,abs09663
1,4 5 6,,0,,0,abs09664
1,4 5,,0,,1,abs09665
1,6,,,,0,abs09666
1,4 5,,0,,0,abs09667
1,6,,0,,0,abs09668
1,6,2,0,,0,abs09669
1,5,2,0,,1,abs09670
1,3 4 5 6 7,,0,1,1,abs09671
1,4 5 6,2,0,,0,abs09672
1,6,,0,,0,abs09673
1,4,,0,,0,abs09674
1,4 5 6,,0,,0,abs09675
1,6,2,0,,0,abs09676
1,6,,0,,0,abs09677
1,6,2,,,1,abs09678
1,4 5 6,2,0,,0,abs09679
1,5,,0,,0,abs09680
1,4 6,2,0,,0,abs09681
1,4 5 6,2,0,,0,abs09682
1,5 6,,,1,0,abs09683
1,4 5 6,,,,0,abs09684
0,,,,,1,abs09685
1,6,,0,,0,abs09686
1,4 7,2,0,1,1,abs09687
1,5,1,0,,0,abs09688
1,4 5 6,,0,1,1,abs09689
1,5,,0,,0,abs09690
1,5,,0,,0,abs09691
1,5,,0,,0,abs09692
1,5,,0,,0,abs09693
1,4 5 6,,0,,0,abs09694
1,5,,0,,0,abs09695
1,5 6,2,0,,0,abs09696
1,6,,0,,1,abs09697
1,4 5 6,,0,,1,abs09698
1,5,1,0,,0,abs09699
1,5 6,2,0,,0,abs09700
1,4 5 6 7,2,0,,0,abs09701
1,6,2,0,,0,abs09702
1,4 5 6 7,2,0,,1,abs09703
0,,,,,0,abs09704
1,5,,0,,0,abs09705
1,5,,0,1,1,abs09706
1,5 6,,0,,0,abs09707
1,2 4 5 6,2,,,0,abs09708
1,4 5 6 7,,0,,0,abs09709
1,5 6,,0,,0,abs09710
1,5,,0,,0,abs09711
1,4 5 6,,0,,1,abs09712
1,4 5 6 7,2,0,,0,abs09713
1,3 4 5 6,2,0,1,1,abs09714
0,,,,,1,abs09715
1,6,,0,,1,abs09716
1,6,,0,,1,abs09717
1,5 6,,0,,0,abs09718
1,4 5 6,,0,,0,abs09719
1,5 6,1,0,,0,abs09720
1,4 5 6,,0,,0,abs09721
1,4 5 6,,0,,0,abs09722
1,5,2,0,,0,abs09723
1,5 6,,0,,0,abs09724
1,4 5,1,0,,0,abs09725
1,6,,0,,0,abs09726
1,4 5,,0,,1,abs09727
1,5,,,,0,abs09728
1,4 5,,0,,0,abs09729
1,4 5 6 7,1,0,,0,abs09730
1,6,,0,,0,abs09731
1,4 5 6,,0,,0,abs09732
0,,,,,0,abs09733
1,3,2,,,0,abs09734
1,5,,0,,0,abs09735
1,4 5 6 7,2,0,,0,abs09736
1,4 5 6,2,0,,0,abs09737
0,,,,,0,abs09738
1,5,1,0,,0,abs09739
1,4 5 6,,0,,1,abs09740
1,5,1,0,1,1,abs09741
1,5 6,1,0,1,0,abs09742
1,4 5 6,2,0,1,1,abs09743
1,5,,0,,0,abs09744
1,5,,0,,0,abs09745
1,4 5 6,2,0,,1,abs09746
1,5,2,0,,1,abs09747
1,5 6,,0,,0,abs09748
1,4 5,,0,,0,abs09749
1,4 5 6,1,0,,0,abs09750
1,4 5,,0,,0,abs09751
1,4 5,,0,,1,abs09752
1,4 5 6,,0,,0,abs09753
1,4 5 6 7,2,0,1,1,abs09754
1,6,2,0,,1,abs09755
1,4 5 6,2,0,,0,abs09756
0,,,,,0,abs09757
1,6,2,0,,1,abs09758
1,6,,0,,1,abs09759
1,4 5 6,,0,,0,abs09760
1,5 6,,0,,1,abs09761
1,6,,0,,1,abs09762
1,6,2,0,,0,abs09763
1,4 5,,0,,0,abs09764
1,6,2,0,,1,abs09765
1,6,,0,,0,abs09766
1,5,,0,,0,abs09767
1,3 4 5 6,2,0,1,1,abs09768
0,,,,,1,abs09769
1,4 5 6,2,0,,0,abs09770
1,6,2,0,,0,abs09771
1,5,,0,,0,abs09772
1,4 6,2,0,,1,abs09773
1,6,2,0,,0,abs09774
1,5 6,,0,,0,abs09775
1,6,,,,1,abs09776
1,6,,0,,0,abs09777
1,4 5,,0,,0,abs09778
1,4 5 6 7,,0,,0,abs09779
1,4 5 6 7,2,0,,0,abs09780
1,5 6,,0,,0,abs09781
1,4,2,,,0,abs09782
1,6,2,0,,0,abs09783
1,2 3 4 5 6,2,0,,1,abs09784
1,4 5 6 7,2,0,,1,abs09785
1,5,,0,,0,abs09786
1,4 5 6,,0,,1,abs09787
1,4 5 6,2,0,,0,abs09788
1,4 5 6,,0,,0,abs09789
1,5,,0,,0,abs09790
1,6,,0,,0,abs09791
1,4 5 6,,0,,1,abs09792
1,4 5,,0,,0,abs09793
1,6,,0,,1,abs09794
0,,,,,0,abs09795
0,,,,,0,abs09796
1,4 5 6,2,0,,0,abs09797
1,4 5 6 7,2,0,,1,abs09798
1,4 5,2,0,,1,abs09799
1,4 5 6,,0,,1,abs09800
1,4 5 6,2,0,,0,abs09801
1,6,,0,,0,abs09802
0,,,,,0,abs09803
1,4 5,,0,,0,abs09804
0,,,,,0,abs09805
1,5,1,0,,0,abs09806
1,3 7,,0,,0,abs09807
1,5,1,0,,1,abs09808
1,5,1,0,,0,abs09809
1,4 5 6,,0,,0,abs09810
1,5 6,,0,,0,abs09811
1,5 6,,0,,0,abs09812
1,4 6,,0,,0,abs09813
0,,,,,1,abs09814
1,6,2,0,,0,abs09815
1,4 5 6 7,,0,,0,abs09816
1,6,,0,,0,abs09817
1,4,,0,,1,abs09818
1,4 5 6 7,,0,,0,abs09819
1,4 5 6,,0,,0,abs09820
1,3,,0,,1,abs09821
1,6,2,0,,0,abs09822
1,6,2,0,,0,abs09823
1,4 5 6,,0,,0,abs09824
1,5,2,0,,0,abs09825
1,1 2,2,34,,0,abs09826
1,5,,0,,0,abs09827
1,4 5,,0,,0,abs09828
1,4 5,,0,,0,abs09829
1,5,,0,,0,abs09830
1,5,,0,,0,abs09831
1,4 5 6,,0,,0,abs09832
1,4 5 6,,0,1,0,abs09833
1,4 5 6,2,0,,0,abs09834
1,4 5 6 7,2,0,,0,abs09835
1,4 5 6 7,,0,,0,abs09836
1,1 2 3 4 5 6,,26,,0,abs09837
1,6,,0,,0,abs09838
1,4 5,,0,,0,abs09839
1,3 7,,0,,1,abs09840
1,5,,0,,0,abs09841
1,4 5 6,,0,,0,abs09842
1,4 5,,0,,0,abs09843
1,5 6,1,0,,0,abs09844
1,4 5,,0,,0,abs09845
1,4 5 6,,0,,0,abs09846
1,4 5 6,,0,,0,abs09847
1,6,,0,,0,abs09848
1,5,1,0,,0,abs09849
1,5 6,1,0,,0,abs09850
1,4 5 6,,0,,0,abs09851
1,4 5 6 7,2,0,,0,abs09852
1,4 5,2,0,1,0,abs09853
1,4 5 6,1,0,,1,abs09854
1,4 6,,0,,0,abs09855
1,4 5,2,14 26,,1,abs09856
1,6,2,0,,1,abs09857
1,4 5 6,,0,,0,abs09858
1,5,,0,,1,abs09859
1,6,,0,,1,abs09860
1,2 4,2,,,0,abs09861
1,4 5 6,,0,,0,abs09862
0,,,,,0,abs09863
1,6,,,,1,abs09864
1,5 6,,0,,0,abs09865
1,5,2,0,,1,abs09866
1,4 5,,0,,0,abs09867
1,5,1,0,,0,abs09868
1,4 5 6,,0,,0,abs09869
1,4 5,,0,,0,abs09870
1,5,2,0,,0,abs09871
0,,,,0,1,abs09872
0,,,,,0,abs09873
1,4 5,,0,,0,abs09874
1,4,,0,,1,abs09875
1,4 5,,0,,0,abs09876
1,2,2,18,,1,abs09877
1,4 6,,0,,0,abs09878
1,5,,0,,0,abs09879
1,4 5 6 7,,0,,0,abs09880
1,3 4 5 6,2,0,,0,abs09881
1,3,,0,,0,abs09882
1,,,,,0,abs09883
0,,,,,0,abs09884
1,6,2,0,,1,abs09885
1,4,,0,,1,abs09886
1,5 6,,0,,0,abs09887
1,4 5,2,0,,1,abs09888
1,4 5,1,0,,0,abs09889
1,5 6,,0,,0,abs09890
1,6,,0,,0,abs09891
1,4 5,2,0,,0,abs09892
1,6,2,0,,0,abs09893
1,4 5,2,,1,1,abs09894
1,4 5,,,,1,abs09895
1,2,,0,,1,abs09896
1,4 5 6,2,0,,0,abs09897
1,5 6,,0,1,1,abs09898
0,,,,,0,abs09899
1,5 6,2,,1,1,abs09900
1,4 5,,0,1,1,abs09901
1,6,2,0,,0,abs09902
1,1 2,2,,,1,abs09903
1,4,2,0,,1,abs09904
1,5 6,,0,,0,abs09905
1,4,2,0,,0,abs09906
1,4 5,1,0,,0,abs09907
1,6,2,0,,0,abs09908
1,4 5 6,,0,,0,abs09909
0,,,,,0,abs09910
1,4 5,,0,,0,abs09911
1,6,,0,,1,abs09912
1,4 5 6,2,0,,0,abs09913
1,4,,0,,0,abs09914
1,4 5 6 7,2,0,,0,abs09915
1,4 5 6,2,0,,1,abs09916
1,,2,,,1,abs09917
1,5,1,0,,0,abs09918
1,4 6,,0,,1,abs09919
1,6,,0,,0,abs09920
1,6,,0,,0,abs09921
1,3,,0,,0,abs09922
1,5 6,1,0,,0,abs09923
1,4 5 6,,0,,1,abs09924
1,5,,,,0,abs09925
1,6,,0,,0,abs09926
1,4 5 6,,0,,0,abs09927
1,4 5 6,2,0,,0,abs09928
1,6,2,0,,0,abs09929
1,,,0,,1,abs09930
1,2,,,1,1,abs09931
1,2,,0,,1,abs09932
1,2,,0,,1,abs09933
1,,,0,,1,abs09934
1,,2,0,,1,abs09935
1,,,0,,1,abs09936
1,1 2,,7,,1,abs09937
1,,,0,,1,abs09938
1,,,0,,1,abs09939
1,0,2,0,,1,abs09940
1,,1,,,1,abs09941
1,,,0,,1,abs09942
1,,1,0,,1,abs09943
1,,,,,1,abs09944
1,1 2,,,1,1,abs09945
1,3,,0,,1,abs09946
1,0,,0,,0,abs09947
1,,2,0,,1,abs09948
0,,,,,1,abs09949
1,,,0,,1,abs09950
1,3,,0,,1,abs09951
1,2,,7 8,,1,abs09952
1,2,2,,,1,abs09953
0,,,,,1,abs09954
1,5,,0,,0,abs09955
1,6,2,,,1,abs09956
1,,,0,,1,abs09957
1,2,2,,,1,abs09958
1,,,,,1,abs09959
1,,2,0,,1,abs09960
0,,,,,1,abs09961
1,,2,0,,1,abs09962
1,2,,12,,1,abs09963
1,2,,,,1,abs09964
1,2,2,,1,1,abs09965
1,6,,0,,0,abs09966
1,,,0,,1,abs09967
1,,2,0,,1,abs09968
1,3,,0,1,0,abs09969
1,1 2,2,,1,1,abs09970
1,6,,0,,1,abs09971
1,1 2,,7,,1,abs09972
1,1 2,,7 26,,0,abs09973
1,,,,1,1,abs09974
1,6,,0,,1,abs09975
1,,2,0,,1,abs09976
1,2 3,,,,1,abs09977
1,,,0,,1,abs09978
1,,2,0,,1,abs09979
1,,2,0,,1,abs09980
1,1 2,2,7,,1,abs09981
1,7,,0,,1,abs09982
1,3,,0,,1,abs09983
1,,2,0,,1,abs09984
1,,,,,1,abs09985
1,1 2,,22,1,1,abs09986
1,,2,0,,1,abs09987
1,,,,,1,abs09988
1,1 2,,7,1,1,abs09989
1,5,1,0,,0,abs09990
1,,,0,,1,abs09991
1,0,2,0,,1,abs09992
0,,,,,1,abs09993
0,,,,,1,abs09994
1,,2,0,,0,abs09995
1,,,0,,1,abs09996
0,,,,,1,abs09997
0,,,,,1,abs09998
1,2,2,7,,1,abs09999
1,1 2,,22,,0,abs10000
1,,,0,,1,abs10001
1,,,0,,1,abs10002
1,,2,0,,1,abs10003
1,6,,0,,1,abs10004
1,,2,0,,1,abs10005
1,,,0,,1,abs10006
1,,,,,1,abs10007
1,3,2,0,,1,abs10008
1,,2,0,,1,abs10009
1,2,,12,,1,abs10010
1,2,,9 30,,1,abs10011
1,,,,,1,abs10012
1,,,0,,1,abs10013
1,,,,,1,abs10014
1,2,,,1,1,abs10015
1,,,0,,1,abs10016
1,1 2,,,1,1,abs10017
1,2,,,,1,abs10018
1,,2,0,,1,abs10019
1,6,2,0,,1,abs10020
1,,2,0,,1,abs10021
1,,2,0,,1,abs10022
1,,2,0,,1,abs10023
1,2,,,,1,abs10024
1,,2,,,1,abs10025
1,,,0,,1,abs10026
1,1 2,,25,,1,abs10027
1,3,,0,,1,abs10028
1,2,,,,1,abs10029
1,3 7,,0,,1,abs10030
0,,,,,1,abs10031
1,,2,0,,1,abs10032
1,3,,0,,1,abs10033
1,2,,,,1,abs10034
1,2,,,,1,abs10035
1,2,,12,,1,abs10036
1,,,,,1,abs10037
1,2,,12,,1,abs10038
1,4 5 6,,,,1,abs10039
1,6,2,0,,1,abs10040
1,2,2,0,,1,abs10041
1,3,,0,,1,abs10042
1,,,0,,1,abs10043
1,4,,0,,1,abs10044
1,2,2,0,,1,abs10045
1,2,,17,,1,abs10046
1,,,,,1,abs10047
0,,,,,1,abs10048
1,2,,0,,1,abs10049
1,5,,0,,0,abs10050
0,,,,,1,abs10051
1,2,,,1,0,abs10052
1,4 5,,,,0,abs10053
1,,,0,,1,abs10054
1,,2,,,1,abs10055
1,2,2,0,,1,abs10056
0,,,,,1,abs10057
1,6,,0,,1,abs10058
1,,,,,1,abs10059
1,2,,,,0,abs10060
0,,,,,1,abs10061
1,,,,,1,abs10062
1,3 5 6,,0,1,0,abs10063
1,2,,,,1,abs10064
1,,,0,,1,abs10065
1,,2,0,,1,abs10066
1,3,1,0,,1,abs10067
1,5 6,2,0,1,0,abs10068
1,4 5,,0,,1,abs10069
1,3,,0,1,1,abs10070
1,,,,,1,abs10071
0,,,,,1,abs10072
1,1 2,,,1,1,abs10073
1,,2,,,1,abs10074
1,,2,0,,1,abs10075
0,,,,,1,abs10076
1,0,2,0,,1,abs10077
1,2,,,,0,abs10078
1,,,,,1,abs10079
1,2,,0,,1,abs10080
1,,2,0,,1,abs10081
1,,,0,,1,abs10082
1,2,2,,,1,abs10083
1,2,2,22,,1,abs10084
1,2,,,,1,abs10085
1,1 2,,,,1,abs10086
1,1 4,,,1,0,abs10087
1,,,,,1,abs10088
1,1 2,,26,,1,abs10089
1,2,,,,1,abs10090
1,1 2,,7,,1,abs10091
1,5,,0,,0,abs10092
0,,,,,1,abs10093
1,3,,0,1,1,abs10094
1,2,2,,,1,abs10095
1,2,,0,,1,abs10096
1,1 2,,,1,1,abs10097
1,3,2,0,,1,abs10098
0,,,,,1,abs10099
1,,2,0,,1,abs10100
1,2,,0,,1,abs10101
1,,,0,,1,abs10102
1,,,0,,1,abs10103
1,6,2,0,,1,abs10104
1,2,,3,,1,abs10105
1,,,0,,1,abs10106
1,,,0,,1,abs10107
1,,,0,,1,abs10108
1,1 2,,,,1,abs10109
1,1 2,,,1,1,abs10110
1,2,2,0,,1,abs10111
1,1 2,,16,,1,abs10112
0,,,,,1,abs10113
1,,2,0,,1,abs10114
1,2,,,,1,abs10115
1,2,,0,,1,abs10116
1,,,,,1,abs10117
1,,2,0,,1,abs10118
1,2,2,,1,1,abs10119
1,6,,0,,1,abs10120
1,,2,0,,1,abs10121
1,2,,12,,1,abs10122
0,,,,,1,abs10123
1,,,0,,1,abs10124
1,2,,15,,1,abs10125
1,,,0,,1,abs10126
1,2 6,,0,,1,abs10127
0,,,,,1,abs10128
1,,2,0,,1,abs10129
1,0,,0,,1,abs10130
1,,2,0,,0,abs10131
1,,,0,,1,abs10132
1,,,0,,1,abs10133
0,,,,,1,abs10134
1,1 2,,,,0,abs10135
1,6,2,0,,1,abs10136
1,,,0,,1,abs10137
1,,2,0,,1,abs10138
1,6 7,,0,,0,abs10139
1,,,0,,1,abs10140
1,2,,,,1,abs10141
1,5,,0,,0,abs10142
1,,2,0,1,0,abs10143
1,,,0,,1,abs10144
1,,,,,1,abs10145
1,,,0,,1,abs10146
1,2,,,,1,abs10147
1,2,,,,1,abs10148
1,,,,,1,abs10149
1,,,0,,1,abs10150
1,2,,0,,1,abs10151
1,0,0,0,,1,abs10152
1,6,,0,,1,abs10153
1,3,,0,,1,abs10154
1,2,,3,,1,abs10155
1,,2,0,,1,abs10156
1,3,,,1,1,abs10157
1,,,0,,1,abs10158
1,,2,0,,1,abs10159
1,6,2,0,,1,abs10160
1,3 6,1,,,0,abs10161
1,1 2 3 5 6 7,,,1,1,abs10162
1,,2,0,,1,abs10163
1,1 3,,,1,1,abs10164
1,2,,0,,1,abs10165
0,,,,,1,abs10166
1,2,,0,,1,abs10167
1,,,0,,1,abs10168
1,6,,,,0,abs10169
1,,2,0,,1,abs10170
1,2,2,,,1,abs10171
0,,,,,1,abs10172
1,,2,0,,1,abs10173
1,,,0,,1,abs10174
1,2,,,,1,abs10175
1,,,0,,1,abs10176
1,2,,,1,1,abs10177
1,2,,,,1,abs10178
0,,,,,1,abs10179
1,2,2,0,,1,abs10180
1,3,2,0,,1,abs10181
1,,2,,,1,abs10182
1,1 2 3 6,,,,1,abs10183
1,,,,,1,abs10184
1,1 2,,,,1,abs10185
1,,,0,,1,abs10186
0,,,,,1,abs10187
1,6,,0,,0,abs10188
1,2,2,0,,1,abs10189
1,,2,,,1,abs10190
1,5,1,0,1,0,abs10191
1,,,0,,1,abs10192
1,,,0,,1,abs10193
1,1 2 3 4 5 6,,,1,0,abs10194
0,,,,,1,abs10195
1,,2,0,,1,abs10196
0,,,,,1,abs10197
0,,,,,1,abs10198
1,,2,0,,1,abs10199
1,3,2,0,1,1,abs10200
1,2,2,,,1,abs10201
1,1 2,,10,,1,abs10202
1,2,,0,,1,abs10203
1,1 2 3,,,,1,abs10204
1,,1,,,1,abs10205
1,,,0,,1,abs10206
1,6,2,0,,1,abs10207
1,,2,0,,1,abs10208
1,,,,,1,abs10209
1,,,,,1,abs10210
1,6,,0,,1,abs10211
1,2,,0,,1,abs10212
1,,2,,,1,abs10213
1,6,2,0,,1,abs10214
1,6,2,0,,1,abs10215
1,,,,,1,abs10216
1,2,,3,,1,abs10217
1,6,,0,,1,abs10218
1,1 2,,,,1,abs10219
1,,2,0,,1,abs10220
1,,2,,,1,abs10221
1,,2,0,,1,abs10222
1,3,,0,1,1,abs10223
1,,,0,,1,abs10224
1,,,0,,0,abs10225
1,,2,0,,1,abs10226
1,2,,,1,1,abs10227
1,2,,,,1,abs10228
1,2,2,12,,1,abs10229
1,,2,,,1,abs10230
1,,2,0,,1,abs10231
0,,,,,1,abs10232
1,1 2,,,,0,abs10233
1,,,0,,1,abs10234
1,,,0,,1,abs10235
1,1 2,,40,,1,abs10236
1,5,,0,,0,abs10237
1,3,,0,,1,abs10238
1,,,,,1,abs10239
1,,,0,,1,abs10240
1,,2,0,,0,abs10241
1,5,2,0,1,0,abs10242
1,,2,0,,1,abs10243
1,2,2,,,1,abs10244
1,,,,,1,abs10245
1,,2,0,,1,abs10246
0,,,,,1,abs10247
1,2,,,,1,abs10248
1,1 2,,,,1,abs10249
1,2,,7,,1,abs10250
1,,,,,1,abs10251
1,2 3,,,,1,abs10252
1,5,1,,1,0,abs10253
1,2,,,,1,abs10254
1,1 2,1,,1,0,abs10255
0,,,,,1,abs10256
1,1 2,,7,1,1,abs10257
1,,2,,,1,abs10258
1,5 6,,0,,0,abs10259
1,3,,0,,1,abs10260
0,,,,,1,abs10261
1,2,,,,1,abs10262
1,,2,0,,1,abs10263
1,1 2,,,,1,abs10264
1,,,,,1,abs10265
0,,,,,1,abs10266
1,0,,0,,1,abs10267
0,,,,,1,abs10268
1,2,2,,,1,abs10269
1,,2,,,1,abs10270
1,6,2,0,,1,abs10271
1,3,2,0,1,1,abs10272
1,1 2 3,,40,,1,abs10273
1,6,,0,,1,abs10274
1,,2,0,,1,abs10275
1,3,2,0,,1,abs10276
1,,2,0,,1,abs10277
1,,2,0,,1,abs10278
1,3,2,0,1,1,abs10279
1,,,,,1,abs10280
1,0,,0,,1,abs10281
1,3,2,0,,0,abs10282
1,,,0,,1,abs10283
0,,,,,1,abs10284
1,2,,,,1,abs10285
0,,,,,1,abs10286
1,0,,0,,1,abs10287
1,,,,,1,abs10288
1,,2,0,,1,abs10289
1,1 2,,,1,1,abs10290
1,,,,,1,abs10291
0,,,,,1,abs10292
1,,,,,1,abs10293
1,2,,0,1,1,abs10294
0,,,,,1,abs10295
1,,2,0,,1,abs10296
1,,,0,,1,abs10297
1,1 2,,,1,1,abs10298
1,2,,,,1,abs10299
1,2,,12,,1,abs10300
0,,,,,1,abs10301
1,1 2,,,,1,abs10302
1,,2,0,,1,abs10303
1,,,0,,1,abs10304
1,,2,0,,1,abs10305
1,1 2,,,1,1,abs10306
1,,2,0,,1,abs10307
1,6,2,0,,1,abs10308
1,3,,,1,1,abs10309
1,6,2,0,,1,abs10310
1,2,,0,,1,abs10311
0,,,,,1,abs10312
1,,2,,,1,abs10313
1,,,,,1,abs10314
1,,2,,1,1,abs10315
1,6,2,0,,1,abs10316
1,2,,12,,1,abs10317
1,2,,12,,1,abs10318
1,3,2,0,,1,abs10319
1,,,,,1,abs10320
0,,,,,1,abs10321
1,2,,,,1,abs10322
1,,,,,1,abs10323
1,3,,0,,0,abs10324
1,,,0,,1,abs10325
1,,2,0,,1,abs10326
1,2,,0,,1,abs10327
1,,2,0,,1,abs10328
1,2 6,,,,1,abs10329
0,,,,,1,abs10330
0,,,,,0,abs10331
1,2,,,,1,abs10332
1,,2,0,,1,abs10333
1,3,,0,1,0,abs10334
1,2,,,,1,abs10335
1,,2,0,,1,abs10336
1,,2,0,,1,abs10337
1,,,,,1,abs10338
1,,,0,,1,abs10339
1,2,,,,1,abs10340
1,6,,,,1,abs10341
1,3,2,0,,1,abs10342
1,,,,,1,abs10343
1,2,,,,1,abs10344
1,2,,0,,1,abs10345
0,,,,,1,abs10346
1,1 2,,41,,1,abs10347
1,0,2,0,,1,abs10348
0,,,,,1,abs10349
1,,,,,1,abs10350
0,,,,,1,abs10351
1,,2,,,1,abs10352
1,,2,0,,1,abs10353
1,,2,0,,1,abs10354
1,2 6,,0,,1,abs10355
1,,,,,1,abs10356
1,,,0,,0,abs10357
0,,,,,1,abs10358
1,3,,0,,0,abs10359
1,1 2,2,,,1,abs10360
1,2,,,,0,abs10361
1,,,0,,1,abs10362
0,,,,,1,abs10363
1,,,0,,1,abs10364
1,1 2,2,7,,1,abs10365
1,2,,0,,1,abs10366
1,,,0,,1,abs10367
1,,,0,,1,abs10368
1,,,,,1,abs10369
1,,,0,1,1,abs10370
1,,2,0,,1,abs10371
1,6,,0,1,1,abs10372
0,,,,,0,abs10373
1,,,0,,1,abs10374
1,,2,0,,1,abs10375
1,3,2,0,,1,abs10376
0,,,,,1,abs10377
1,,,0,,1,abs10378
1,,2,0,,1,abs10379
1,,2,0,,1,abs10380
1,2,,,,1,abs10381
1,,,0,,1,abs10382
1,3,,0,,0,abs10383
0,,,,,1,abs10384
1,,2,0,,1,abs10385
1,,,0,,0,abs10386
1,,2,,,1,abs10387
0,,,,,1,abs10388
1,2,,,,1,abs10389
1,2,,3,,1,abs10390
1,,1,,,1,abs10391
1,2,,,,1,abs10392
1,5,,,,1,abs10393
1,,2,,,1,abs10394
1,,,0,,1,abs10395
1,,1,0,,0,abs10396
1,,,0,,1,abs10397
1,2,2,,,1,abs10398
1,2,,,,1,abs10399
1,,2,0,,1,abs10400
1,2,,,,1,abs10401
1,,,,,1,abs10402
1,1 2,,,,1,abs10403
1,2,,,,1,abs10404
1,6,,0,,1,abs10405
1,2,,0,,1,abs10406
1,6,,,,1,abs10407
1,2,2,,,1,abs10408
1,,2,0,,1,abs10409
1,3,2,0,,1,abs10410
1,,,,1,1,abs10411
1,,,0,,1,abs10412
1,0,2,0,,1,abs10413
1,2,2,,,1,abs10414
0,,,,,1,abs10415
1,2,,,,1,abs10416
1,,2,0,1,1,abs10417
1,5,,0,,0,abs10418
1,,2,0,,1,abs10419
1,2 6,2,,,0,abs10420
1,,2,0,,1,abs10421
1,,2,0,,1,abs10422
1,,,,,1,abs10423
1,6,,0,,0,abs10424
1,1 2,2,40,,1,abs10425
1,0,,0,,1,abs10426
1,,2,,,1,abs10427
1,,,0,,1,abs10428
1,3 6,,0,1,0,abs10429
0,,,,,1,abs10430
1,1 2 3 4 5 6,,,,1,abs10431
1,2,,,,1,abs10432
1,,,0,,1,abs10433
1,3,1,0,,0,abs10434
1,,2,0,,1,abs10435
0,,,,,1,abs10436
1,,,0,,1,abs10437
1,,,,,1,abs10438
1,2 3 6,,,1,1,abs10439
1,,2,0,,1,abs10440
1,2,,,,1,abs10441
1,2,,,,1,abs10442
1,,2,,,1,abs10443
1,2,,,,1,abs10444
1,,2,0,,1,abs10445
1,,2,0,,1,abs10446
1,2,,,,1,abs10447
1,2,,0,,1,abs10448
1,1 2,,,,1,abs10449
1,3,1,,1,1,abs10450
1,2,,,,1,abs10451
1,0,,0,,1,abs10452
1,2,2,3,,1,abs10453
1,2,,,,1,abs10454
1,3,,0,,1,abs10455
1,,2,0,,1,abs10456
1,3,2,0,,1,abs10457
1,,,,,1,abs10458
1,,2,,,1,abs10459
1,1 2,,,,0,abs10460
1,1 2,2,,1,1,abs10461
1,6,1,,,1,abs10462
1,6,,,,1,abs10463
1,,2,0,,1,abs10464
1,2,1,,,0,abs10465
1,2,2,,,1,abs10466
1,,2,0,,1,abs10467
0,,,,,0,abs10468
1,2,,,,1,abs10469
1,,2,0,,1,abs10470
1,,2,0,,1,abs10471
1,,,0,,1,abs10472
1,2,2,,,1,abs10473
1,2,,,,1,abs10474
1,,,0,,1,abs10475
1,2,,,,1,abs10476
1,,2,,,1,abs10477
1,6,,,,1,abs10478
1,6,,0,,1,abs10479
1,1 2 4 5 6,2,,1,1,abs10480
1,2 3 6,,0,,1,abs10481
1,,2,0,,1,abs10482
0,,,,,1,abs10483
1,6,2,0,,1,abs10484
1,,,,1,1,abs10485
1,1 2,,26,,0,abs10486
1,2,,,,0,abs10487
1,2,,22,,0,abs10488
1,5 6,,0,1,0,abs10489
1,3,,,1,1,abs10490
0,,,,,1,abs10491
1,,,0,,1,abs10492
1,,,0,,1,abs10493
1,6,2,0,,1,abs10494
1,2,,,,1,abs10495
1,2,,,,1,abs10496
1,2,,,,1,abs10497
1,,,0,,1,abs10498
1,2,,,,1,abs10499
1,2,2,3,,1,abs10500
0,,,,,1,abs10501
0,,,,,1,abs10502
0,,,,,1,abs10503
1,5,,0,,0,abs10504
0,,,,,1,abs10505
1,,,,,1,abs10506
1,6,,0,,0,abs10507
0,,,,,1,abs10508
1,4 5,,,,1,abs10509
1,,2,0,,1,abs10510
1,,,,,1,abs10511
1,1 2,,,,0,abs10512
1,5 6,,0,,0,abs10513
1,1 2,2,,1,0,abs10514
1,,2,0,,1,abs10515
1,2,2,,,1,abs10516
1,5 6,,0,1,0,abs10517
1,2 3,,,,1,abs10518
1,2,,,,1,abs10519
1,,2,0,,1,abs10520
1,1 2,,7,,1,abs10521
1,,2,0,,1,abs10522
1,5,1,0,,0,abs10523
1,,2,0,,1,abs10524
1,,,0,,0,abs10525
1,5 6,2,0,,0,abs10526
1,1 2,,,,1,abs10527
1,,,0,,1,abs10528
1,0,,0,,1,abs10529
1,6,2,,,1,abs10530
1,4 5 6,,,1,1,abs10531
1,2,,,1,1,abs10532
1,1 2 3,,,1,0,abs10533
0,,,,,1,abs10534
1,0,,0,,1,abs10535
1,,2,0,,1,abs10536
1,2,2,0,,1,abs10537
1,2,,,,1,abs10538
1,,,0,,1,abs10539
1,,,0,,0,abs10540
1,,,,,1,abs10541
1,2,,,1,1,abs10542
1,,,0,,1,abs10543
0,,,,,1,abs10544
1,6,2,0,,1,abs10545
1,1 2,,7,,1,abs10546
1,,,0,,1,abs10547
1,,2,0,,1,abs10548
1,,,0,,1,abs10549
0,,,,,1,abs10550
1,2,,,,1,abs10551
1,1 2,,14,1,0,abs10552
1,,,0,,1,abs10553
1,2,,3,,1,abs10554
1,,2,0,,1,abs10555
1,2,,,,1,abs10556
1,,,0,,1,abs10557
1,,2,0,,1,abs10558
1,,,0,,1,abs10559
1,6,,0,,0,abs10560
0,,,,,1,abs10561
1,2,,,,1,abs10562
1,,,,,1,abs10563
1,,2,0,,0,abs10564
1,1 2,,,,1,abs10565
1,6,,0,,1,abs10566
1,,2,0,,1,abs10567
1,1 2,2,,,1,abs10568
1,,2,,,1,abs10569
1,2,,,1,1,abs10570
0,,,,,1,abs10571
1,2,,,,1,abs10572
1,2,,,,1,abs10573
1,2,,,,1,abs10574
1,,,0,,1,abs10575
1,6,,0,,0,abs10576
1,0,2,0,,0,abs10577
1,,2,0,,1,abs10578
1,2,2,0,,1,abs10579
1,6,2,0,,1,abs10580
1,,,0,,1,abs10581
1,3,,0,,0,abs10582
1,1 2,,,1,1,abs10583
1,1 2,2,26,,1,abs10584
1,3 6,2,0,1,1,abs10585
1,,2,0,,1,abs10586
1,,,0,,1,abs10587
1,,,0,,1,abs10588
1,5 6,,,1,0,abs10589
1,2,,,,1,abs10590
1,2,,,,1,abs10591
1,,,,,1,abs10592
1,1 2,2,10 22,,1,abs10593
1,1 2,,7,,1,abs10594
1,,,0,,1,abs10595
1,3,,,,0,abs10596
1,,2,0,,1,abs10597
1,,2,0,,1,abs10598
1,,2,0,,1,abs10599
1,2,,0,,1,abs10600
1,2,,,1,0,abs10601
1,3,,0,1,1,abs10602
1,,,,,1,abs10603
1,2,,3,,1,abs10604
1,1 2,,,,0,abs10605
0,,,,,1,abs10606
0,,,,,1,abs10607
0,,,,,1,abs10608
1,6,,0,,0,abs10609
1,,,0,,1,abs10610
1,,,,,1,abs10611
1,1 2,,,1,0,abs10612
1,,2,0,,1,abs10613
1,1 2,,,,0,abs10614
1,5 6,,26,,0,abs10615
1,0,,0,,1,abs10616
1,5,,,,0,abs10617
1,2,,,1,1,abs10618
0,,,,,1,abs10619
1,,,0,,0,abs10620
1,,,0,,1,abs10621
0,,,,,1,abs10622
1,1 2,,,1,0,abs10623
0,,,,,1,abs10624
1,5,,0,,0,abs10625
0,,,,,1,abs10626
1,6,,0,1,1,abs10627
1,2,,3,,1,abs10628
1,,,0,,0,abs10629
1,2,,,1,1,abs10630
1,2,,,,1,abs10631
1,,,0,,1,abs10632
1,,,,,1,abs10633
1,2,,15,,1,abs10634
0,,,,,1,abs10635
1,2,,,,1,abs10636
1,,,,,1,abs10637
1,6,,0,,1,abs10638
1,2,2,0,,1,abs10639
0,,,,,1,abs10640
0,,,,,1,abs10641
1,3 6,,0,1,1,abs10642
0,,,,,1,abs10643
1,,2,0,,1,abs10644
1,,,0,,1,abs10645
1,,2,0,,1,abs10646
1,2,,,,1,abs10647
1,3,,,,1,abs10648
1,,,0,,1,abs10649
1,,,,,1,abs10650
1,2,,,,1,abs10651
1,,2,0,,1,abs10652
1,1 2,,,,1,abs10653
1,,,,,1,abs10654
1,,,,,1,abs10655
0,,,,,1,abs10656
1,,2,,,1,abs10657
1,,2,,1,1,abs10658
1,2,,,,1,abs10659
1,2,,,,1,abs10660
1,2,2,0,,1,abs10661
1,,2,0,,1,abs10662
1,6,,0,,0,abs10663
1,2,,,,1,abs10664
1,,,,,1,abs10665
1,3,,0,1,0,abs10666
1,,2,,,1,abs10667
1,6,2,0,,1,abs10668
1,,2,0,,1,abs10669
1,,2,0,,1,abs10670
1,0,2,0,,1,abs10671
1,6,2,0,,1,abs10672
1,,2,,,1,abs10673
1,,2,,,1,abs10674
1,6,2,0,,1,abs10675
1,2,,12,,1,abs10676
1,1 2 5,,,1,0,abs10677
1,2,,,,1,abs10678
1,,2,,,1,abs10679
1,,,,,1,abs10680
1,,,0,,1,abs10681
1,3,,,,1,abs10682
0,,,,,1,abs10683
1,1 2,,,1,1,abs10684
1,5,,0,,0,abs10685
0,,,,,1,abs10686
1,2,,,1,0,abs10687
1,,2,0,,1,abs10688
1,2,,,,1,abs10689
1,2,,,,1,abs10690
1,,2,0,,1,abs10691
1,,2,0,,1,abs10692
1,3,2,0,,0,abs10693
1,2,,,,1,abs10694
1,4 5,1,0,1,0,abs10695
1,2,2,,,1,abs10696
1,3 4 5 6,2,0,1,1,abs10697
1,2,,,,1,abs10698
1,2,,,,1,abs10699
0,,,,,1,abs10700
1,,,,,1,abs10701
1,,,0,,1,abs10702
1,1 2,,40,1,1,abs10703
1,,2,0,,1,abs10704
1,3,,0,1,1,abs10705
1,2,,0,,1,abs10706
1,3,2,0,,1,abs10707
1,,2,0,,1,abs10708
1,,,0,,1,abs10709
1,,2,0,1,1,abs10710
1,5 6,,3,1,1,abs10711
0,,,,,1,abs10712
1,,2,0,,1,abs10713
1,6,2,0,,1,abs10714
0,,,,,1,abs10715
1,2,,,,1,abs10716
1,2,,12,,1,abs10717
1,0,,0,,1,abs10718
1,,,,,1,abs10719
1,3,,0,1,0,abs10720
1,6,2,0,,1,abs10721
1,0,2,0,,1,abs10722
1,1 2,,,,0,abs10723
1,3,,0,,0,abs10724
1,2,2,,,1,abs10725
1,,2,0,,1,abs10726
1,,2,0,,1,abs10727
1,3,,,,1,abs10728
1,2,2,12,,1,abs10729
1,2,,,,1,abs10730
0,,,,,1,abs10731
1,4 5 6,,0,,1,abs10732
1,4 5,,0,,0,abs10733
1,3 7,,0,1,1,abs10734
1,3,,0,1,1,abs10735
1,5,,0,,0,abs10736
1,4 5,2,0,,0,abs10737
1,4 5,1,0,1,1,abs10738
0,,,,,0,abs10739
1,6,,0,,0,abs10740
1,4 5 6,,0,,1,abs10741
1,4 5,2,0,,0,abs10742
1,4 5 6,,0,,0,abs10743
1,5 6,2,0,,0,abs10744
0,,,,,0,abs10745
1,4 5,,0,,0,abs10746
1,4 5 6,,0,,0,abs10747
1,4 5 6,,0,,0,abs10748
1,4 5,2,0,,0,abs10749
1,4 5 6 7,,0,,0,abs10750
1,5 6,1,0,,0,abs10751
1,4 5,,0,,0,abs10752
1,5 6,2,0,,0,abs10753
0,,,,,0,abs10754
0,,,,,1,abs10755
1,4 5,,0,,0,abs10756
1,4 5 6,,0,,1,abs10757
1,5 6,1,0,,0,abs10758
1,5 6,,0,,0,abs10759
1,5,2,0,,0,abs10760
1,4 5,,0,,0,abs10761
1,4 5,,0,1,1,abs10762
1,4,2,0,,1,abs10763
1,4,2,0,,1,abs10764
1,4 5 6,,0,,0,abs10765
1,4 5,1,0,1,1,abs10766
1,3,2,0,,0,abs10767
1,4 5,,0,,0,abs10768
0,,,,1,1,abs10769
1,3,2,0,1,0,abs10770
1,5,,0,,1,abs10771
1,5 6,,0,,0,abs10772
1,6,2,0,,0,abs10773
1,1 2,,,1,0,abs10774
1,5 6,,0,,0,abs10775
1,6,2,0,,0,abs10776
1,4 5,,0,,0,abs10777
1,4 5,,0,,0,abs10778
1,4 5 6,,0,,0,abs10779
1,4 5,,0,,1,abs10780
1,4 5,,0,,1,abs10781
1,6,,0,,1,abs10782
1,4 5 6 7,2,0,,0,abs10783
1,4 5 6,1,0,,0,abs10784
1,3,,0,,1,abs10785
0,,,,,1,abs10786
1,4 5 6,,0,,1,abs10787
1,5,,0,,0,abs10788
1,3,2,0,,0,abs10789
1,4 5 6,2,0,,0,abs10790
1,4 5 6 7,2,0,,0,abs10791
1,4 5 6,,0,1,1,abs10792
0,,,,1,1,abs10793
1,5,,0,,0,abs10794
1,5,,,,0,abs10795
1,5 6,,0,,0,abs10796
1,4 5 6 7,,0,,0,abs10797
1,4 5,1,0,,0,abs10798
1,,2,,,1,abs10799
1,5,,0,,1,abs10800
0,,,,,0,abs10801
1,6,2,0,,0,abs10802
1,5,,0,,0,abs10803
1,4 5 6,,0,,0,abs10804
1,5,1,0,,0,abs10805
1,4,,,,0,abs10806
1,5,,0,1,1,abs10807
1,4 5 6,,0,,0,abs10808
1,6,,0,,0,abs10809
1,5,,0,,0,abs10810
1,4 5,,0,1,1,abs10811
1,4 5 6,,0,,0,abs10812
1,4 5 6,,0,,1,abs10813
1,1 2,,,,0,abs10814
1,4 7,2,0,,1,abs10815
1,5 6,2,0,,0,abs10816
1,3 5,,,,0,abs10817
1,4 5,2,0,,1,abs10818
1,5 6,1,0,,0,abs10819
1,6,2,0,,0,abs10820
1,4 6,,0,,0,abs10821
1,1 2,,,,0,abs10822
1,4 5 6,,0,,0,abs10823
0,,,,,0,abs10824
1,3 7,,0,,0,abs10825
1,4 5 6 7,2,0,1,1,abs10826
0,,,,,0,abs10827
1,5,,0,,0,abs10828
1,6,2,0,,0,abs10829
1,6,,,,0,abs10830
1,3,2,0,1,1,abs10831
1,4 5 6,,0,,1,abs10832
1,4,,,,0,abs10833
1,4 6,2,0,,1,abs10834
1,4 5 6,2,0,,0,abs10835
1,5 6,,0,,0,abs10836
1,3 5,,0,,1,abs10837
1,4 6,,0,,0,abs10838
1,6,,0,,0,abs10839
1,1 2,,,,0,abs10840
1,5,1,0,,0,abs10841
1,4 5 6,2,0,,0,abs10842
1,,2,0,,1,abs10843
1,4 5 6,,,,0,abs10844
1,4 5 6,,0,,0,abs10845
1,5,2,0,,1,abs10846
1,5 6,,0,,0,abs10847
1,4,,0,1,1,abs10848
1,5,,,1,0,abs10849
1,6,2,0,,0,abs10850
1,6,,0,,0,abs10851
1,4 5,,,,0,abs10852
1,4 5,2,0,,0,abs10853
1,5 6,2,0,,0,abs10854
1,4 5,,0,,0,abs10855
0,,,,,1,abs10856
1,4 5 6,,,,1,abs10857
1,4,,0,1,1,abs10858
1,6,,0,,1,abs10859
1,4 5 6,,0,,0,abs10860
1,6 7,,0,,1,abs10861
1,5 6,,0,,0,abs10862
1,6,2,0,,0,abs10863
1,6,,0,,0,abs10864
1,4 5 6,1,0,,1,abs10865
1,4 5 6,,0,,1,abs10866
1,5 6,1,0,,0,abs10867
1,5 6,1,0,,0,abs10868
1,4 6 7,,0,,0,abs10869
1,5 6,,0,,0,abs10870
1,4 5,,,,1,abs10871
1,6,1,0,,1,abs10872
1,,2,0,,0,abs10873
1,4 5,1,0,,0,abs10874
1,5 6,2,,1,0,abs10875
1,5 6,2,0,1,0,abs10876
1,6,1,0,,0,abs10877
1,4 5,,0,,0,abs10878
1,5,,0,,0,abs10879
1,1 2,,7 22,,0,abs10880
1,4 5 6,,0,,1,abs10881
1,4 5,,0,,0,abs10882
1,6,2,0,,0,abs10883
1,4 5,,0,,0,abs10884
1,4 5,,0,,0,abs10885
1,5 6,2,0,,0,abs10886
1,5 6,2,0,,0,abs10887
1,1 2,,,,0,abs10888
1,5 6,1,0,,0,abs10889
1,4 5,1,0,1,0,abs10890
1,4 5,,0,,0,abs10891
1,6,2,0,,0,abs10892
1,5,,,,0,abs10893
1,5,,0,,1,abs10894
0,,,,,0,abs10895
1,5 6,,0,,0,abs10896
1,4 5 6,2,0,,0,abs10897
1,4 5 6,,,,1,abs10898
1,6,2,0,,0,abs10899
1,5 6,1,0,,0,abs10900
1,4 5,1,0,,0,abs10901
1,4 5 6,,14,1,1,abs10902
1,7,2,0,,0,abs10903
1,4 5 6 7,1,0,,0,abs10904
1,4,2,7,,1,abs10905
1,6,2,0,,0,abs10906
1,5,,7,,1,abs10907
1,5 6,,0,1,1,abs10908
1,4 5,1,0,,0,abs10909
1,4 5,2,0,,1,abs10910
1,5,2,0,,0,abs10911
1,4,2,,,1,abs10912
1,4 5,2,0,,1,abs10913
1,,1,,,1,abs10914
1,6,2,0,,0,abs10915
1,6,,0,,1,abs10916
1,3 5 6,2,0,,1,abs10917
1,5 6,,0,,0,abs10918
0,,,,,0,abs10919
1,5,,0,1,1,abs10920
1,5 6,1,0,,0,abs10921
1,4 5,,0,,1,abs10922
1,5,,,,1,abs10923
1,5 6,,0,1,0,abs10924
1,6,2,0,,0,abs10925
1,5,,0,,1,abs10926
1,4 5,1,0,,0,abs10927
1,3 6,,0,,0,abs10928
1,4 5 6,1,0,,1,abs10929
0,,,,,1,abs10930
1,3 6,,0,1,1,abs10931
1,6,2,0,,1,abs10932
1,4 5 6,,0,,0,abs10933
1,4 5,2,18,,0,abs10934
1,4 5 6 7,2,0,,1,abs10935
1,3 4 5,,0,,0,abs10936
1,4 5 6,,0,,0,abs10937
1,5 6,1,0,,0,abs10938
1,6,,0,,0,abs10939
1,4 5,,0,,0,abs10940
1,4 5,1,0,,0,abs10941
1,5,2,0,,0,abs10942
1,4 5 6,,0,,0,abs10943
1,5 6,1,0,,0,abs10944
1,6,,0,,1,abs10945
0,,,,,0,abs10946
1,4 6,2,0,1,1,abs10947
1,4 5,,0,,0,abs10948
1,4 5,,0,1,1,abs10949
1,5,,0,,0,abs10950
1,4 5,,0,,0,abs10951
1,4,2,,,0,abs10952
1,6,2,0,,0,abs10953
0,,,,,0,abs10954
1,4,,0,,1,abs10955
1,3 5 6,,0,,0,abs10956
0,,,,,0,abs10957
1,4 5,2,0,,0,abs10958
1,2 5 6,,,,0,abs10959
1,4 5 6,2,0,,0,abs10960
1,5,,0,,0,abs10961
1,3,,0,,1,abs10962
1,5,1,0,,0,abs10963
1,6,,0,,0,abs10964
1,5 6,,0,,0,abs10965
1,5 6,2,0,,0,abs10966
1,6,,0,,0,abs10967
1,5,,0,,0,abs10968
0,,,,,0,abs10969
1,4 5 6,,18,,1,abs10970
1,5 6,,0,,0,abs10971
1,4 5,1,,,0,abs10972
1,5,1,0,,0,abs10973
1,4 5,,,,1,abs10974
1,4 5,,,,1,abs10975
1,3,,0,,0,abs10976
1,2,,,,0,abs10977
1,5,1,0,,0,abs10978
1,4 5 6,,0,,0,abs10979
1,5 6,2,0,,0,abs10980
1,4 5,,0,,1,abs10981
1,5,,0,,0,abs10982
1,5,2,0,,0,abs10983
1,4 5,,0,,0,abs10984
1,2,2,0,,1,abs10985
1,5 6,2,0,,0,abs10986
1,5 6,,0,,1,abs10987
1,4 5,,0,,0,abs10988
1,4 6,2,0,,0,abs10989
1,6,,,,1,abs10990
1,5 6,2,0,,0,abs10991
1,4 5 6,,0,,0,abs10992
1,5 6,,0,,0,abs10993
1,4 5 6,,0,,0,abs10994
1,5 6,,0,,0,abs10995
1,6,,0,,0,abs10996
1,4 5,,0,1,1,abs10997
1,2 3 4 6,2,,,1,abs10998
1,5,,0,,0,abs10999
1,6,2,0,,0,abs11000
1,4 5 6 7,2,0,,0,abs11001
1,6,,0,,1,abs11002
1,4 5,2,0,,0,abs11003
0,,,,,1,abs11004
1,4 5 6,,0,,0,abs11005
1,5 6,,0,,0,abs11006
1,4 5 6,,0,,0,abs11007
1,5,,0,,0,abs11008
1,4 5 6,,0,,0,abs11009
1,5,,0,,0,abs11010
1,5 6,1,0,,0,abs11011
1,5 6,1,0,,0,abs11012
1,5 6,1,0,,1,abs11013
1,5,,0,1,1,abs11014
1,7,2,0,,0,abs11015
1,3 6,,0,1,0,abs11016
1,4 5,,0,,0,abs11017
1,5,,0,,0,abs11018
1,5,1,0,,0,abs11019
1,4 5 6 7,2,0,1,1,abs11020
1,5,,0,,0,abs11021
1,4 5 6,2,0,,1,abs11022
1,4 5 6,,0,,0,abs11023
1,4 5 6 7,,0,,1,abs11024
0,,,,,1,abs11025
1,4 5 6 7,2,0,,0,abs11026
1,5 6,2,0,,0,abs11027
0,,,,,0,abs11028
0,,,,,1,abs11029
1,6,2,0,,0,abs11030
1,4 5 6,,0,,0,abs11031
1,6,,0,,0,abs11032
1,5 6,,0,,0,abs11033
1,4,2,18,,1,abs11034
1,4 5,,0,,0,abs11035
0,,,,,0,abs11036
1,1 2,,28,,1,abs11037
1,6,2,,,0,abs11038
1,4 5,2,0,,1,abs11039
1,4 5,2,,,1,abs11040
0,,,,,0,abs11041
1,5 6,,0,,0,abs11042
1,4 5 6,,,,0,abs11043
1,5 6,1,0,,0,abs11044
1,6,2,0,,0,abs11045
1,5 6,2,0,,0,abs11046
1,3,,0,,0,abs11047
1,5 6,,0,,0,abs11048
1,5 6 7,,0,,1,abs11049
1,5,,0,,0,abs11050
1,5,1,0,,0,abs11051
1,6,,0,,0,abs11052
1,,,0,,1,abs11053
1,5,,0,,0,abs11054
1,4 5 6,,,,1,abs11055
1,4 5,2,0,,0,abs11056
1,4 5,,0,,0,abs11057
1,4 5 6,2,0,,0,abs11058
1,5,,0,,1,abs11059
1,2 6,,0,1,1,abs11060
1,4 5 6,1,0,,0,abs11061
1,4 5,,0,,0,abs11062
1,6,2,0,1,1,abs11063
1,6,,0,,1,abs11064
1,4 5,2,0,1,1,abs11065
1,4 5 6,2,0,,0,abs11066
1,4 5,2,,,1,abs11067
1,2,,,,1,abs11068
1,4 5 6,,0,,0,abs11069
1,4 5,2,0,,0,abs11070
1,5 7,2,0,,0,abs11071
1,4 5,,0,,0,abs11072
1,5 6,2,0,,0,abs11073
1,4 5 6 7,,0,,0,abs11074
1,6,,0,,1,abs11075
1,4 5,2,0,,1,abs11076
1,5,1,0,,1,abs11077
1,2,2,9,,1,abs11078
1,4 5 6,,0,,1,abs11079
1,4 5 6,1,0,,0,abs11080
1,2 3 4 5 6,,,,1,abs11081
1,5 6,1,0,,0,abs11082
1,6,,0,,0,abs11083
1,5 6,,0,,0,abs11084
1,6,2,0,,0,abs11085
1,2 3 4 5 6,,,1,1,abs11086
1,4 5,,0,1,0,abs11087
1,6,,0,,0,abs11088
0,,,,,1,abs11089
1,4 5 6,2,0,,0,abs11090
1,,2,0,,1,abs11091
0,,,,,0,abs11092
1,3,,,,1,abs11093
1,4 5,2,0,1,1,abs11094
1,4,2,0,1,1,abs11095
0,,,,,0,abs11096
1,4,,0,,0,abs11097
0,,,,,1,abs11098
1,4 5,2,,,0,abs11099
1,4 5,2,0,,0,abs11100
1,5,,0,,0,abs11101
1,3 4 5 6,2,0,,0,abs11102
1,6,,0,,0,abs11103
1,4 5 6,2,0,,0,abs11104
1,4 5 6,,0,,0,abs11105
1,5 6,1,0,1,0,abs11106
1,5 6,,0,,0,abs11107
1,1 2 6,,28,,0,abs11108
1,4 5,1,,,1,abs11109
1,6,1,0,,0,abs11110
1,5 6,,0,,0,abs11111
1,6,2,0,,0,abs11112
1,4 5 6,,0,,0,abs11113
1,4 5,,0,,0,abs11114
1,4 5,,0,,0,abs11115
1,5,1,0,,0,abs11116
1,4 5 6,2,0,,0,abs11117
1,5,,0,,0,abs11118
1,5 6,,0,,0,abs11119
1,5,,0,,0,abs11120
1,5,,0,,0,abs11121
1,5 6,2,0,,0,abs11122
1,5 6,,0,,0,abs11123
1,4 5 6,,0,,1,abs11124
1,4,,0,,1,abs11125
1,6,1,0,,0,abs11126
1,4 5 6,2,0,,0,abs11127
1,6,2,0,,0,abs11128
1,5 6,2,0,,0,abs11129
1,4,,0,,1,abs11130
1,1 2,,,,0,abs11131
1,4,2,0,,1,abs11132
1,4 6,,18,,1,abs11133
1,4 5,2,0,,1,abs11134
1,4,,0,,0,abs11135
1,5 6,2,0,,0,abs11136
1,7,,0,,1,abs11137
1,4 5 6,,0,,0,abs11138
1,4 5,2,,,0,abs11139
1,5,1,0,,0,abs11140
1,6,2,0,,0,abs11141
1,4 5 6,2,0,,1,abs11142
1,5 6,2,0,,0,abs11143
1,5 6,,0,,0,abs11144
1,5 6,1,0,,0,abs11145
1,4 5 6,,0,,0,abs11146
1,6,1,0,,0,abs11147
1,5 6,1,0,,0,abs11148
1,5 6,,0,,0,abs11149
0,,,,,0,abs11150
1,4 5 6,1,0,,1,abs11151
1,5 6,,0,,0,abs11152
1,1 2,,,,0,abs11153
1,6,,,,1,abs11154
1,5 6,,0,,0,abs11155
1,5,,0,,0,abs11156
1,4 5,2,0,,0,abs11157
1,4 5 6,2,0,,0,abs11158
0,,,,,0,abs11159
1,5 6,1,0,,0,abs11160
1,4 5 6,2,,,0,abs11161
1,6,,0,,0,abs11162
1,4 5 6,,0,,0,abs11163
1,4 5,,0,,0,abs11164
1,4 5 6,1,0,,0,abs11165
1,5 6,,0,,0,abs11166
1,5 6,,0,,0,abs11167
1,5,1,,,0,abs11168
0,,,,,0,abs11169
1,,2,0,,0,abs11170
1,5 6,,0,,0,abs11171
1,4 5,1,0,,0,abs11172
1,4 5,,0,,0,abs11173
1,3 5 6,1,0,1,0,abs11174
1,1 2 6,,,1,0,abs11175
1,4 6,2,0,,0,abs11176
1,4,,,,0,abs11177
1,5 6,,0,,0,abs11178
1,5 6,,0,,0,abs11179
1,4 5,1,0,,0,abs11180
1,4 5,2,,1,0,abs11181
1,4,2,0,,1,abs11182
1,5,,0,,0,abs11183
1,5,,0,,0,abs11184
0,,,,,0,abs11185
1,4 5 6,,0,,1,abs11186
0,,,,,0,abs11187
1,5,,0,1,1,abs11188
1,5,,0,,0,abs11189
1,6,2,0,,0,abs11190
1,1 2,2,40,,0,abs11191
1,5,,0,,0,abs11192
1,5,1,0,,0,abs11193
1,3 6,,0,,0,abs11194
1,6,,0,,0,abs11195
1,4 5,1,0,,0,abs11196
1,4 5 6 7,,0,,1,abs11197
1,5 6,,0,,0,abs11198
1,5 6,,0,,0,abs11199
1,5 6,,0,,1,abs11200
0,,,,,1,abs11201
1,5,1,0,,0,abs11202
1,6,2,0,,0,abs11203
1,5,,0,,0,abs11204
1,4 5 6,,0,,0,abs11205
1,5,,0,,0,abs11206
0,,,,,1,abs11207
1,3 5 6,,0,,0,abs11208
1,5 6,,0,,0,abs11209
1,5 6,2,0,,0,abs11210
1,5,,0,1,0,abs11211
1,5,,0,,0,abs11212
1,6,2,0,,0,abs11213
1,5,,0,,0,abs11214
1,5 7,,0,,0,abs11215
1,3,2,0,,0,abs11216
0,,,,,1,abs11217
1,6,2,0,,0,abs11218
1,5 6,2,0,,0,abs11219
1,5,1,0,,0,abs11220
1,5,2,0,,1,abs11221
1,4 5,2,0,,1,abs11222
1,4 5,2,0,,1,abs11223
1,4 5,2,0,,1,abs11224
1,5,,0,,0,abs11225
1,3,,,1,1,abs11226
1,5,2,0,,0,abs11227
1,4 5,2,0,,0,abs11228
1,4 5,,0,,0,abs11229
1,4 5 6,2,0,,0,abs11230
1,2 4 5 6,,,1,1,abs11231
0,,,,,0,abs11232
1,6,2,0,,1,abs11233
1,4 5,,,,1,abs11234
1,0,2,0,,0,abs11235
1,6,2,0,,0,abs11236
1,5,1,0,,0,abs11237
1,1 2,,7,,0,abs11238
1,4 5 6,2,0,,0,abs11239
1,5 6,,0,,0,abs11240
1,5 6,,0,,0,abs11241
1,4 5 6,,0,,0,abs11242
1,4 5 6,,0,,0,abs11243
0,,,,,0,abs11244
1,6,2,0,,0,abs11245
0,,,,,0,abs11246
1,4 5 6,2,0,,0,abs11247
1,3 7,,,1,0,abs11248
1,4 5,,,,1,abs11249
1,5 6,,0,,0,abs11250
1,6,2,0,,0,abs11251
1,5,1,0,,0,abs11252
0,,,,,1,abs11253
1,5,,0,,0,abs11254
1,5,,0,,0,abs11255
1,5 6,1,0,,0,abs11256
1,4 5 6,,0,,0,abs11257
1,5 6,,0,,0,abs11258
0,,,,,0,abs11259
1,5,1,0,1,1,abs11260
1,6,,0,,0,abs11261
1,5,2,0,,0,abs11262
1,5 6,,0,,0,abs11263
1,6,2,0,,0,abs11264
1,4 5 6,1,0,,0,abs11265
1,6,,0,,1,abs11266
1,5,1,0,,0,abs11267
1,3 6,1,0,1,1,abs11268
1,6,,0,,0,abs11269
1,5 6,2,0,,0,abs11270
1,5 6,1,0,,0,abs11271
1,5,1,0,,0,abs11272
1,4 5,,0,,0,abs11273
1,4 5,,0,,0,abs11274
1,5,1,0,1,0,abs11275
1,4 6,,0,,0,abs11276
1,5 6,1,0,,0,abs11277
1,4 5 6,,0,,1,abs11278
1,4,,,,1,abs11279
0,,,,,1,abs11280
1,6,1,,1,1,abs11281
1,5 6 7,2,0,,0,abs11282
0,,,,,0,abs11283
1,4 5 6,2,0,,0,abs11284
1,6,,0,,0,abs11285
1,5,1,0,,0,abs11286
1,6,2,0,,0,abs11287
1,5,1,0,,1,abs11288
1,4 5 6,2,0,,0,abs11289
1,1 2,,,1,0,abs11290
1,4 5,,0,,0,abs11291
1,4 5 6,,0,,0,abs11292
1,5 6,2,0,,0,abs11293
1,4 5 6,,0,,1,abs11294
1,4 5,2,0,,0,abs11295
1,4 5,,0,,0,abs11296
0,,,,,0,abs11297
1,5,,0,,0,abs11298
1,5,1,0,,0,abs11299
1,,2,,,0,abs11300
1,4 5 6,1,0,,0,abs11301
1,6,,0,,0,abs11302
1,5 6,,0,,0,abs11303
1,5,,0,,0,abs11304
1,5 6,,0,,0,abs11305
1,4 5,,0,,0,abs11306
1,5,,0,,0,abs11307
1,4 5 6,,0,1,1,abs11308
1,5 6,,0,,0,abs11309
1,5 6,2,0,,0,abs11310
1,4 5 6,,0,,0,abs11311
1,5 6,1,0,,0,abs11312
1,1 2,,,1,0,abs11313
1,4 5 6 7,,0,,0,abs11314
0,,,,,1,abs11315
1,6,,0,,0,abs11316
1,5 6,2,0,,0,abs11317
1,4 5 6,2,0,,0,abs11318
1,4 5 6,2,0,,0,abs11319
1,5 6,,0,,0,abs11320
0,,,,,0,abs11321
1,5,1,0,,0,abs11322
1,4 5,,0,,1,abs11323
1,4 5,1,0,,0,abs11324
1,6,,0,,0,abs11325
1,6,1,0,,0,abs11326
1,5 6,,0,,0,abs11327
1,4 5 6,,0,,0,abs11328
0,,,,,1,abs11329
1,5 6,1,0,1,0,abs11330
1,4 5 6,,0,,1,abs11331
1,,,0,,0,abs11332
1,4 5 6,,0,,0,abs11333
1,6,1,,,1,abs11334
1,6,,0,,0,abs11335
1,4 5,2,0,,1,abs11336
1,5 6,2,0,,0,abs11337
1,5 6,,0,,0,abs11338
1,5 6,,0,,0,abs11339
1,4 5 6,,0,,0,abs11340
1,4 5,1,0,,1,abs11341
1,6,2,0,,0,abs11342
1,4 5,2,0,,1,abs11343
1,4 5 6,,0,,0,abs11344
1,5,,0,,0,abs11345
1,5,,0,,1,abs11346
1,5,,0,,0,abs11347
1,5 6,,0,,0,abs11348
1,4 5,,0,,0,abs11349
1,2 4 5 6,,12,,1,abs11350
1,5,1,0,,1,abs11351
1,4 5,2,0,,0,abs11352
1,4 5 6,2,0,,0,abs11353
1,4 5 6,,0,,0,abs11354
1,6,2,0,,0,abs11355
1,4 5,2,0,1,1,abs11356
1,4 5 6,,0,,0,abs11357
1,4 5 6,,0,,0,abs11358
1,4 5,,0,,0,abs11359
1,4 5 6,2,0,,0,abs11360
1,4 5,2,0,,1,abs11361
1,5 6,,0,,0,abs11362
0,,,,,0,abs11363
1,4 5,1,0,,0,abs11364
1,4 5,,0,,1,abs11365
1,6,2,0,,0,abs11366
1,4 7,,0,,0,abs11367
1,6,,0,,1,abs11368
1,5 6,,0,,0,abs11369
1,5 6,2,0,1,0,abs11370
1,6,2,0,,1,abs11371
1,2,,,,1,abs11372
1,4 5,2,0,1,1,abs11373
1,4 5 6,,0,,0,abs11374
1,4 5,2,26,,1,abs11375
1,4 5 6,2,0,,1,abs11376
1,6 7,,0,,0,abs11377
1,5,,0,,0,abs11378
1,4 5 6,,0,,0,abs11379
1,4 5,2,0,,0,abs11380
1,5,,0,,0,abs11381
0,,,,,1,abs11382
1,5,,0,,1,abs11383
1,6,,0,,0,abs11384
1,3,,0,,0,abs11385
1,3,,0,1,1,abs11386
1,6,2,0,,0,abs11387
1,5 6,,0,,0,abs11388
1,5,,,,0,abs11389
1,5,,0,,0,abs11390
1,4 5 6,2,0,,0,abs11391
1,5 6,,0,,0,abs11392
1,5,1,0,,0,abs11393
1,4 6,2,0,,0,abs11394
1,5,1,0,,1,abs11395
1,4 5,2,0,,0,abs11396
1,4 5 6,2,0,,0,abs11397
1,6,,0,,0,abs11398
1,4 5,,0,,0,abs11399
1,4,,0,,1,abs11400
1,6,,0,,1,abs11401
1,4 5 6,,0,,0,abs11402
1,5,,0,,0,abs11403
1,7,2,,,1,abs11404
1,4 5 6,2,0,,1,abs11405
1,5,,0,,0,abs11406
1,4 5 6,,0,,0,abs11407
1,4 5 6,2,0,,1,abs11408
1,5,,0,,0,abs11409
1,4 6,,0,,0,abs11410
1,4,,0,,1,abs11411
0,,,,,0,abs11412
1,4 5,,0,,0,abs11413
1,5,,0,,0,abs11414
0,,,,,0,abs11415
1,4 5 6,,0,,1,abs11416
1,5,,0,,0,abs11417
1,4 5,,0,,0,abs11418
1,4 5,,0,,0,abs11419
1,6,2,0,,1,abs11420
0,,,,,1,abs11421
1,5,2,0,,0,abs11422
1,5 6,2,0,,0,abs11423
1,4 5 6,2,0,,0,abs11424
1,5,,0,,0,abs11425
1,4 5 6,2,0,,0,abs11426
1,4 5 6 7,2,0,,0,abs11427
1,5 6,,0,,0,abs11428
1,2,,,,1,abs11429
1,5,1,0,,0,abs11430
1,5,,0,,0,abs11431
1,4 5 6,,0,,0,abs11432
1,5 6,1,0,,0,abs11433
1,5 6,,0,,0,abs11434
1,6,,0,,0,abs11435
1,4 5,1,0,1,0,abs11436
1,5,,15,,0,abs11437
1,6 7,,0,,0,abs11438
1,5 6,1,,,1,abs11439
1,6,2,0,,0,abs11440
1,4 5 6,,0,,0,abs11441
1,3,,0,1,1,abs11442
1,6,,0,,0,abs11443
1,3 6,,0,,0,abs11444
1,4 5 6,1,0,,0,abs11445
1,4 5 6 7,,0,,0,abs11446
1,5 6,1,0,,1,abs11447
1,5,1,0,,0,abs11448
1,4 5,1,0,,0,abs11449
1,4,,0,0,1,abs11450
1,5,,0,,0,abs11451
1,5,1,0,,0,abs11452
1,5,1,0,1,0,abs11453
1,6,2,0,,1,abs11454
1,5 6,2,0,,0,abs11455
1,4 6,,0,,0,abs11456
1,4 6 7,2,0,,1,abs11457
0,,,,,0,abs11458
0,,,,,0,abs11459
1,5,1,0,,0,abs11460
1,4 5,,0,,0,abs11461
1,7,1,0,,1,abs11462
1,5,,0,,0,abs11463
1,6,,0,,0,abs11464
1,5 6,,0,,0,abs11465
1,4 5 6 7,2,0,,0,abs11466
1,4 5 6,,0,,0,abs11467
1,4 5,2,0,,0,abs11468
0,,,,,0,abs11469
0,,,,,0,abs11470
1,5,2,0,,0,abs11471
1,4 5,,0,,0,abs11472
1,4 6,,0,,0,abs11473
1,5,1,0,,0,abs11474
1,4 5 6 7,,0,,0,abs11475
1,4 6,,0,,0,abs11476
1,4,,,,1,abs11477
1,4 5,1,,,0,abs11478
1,5 6,,0,,0,abs11479
1,5 6,,0,,1,abs11480
1,4 5,1,0,,0,abs11481
1,6,,0,,1,abs11482
1,5,,0,,0,abs11483
1,5,,0,,0,abs11484
1,5,,0,,0,abs11485
1,5,,0,,0,abs11486
1,6,,0,,1,abs11487
1,6,,0,,0,abs11488
1,5,,0,,0,abs11489
1,4,,0,,1,abs11490
1,1 2 3 4 5 6,,,1,0,abs11491
1,6,2,0,,0,abs11492
1,4 5 6 7,2,0,,0,abs11493
1,5 7,2,0,,0,abs11494
1,4 5 6,2,0,,0,abs11495
1,4 5 6,,0,,0,abs11496
1,4 5,,0,,0,abs11497
1,3 5,,0,1,1,abs11498
1,4 5 6 7,1,,1,1,abs11499
1,6,2,0,,0,abs11500
1,4 5,1,0,,0,abs11501
0,,,,,0,abs11502
1,,,0,,1,abs11503
1,6,,0,,1,abs11504
1,4 5 6,,0,,1,abs11505
1,5,1,0,,1,abs11506
1,4 5 6 7,2,0,,0,abs11507
1,5,2,0,,0,abs11508
1,5 6,,0,,0,abs11509
1,6,2,0,,1,abs11510
1,4 5,,0,,0,abs11511
1,4 5 6,1,0,,0,abs11512
1,4 5 6,1,0,,0,abs11513
1,4 5 6,,0,,0,abs11514
1,5 6,2,0,1,1,abs11515
0,,,,,0,abs11516
1,6,2,0,,0,abs11517
1,4 6,2,0,,0,abs11518
1,3,2,0,1,1,abs11519
1,4 5 6,,0,,0,abs11520
0,,,,,0,abs11521
0,,,,,0,abs11522
1,6,2,0,,0,abs11523
1,6,,0,,1,abs11524
1,6,,0,,0,abs11525
1,6,2,0,,1,abs11526
1,4 5,,0,,0,abs11527
1,4 5 6,,0,,0,abs11528
1,6,,0,,0,abs11529
0,,,,,0,abs11530
1,5,1,0,,0,abs11531
1,5,,0,,0,abs11532
1,4 5 6,2,,,0,abs11533
1,6,,0,,0,abs11534
1,5,,0,,0,abs11535
1,4 5 6,2,0,,0,abs11536
1,4 5 6,,0,,0,abs11537
0,,,,,0,abs11538
1,5,,,,0,abs11539
1,6,2,0,,1,abs11540
1,5 6,,0,1,1,abs11541
1,4 5 6,2,0,,0,abs11542
1,4 5,,0,,0,abs11543
1,5 6,2,0,,0,abs11544
1,4 5 6,2,0,,0,abs11545
1,4 5,1,0,,0,abs11546
1,5,,,,1,abs11547
1,5,2,0,,0,abs11548
1,5,2,0,,0,abs11549
1,6,2,0,,0,abs11550
1,5,,0,,0,abs11551
1,4 5,,,1,1,abs11552
1,6,,0,,0,abs11553
1,5 6,,0,,0,abs11554
1,6,,0,,1,abs11555
1,6,,0,,0,abs11556
1,4 5 6,2,0,,1,abs11557
1,4,2,0,,0,abs11558
1,5 6,,0,,0,abs11559
1,6,,0,,1,abs11560
1,4 6,,,,0,abs11561
1,5 6,,0,,0,abs11562
1,6,2,0,,1,abs11563
1,6,2,0,,0,abs11564
1,5 6,,0,,0,abs11565
1,6,,0,,0,abs11566
1,4 5,,0,,1,abs11567
1,6,,0,,0,abs11568
0,,,,,0,abs11569
0,,,,,1,abs11570
1,5,,0,,0,abs11571
1,4 5,1,0,,0,abs11572
1,6,,0,,0,abs11573
1,4,,0,,0,abs11574
1,4 5 6 7,2,0,,0,abs11575
1,1 2 4 5 6,,0,,1,abs11576
1,5,,0,1,1,abs11577
1,1 2,,,,1,abs11578
1,6,2,0,,0,abs11579
1,4 5,,0,,0,abs11580
1,4 6 7,,0,,0,abs11581
1,4 5 6,,0,,0,abs11582
1,5 6,,0,,0,abs11583
1,5,,0,,0,abs11584
1,2,,14 26,,0,abs11585
1,3 5,,0,,0,abs11586
1,4 5 6,,0,,0,abs11587
1,5,,0,,0,abs11588
1,4 5 6,2,0,,0,abs11589
1,1 5,,,,0,abs11590
1,6,2,0,,0,abs11591
1,6,2,0,,0,abs11592
1,4 5 6,,0,,0,abs11593
1,4 5 6,,0,,1,abs11594
1,4 5,,0,,1,abs11595
1,6,2,0,,0,abs11596
1,6,2,0,,0,abs11597
1,4 5,2,,,1,abs11598
1,3 4,2,0,,0,abs11599
1,5 6,1,,,0,abs11600
1,5,,0,,0,abs11601
1,5,2,0,,1,abs11602
1,4 5 6 7,2,0,,0,abs11603
1,2,,0,,1,abs11604
1,4 5 6,,0,,1,abs11605
1,4 5 6,,0,,0,abs11606
1,4 5,,0,,0,abs11607
1,3 4 5 6,2,0,,0,abs11608
1,6,,0,,0,abs11609
1,2,2,18,,1,abs11610
1,7,,0,,1,abs11611
1,3 4 5,2,0,,0,abs11612
1,5,,0,,1,abs11613
0,,,,,0,abs11614
1,5,1,0,,0,abs11615
1,5,,0,,0,abs11616
1,5 6,2,0,,0,abs11617
1,4 5 6,2,,,0,abs11618
1,4 5,2,0,,0,abs11619
1,6,2,0,,0,abs11620
1,6,,,,0,abs11621
1,4 5 6,2,0,,1,abs11622
1,4,2,0,,0,abs11623
1,5 6,,0,,0,abs11624
1,3,,0,,0,abs11625
1,4 5,,0,,0,abs11626
1,6,2,0,,0,abs11627
1,4,2,0,1,1,abs11628
1,6,,0,,0,abs11629
1,5,,0,,0,abs11630
1,5 6,1,0,,1,abs11631
1,5,2,0,,0,abs11632
0,,,,,0,abs11633
1,5 6,1,0,,0,abs11634
1,4 5,,0,,0,abs11635
1,5,1,0,,0,abs11636
1,4 5,,0,,0,abs11637
1,5 6,1,0,,0,abs11638
1,5,,0,,0,abs11639
1,5 6,,0,,0,abs11640
1,6,,0,,0,abs11641
1,6,2,0,,0,abs11642
1,4 5 6,2,0,,1,abs11643
1,5 6,,0,,0,abs11644
1,4 5,,0,,0,abs11645
1,2,,,,0,abs11646
1,5,,0,,0,abs11647
1,4 5,1,0,,1,abs11648
1,5,,0,,0,abs11649
1,5 6,2,0,1,1,abs11650
1,4 5,,0,1,1,abs11651
1,4,2,18,,1,abs11652
1,5 6,1,0,1,0,abs11653
1,4 5,,0,,0,abs11654
1,6,2,26,,0,abs11655
0,,,,,0,abs11656
1,6,2,0,,0,abs11657
1,6,2,0,,0,abs11658
1,6,2,0,,0,abs11659
1,4 5 6,,0,,0,abs11660
1,4 6,,,1,1,abs11661
1,6,,0,,1,abs11662
1,4 6,2,0,,0,abs11663
1,4 5,1,0,1,1,abs11664
1,5,0,0,,0,abs11665
1,4 5,,0,,0,abs11666
1,4 5 6,2,0,,0,abs11667
1,4 5 6,1,0,,0,abs11668
1,6,2,0,,0,abs11669
1,4 5 6,,,,0,abs11670
0,,,,,0,abs11671
1,5,,0,,0,abs11672
1,5,2,0,,0,abs11673
1,5,,0,,0,abs11674
1,4 5 6,2,0,,0,abs11675
0,,,,,0,abs11676
1,4 5,,0,,0,abs11677
1,4 6,,0,,1,abs11678
1,5 6,,0,,0,abs11679
1,5 6,,0,,0,abs11680
1,4 5 6,,0,1,1,abs11681
1,5,1,0,,0,abs11682
1,6,2,0,,1,abs11683
1,5 6,,,,0,abs11684
1,4 5 6 7,,0,,0,abs11685
1,5 6,2,0,,0,abs11686
1,5 6,1,0,,0,abs11687
1,4 5,2,0,,0,abs11688
1,4 5,1,,,1,abs11689
1,5,,0,,1,abs11690
0,,,,,0,abs11691
1,5 6 7,2,0,,0,abs11692
1,4 5,1,0,,0,abs11693
1,5 6,,0,,0,abs11694
1,7,2,0,,1,abs11695
0,,,,,1,abs11696
1,5,1,0,,0,abs11697
1,6,,0,,0,abs11698
1,5,,0,,0,abs11699
1,5 6,2,0,,0,abs11700
1,5 6,2,0,,0,abs11701
1,5,1,0,,0,abs11702
1,4 5 6,,0,,1,abs11703
1,5,1,0,,1,abs11704
0,,,,,0,abs11705
1,4 5 6,2,0,,0,abs11706
1,4 5 6,,0,,0,abs11707
1,4 5,2,0,,0,abs11708
1,6,,0,,0,abs11709
1,4 5 6,2,0,,1,abs11710
1,4,,0,,0,abs11711
1,4 6,2,0,,0,abs11712
1,6,,0,,0,abs11713
1,5 6,2,0,,0,abs11714
1,5,,0,,0,abs11715
1,6,,0,,0,abs11716
1,5,2,0,,1,abs11717
1,4 6 7,2,0,,1,abs11718
1,5 6,,0,,0,abs11719
1,5,,0,,0,abs11720
1,4 5,2,0,,0,abs11721
1,4,,0,,1,abs11722
1,6,,0,,0,abs11723
1,4 5,,,,0,abs11724
0,,,,,0,abs11725
1,4 5 6,,0,,0,abs11726
1,4 5 6,,0,,1,abs11727
1,5 6,,0,,0,abs11728
1,6,2,0,,0,abs11729
1,5,,0,,0,abs11730
1,6,2,0,,1,abs11731
1,4 5,,0,,0,abs11732
1,5,,0,,0,abs11733
1,4 5 6,,0,,0,abs11734
1,5,1,0,,0,abs11735
1,6,,0,,0,abs11736
0,,,,,1,abs11737
1,1 2,,7,,0,abs11738
0,,,,,1,abs11739
1,4 5,2,0,,0,abs11740
1,4,2,0,,1,abs11741
1,6,,0,,0,abs11742
1,5 6,,0,,0,abs11743
1,6,,24,,0,abs11744
1,5 6,1,0,,0,abs11745
1,2 6,,0,,1,abs11746
1,4,,0,,1,abs11747
1,6,,0,,0,abs11748
1,5,,,,1,abs11749
1,6,,0,,0,abs11750
0,,,,,1,abs11751
1,5,1,0,1,1,abs11752
1,5 6,1,0,,0,abs11753
1,5,1,0,,0,abs11754
1,4 5,,0,,0,abs11755
1,6,,0,,0,abs11756
1,4 6,2,0,,1,abs11757
1,6,1,0,,0,abs11758
1,5,,0,,0,abs11759
1,4 6,,0,,0,abs11760
1,6,2,0,,0,abs11761
1,6,,0,,1,abs11762
1,,,0,,0,abs11763
1,4 5 6,2,0,,0,abs11764
1,5,0,0,,0,abs11765
0,,,,,0,abs11766
1,6,2,0,,0,abs11767
1,5,,0,,0,abs11768
1,5,,0,,0,abs11769
1,6,,0,,0,abs11770
1,5,,0,,0,abs11771
1,2,2,,,1,abs11772
1,4 5,1,,,0,abs11773
1,5,,0,,0,abs11774
1,,,,,1,abs11775
1,4 5,,0,,0,abs11776
1,5 6 7,,0,,0,abs11777
1,6,2,0,,0,abs11778
0,,,,,0,abs11779
1,5 6,,0,,1,abs11780
1,4 5 6,,0,,0,abs11781
1,5 6,2,0,,0,abs11782
0,,,,,0,abs11783
1,5,,0,,0,abs11784
1,6,,0,,0,abs11785
1,4 5 6 7,2,0,,0,abs11786
1,5,1,0,,0,abs11787
1,7,2,0,,1,abs11788
1,6,2,0,,0,abs11789
1,6,2,0,,0,abs11790
1,6,,,,1,abs11791
1,4 5 6,,0,,0,abs11792
1,5 6,,0,,0,abs11793
1,5,,0,,0,abs11794
1,5 6,,0,,0,abs11795
1,4 5,,0,,1,abs11796
1,4 5,,0,,0,abs11797
1,7,,0,,0,abs11798
1,4 5,,0,,0,abs11799
1,4 5 6,,0,,0,abs11800
1,5,,0,,0,abs11801
1,4 5 6,2,0,,0,abs11802
1,6,2,0,,0,abs11803
1,4 5,1,0,1,1,abs11804
0,,,,,0,abs11805
1,3,,0,1,0,abs11806
1,1 2,2,,1,1,abs11807
1,5,,0,,0,abs11808
1,4 5,2,0,,0,abs11809
1,6,,0,,0,abs11810
1,4 5,1,0,,0,abs11811
1,5 6,,0,,0,abs11812
1,4 5 6,1,0,,0,abs11813
1,5,1,0,1,0,abs11814
1,5 6,,0,,0,abs11815
1,,2,0,,1,abs11816
1,,2,,,0,abs11817
1,5,,0,,0,abs11818
1,4 5,,0,,0,abs11819
1,4 5,,0,,0,abs11820
1,5 6,1,0,,0,abs11821
1,4 5,1,0,,0,abs11822
1,7,2,0,,1,abs11823
1,0,2,0,,0,abs11824
1,5 6,,0,,0,abs11825
1,5 6 7,,0,,1,abs11826
1,6,,0,,1,abs11827
0,,,,,0,abs11828
1,4 5,,0,,0,abs11829
1,4 5 6,2,,,0,abs11830
1,4 5,,0,,0,abs11831
1,5 6,1,0,,0,abs11832
1,5 6,,,,0,abs11833
1,4 5 6,,0,,0,abs11834
1,4 5 6,1,0,,0,abs11835
1,6,,0,,0,abs11836
1,5,,0,,0,abs11837
1,1 2,,,,0,abs11838
0,,,,,0,abs11839
1,4 5 6,,0,,0,abs11840
1,3 4 5,2,0,,0,abs11841
1,6,1,,,0,abs11842
1,6,2,0,,0,abs11843
1,3 6,,0,,0,abs11844
1,2,2,,,1,abs11845
1,6,,0,,0,abs11846
1,4 5,,0,,0,abs11847
1,1 2,,,,0,abs11848
1,4 5 6 7,2,0,,0,abs11849
1,4 5,1,0,,0,abs11850
0,,,,,0,abs11851
1,4 5,,,,1,abs11852
1,4 5 6,,0,,0,abs11853
1,4 5 6,2,0,,1,abs11854
1,4 6,,0,,0,abs11855
1,5 6,1,0,,0,abs11856
1,5 6,,0,,0,abs11857
1,5 6,,0,,0,abs11858
1,6,,0,,0,abs11859
1,4 5,2,0,,0,abs11860
1,4 5 6,2,0,,0,abs11861
1,5,1,0,1,0,abs11862
1,4 5,,0,,0,abs11863
1,1 2,,,,1,abs11864
1,5 6,2,0,,0,abs11865
1,4 5 6,,0,,0,abs11866
0,,,,,1,abs11867
1,5 6,,0,,0,abs11868
1,4 5 6,2,0,,0,abs11869
1,4 5 6,,0,,0,abs11870
1,3 4 5 6,,0,,1,abs11871
1,4 5 6,,0,,0,abs11872
1,4 5 6,,0,,0,abs11873
1,4 5,,0,,0,abs11874
1,4 5 6,,0,,0,abs11875
1,4 5 6,,0,,0,abs11876
1,5 6,2,0,,0,abs11877
1,6,2,0,,1,abs11878
1,4 5,,0,,1,abs11879
0,,,,,0,abs11880
1,4 5 6,2,0,,0,abs11881
1,5 6,,0,,0,abs11882
1,4 5,1,0,,0,abs11883
1,6,2,0,,0,abs11884
1,5,2,0,,0,abs11885
1,4,2,0,,1,abs11886
0,,,,,0,abs11887
1,4 5 6,2,,,0,abs11888
1,6,,0,,0,abs11889
1,5 6,,,,0,abs11890
1,3,1,0,,0,abs11891
1,4 5 6,2,0,,0,abs11892
1,4 5,2,,,0,abs11893
1,4 5,2,0,,0,abs11894
1,,2,0,,0,abs11895
1,4 5,,18,,0,abs11896
1,4 5,,0,,1,abs11897
1,5,1,0,,0,abs11898
1,4,,0,,0,abs11899
1,4 5 6,,0,,0,abs11900
1,5,,0,,0,abs11901
1,6,,0,,0,abs11902
1,6,2,0,,0,abs11903
1,4 5,,0,,0,abs11904
1,3,2,0,,0,abs11905
1,4 5,2,0,,1,abs11906
1,5 6,2,0,,0,abs11907
1,4,2,12,,1,abs11908
1,4 5 6,2,0,,0,abs11909
1,5,1,0,,0,abs11910
1,5 6,,0,,0,abs11911
1,4 5,,0,1,1,abs11912
1,4 5,,0,,0,abs11913
1,6,2,0,,0,abs11914
1,4 5,,0,,0,abs11915
1,4 5,,0,,0,abs11916
1,5,,0,,0,abs11917
1,4 5,2,0,1,1,abs11918
1,4 5 6,,0,,0,abs11919
1,5,,0,,0,abs11920
1,5 6,2,0,,0,abs11921
1,4 5 6 7,,0,,0,abs11922
1,3 5,,0,,0,abs11923
1,5 7,2,0,,0,abs11924
1,2,,,,1,abs11925
1,4 5,2,0,,1,abs11926
0,,,,,0,abs11927
1,5 6,,0,,0,abs11928
1,4 5 6,2,0,,0,abs11929
1,5,,0,,0,abs11930
1,5,,0,,0,abs11931
1,6,,0,,0,abs11932
1,3,,,1,1,abs11933
1,5,,0,,0,abs11934
1,4 5 6,2,0,,0,abs11935
1,4 5 6,,0,,0,abs11936
1,6,,0,,0,abs11937
1,4 5 6,2,0,,0,abs11938
1,4 5 6,,0,,0,abs11939
1,4,2,0,,0,abs11940
1,5 6,1,0,,0,abs11941
1,5 6,2,0,,0,abs11942
1,4 5,,0,,0,abs11943
1,4 5,,0,,0,abs11944
1,5 6,,0,,0,abs11945
1,4 5 6,,,1,1,abs11946
1,4 5,2,18,,1,abs11947
0,,,,,1,abs11948
1,6,2,0,,0,abs11949
1,5,,0,1,0,abs11950
1,4 5 6 7,,,,0,abs11951
1,5,,0,,0,abs11952
1,5,,0,,0,abs11953
1,6,,,,0,abs11954
1,6,2,0,,0,abs11955
1,5 6,,0,,0,abs11956
1,5 6,2,0,,0,abs11957
1,5 6,,0,,0,abs11958
1,,2,0,,0,abs11959
0,,,,,1,abs11960
1,5,,0,,0,abs11961
1,2,,,,0,abs11962
1,5,,0,,0,abs11963
0,,,,,0,abs11964
1,6,2,0,,0,abs11965
1,4 5 6,,0,,0,abs11966
0,,,,1,0,abs11967
1,0,,0,,0,abs11968
1,5 6,1,0,,1,abs11969
1,4 5,,0,1,1,abs11970
1,6,2,0,,1,abs11971
1,5 6,1,0,,0,abs11972
1,1 2,,,,0,abs11973
0,,,,,0,abs11974
1,4 5,,0,1,1,abs11975
1,4 5,,0,,0,abs11976
1,6,2,0,,0,abs11977
0,,,,,1,abs11978
1,5 6,,0,,0,abs11979
1,6,2,0,,0,abs11980
1,4 5,,0,,0,abs11981
1,5 6,,0,,1,abs11982
1,5 6,,0,,0,abs11983
1,4 5 6,,0,,1,abs11984
1,5,,0,,0,abs11985
1,5,1,0,,0,abs11986
1,5 6,,0,,0,abs11987
1,5,,0,,0,abs11988
1,5 6,,0,,0,abs11989
1,5,,16,,1,abs11990
0,,,,,0,abs11991
1,5 6,2,0,,0,abs11992
0,,,,,0,abs11993
1,6,,0,,1,abs11994
1,2 5 6,,,,0,abs11995
1,4 6,,0,,1,abs11996
1,5,,0,,0,abs11997
1,5,,0,,1,abs11998
1,5 6,,0,,0,abs11999
0,,,,,0,abs12000
1,4 5,2,0,,1,abs12001
1,4 5,2,0,,1,abs12002
1,5,1,0,,0,abs12003
1,4 5 6,1,0,,0,abs12004
1,5,1,0,,0,abs12005
1,4 5 6,2,0,,0,abs12006
1,5 6,1,0,,0,abs12007
1,4 5,1,0,,0,abs12008
1,6,2,0,,0,abs12009
1,4 5 6,,,,1,abs12010
1,4,,0,,1,abs12011
1,5 6,,0,,0,abs12012
1,4 5 6,2,0,,0,abs12013
1,5,,0,,0,abs12014
1,7,2,0,,0,abs12015
1,4 6,,0,,0,abs12016
1,4 5 6,,0,,0,abs12017
1,3 6,,0,,0,abs12018
1,,,,,0,abs12019
1,6,2,0,,0,abs12020
1,5 6,,0,,0,abs12021
1,6,2,0,,0,abs12022
1,4 5 6,,0,,0,abs12023
1,4 5,,0,,0,abs12024
1,6,2,0,,0,abs12025
1,4 5 6,,0,,0,abs12026
1,5,,0,,0,abs12027
1,4 5,1,0,1,0,abs12028
1,5 6,2,0,,0,abs12029
1,5 6,1,0,,0,abs12030
1,6,,0,,0,abs12031
1,4 5,2,0,,0,abs12032
1,1 2,,,,0,abs12033
1,5,,0,,0,abs12034
1,4,2,,,0,abs12035
1,6,,0,,0,abs12036
1,4 5,2,0,,1,abs12037
1,4 5,,0,,0,abs12038
0,,,,,0,abs12039
0,,,,,0,abs12040
1,5,,0,,0,abs12041
0,,,,,0,abs12042
1,7,,0,,1,abs12043
1,5,1,0,,0,abs12044
1,4 5,1,0,,0,abs12045
1,3 6,,0,,0,abs12046
0,,,,,0,abs12047
1,4 5 6,2,0,,0,abs12048
1,5,,0,,0,abs12049
1,5,1,0,,0,abs12050
1,3,,0,,0,abs12051
1,1 2,,,,0,abs12052
1,4 5 6,,0,,0,abs12053
1,5 6,1,0,,0,abs12054
1,4 5,1,0,,0,abs12055
1,5,,0,,0,abs12056
1,4 5,,0,,0,abs12057
1,6,2,0,,0,abs12058
1,5 6,,0,,0,abs12059
1,3 5,,0,1,0,abs12060
1,4 5 6 7,1,0,,0,abs12061
1,6,2,0,,0,abs12062
1,5 6,,0,,0,abs12063
1,4 5,,0,,0,abs12064
1,4 5,,0,,1,abs12065
1,7,,0,,0,abs12066
1,4 5,,0,,0,abs12067
1,5 7,,0,,0,abs12068
0,,,,,0,abs12069
1,6,,0,,0,abs12070
1,6,2,0,,0,abs12071
1,6,,0,,0,abs12072
1,5 6,,0,,0,abs12073
1,6,,0,,0,abs12074
1,4 5 6,,0,,1,abs12075
1,5 6,,0,,0,abs12076
1,5,,0,,0,abs12077
1,4 6,,0,,1,abs12078
1,6,,0,,0,abs12079
1,5,,0,,1,abs12080
1,6,1,0,,1,abs12081
1,4 5 6 7,,0,,0,abs12082
1,6,,0,,0,abs12083
1,6,,0,,0,abs12084
0,,,,,1,abs12085
1,5 6,,0,,0,abs12086
1,4 5,,0,,0,abs12087
1,4 5,1,0,1,0,abs12088
1,4 5 6,,0,,0,abs12089
1,3,,0,,0,abs12090
1,4 5,,0,,0,abs12091
1,5,1,0,,0,abs12092
1,6,2,0,,0,abs12093
1,4 5,,0,,1,abs12094
1,4 5,2,0,,0,abs12095
0,,,,,0,abs12096
1,4 5,,0,,0,abs12097
1,5 6,,0,,0,abs12098
1,5,,0,,0,abs12099
1,4 5,,0,,0,abs12100
1,5,,0,,0,abs12101
1,5,,0,,0,abs12102
1,5 6 7,,0,,0,abs12103
1,4 5 6,,0,,0,abs12104
1,5,,0,,0,abs12105
1,4 5 6,,0,,0,abs12106
1,6,,0,,0,abs12107
0,,,,,0,abs12108
1,5 6 7,2,0,,0,abs12109
1,4 6,,,,1,abs12110
0,,,,,0,abs12111
1,1 2,,22,,0,abs12112
0,,,,,0,abs12113
1,4 5 6,1,0,,0,abs12114
1,5,2,0,,0,abs12115
1,5,,0,,0,abs12116
1,,,0,,0,abs12117
1,3,2,0,,0,abs12118
0,,,,,0,abs12119
1,6,2,0,,0,abs12120
1,5,,0,,0,abs12121
1,1 2 3,,,1,0,abs12122
1,4 5,,0,,0,abs12123
1,5 6,,0,,0,abs12124
1,5,2,0,,0,abs12125
1,1 2,,,,0,abs12126
0,,,,,0,abs12127
1,5 6,,0,,0,abs12128
1,5 6,,0,,0,abs12129
1,5,,0,,0,abs12130
0,,,,,0,abs12131
1,2,,,,1,abs12132
1,5,,0,,0,abs12133
1,6,,0,,1,abs12134
1,4 5 6,,0,,1,abs12135
1,4 5 6,2,0,,0,abs12136
1,4 5 6,2,0,,1,abs12137
1,4 5,,0,,0,abs12138
1,4 5,2,0,,0,abs12139
1,4 5 6,2,0,,0,abs12140
1,4 5,,0,,0,abs12141
1,4 5,,0,,0,abs12142
0,,,,,0,abs12143
1,6,2,0,,0,abs12144
0,,,,,0,abs12145
1,5 6,2,0,,0,abs12146
1,5 7,,0,,0,abs12147
1,6,2,0,,0,abs12148
1,5 6,2,0,,0,abs12149
0,,,,,0,abs12150
1,4 5 6,2,0,,0,abs12151
1,4 5 6,1,0,,1,abs12152
1,1 2,2,9,,1,abs12153
1,5,2,0,,0,abs12154
1,6,2,0,,0,abs12155
1,5,,0,,1,abs12156
0,,,,,0,abs12157
1,4 5 6,,0,,0,abs12158
1,6,,0,,0,abs12159
1,5,,0,,0,abs12160
1,4 5,1,0,,0,abs12161
1,4 5,1,0,,0,abs12162
1,5 6,2,0,,0,abs12163
1,3,,0,,0,abs12164
1,4 5,,0,,0,abs12165
1,5,,0,,0,abs12166
1,0,,0,,0,abs12167
1,5,1,0,1,0,abs12168
1,5 6,,0,,0,abs12169
1,4 5,2,0,,0,abs12170
1,4 5,,0,,1,abs12171
1,5 6,,0,,1,abs12172
1,4 5 6 7,1,0,,1,abs12173
1,6,2,0,,0,abs12174
1,4 5 6,,0,,1,abs12175
1,6 7,,0,,0,abs12176
1,5,,0,,0,abs12177
1,5,1,0,1,0,abs12178
1,6,,0,,1,abs12179
1,5 6,2,0,,0,abs12180
1,4 5 6,,0,,0,abs12181
1,5,,0,,0,abs12182
1,6,2,0,,0,abs12183
1,6,,0,,0,abs12184
1,4 5,2,,1,1,abs12185
1,6,,0,,0,abs12186
1,6,2,0,,0,abs12187
1,5 6,,0,,0,abs12188
1,4 5,2,0,,0,abs12189
1,4 5,,0,1,0,abs12190
1,5,,0,,0,abs12191
1,6,,0,,1,abs12192
1,5 6,,0,1,1,abs12193
1,4 5,2,0,,1,abs12194
1,4 5,1,0,1,1,abs12195
1,4 6,,0,,1,abs12196
0,,,,,1,abs12197
1,,2,0,,0,abs12198
1,6,,0,,0,abs12199
1,5 6,,0,,0,abs12200
1,4 5,,0,,0,abs12201
1,7,,0,,0,abs12202
1,5,,0,,0,abs12203
1,5 6,1,0,,0,abs12204
1,4 5,,0,,0,abs12205
1,6,2,0,,1,abs12206
1,6,,0,,1,abs12207
1,5 6,,0,,0,abs12208
1,5,,0,,1,abs12209
0,,,,,0,abs12210
1,5,1,0,1,0,abs12211
1,5,,0,,0,abs12212
1,6,2,0,,0,abs12213
1,4 5,2,0,,0,abs12214
1,4 5,,0,,0,abs12215
1,5,,0,,0,abs12216
1,5 6,,0,,0,abs12217
1,5 6,1,0,,0,abs12218
1,5,,0,,0,abs12219
1,5,,0,1,0,abs12220
1,3,,0,,0,abs12221
1,4 5 6,1,0,,0,abs12222
1,6,1,0,,0,abs12223
1,4 5,1,0,,0,abs12224
1,4 5 6,,0,,0,abs12225
1,5,,0,,0,abs12226
1,5,,0,,0,abs12227
1,4 6,,0,1,1,abs12228
1,5 6,,0,,0,abs12229
1,6,2,0,,0,abs12230
1,6,2,0,,0,abs12231
1,1 2,,,1,0,abs12232
1,6,,0,,1,abs12233
1,5,,0,,0,abs12234
1,4 5,,0,,0,abs12235
1,4 5,,0,1,1,abs12236
0,,,,,1,abs12237
1,5 6,1,0,1,0,abs12238
1,3,,0,,1,abs12239
1,6,,0,,1,abs12240
1,6,2,0,,0,abs12241
1,4 5,1,0,1,1,abs12242
1,5,,0,1,0,abs12243
1,5 6,,0,,0,abs12244
0,,,,,1,abs12245
1,6,2,0,,0,abs12246
1,1 2 3 4 5 6,2,0,,0,abs12247
1,5,,0,,0,abs12248
0,,,,,1,abs12249
1,6,2,0,,0,abs12250
1,5,2,0,,0,abs12251
1,6,2,0,,0,abs12252
1,4 5,,0,,0,abs12253
1,5 6,2,0,,0,abs12254
0,,,,,0,abs12255
1,4 5,,0,,0,abs12256
1,3 5 6 7,1,0,1,1,abs12257
1,4 5,,0,,0,abs12258
1,5,,0,,0,abs12259
1,5,,0,,0,abs12260
1,2,2,,,0,abs12261
1,4 5,,0,,0,abs12262
1,5 6,,0,,0,abs12263
1,5,2,0,,0,abs12264
1,4 5,2,0,,0,abs12265
1,5,,0,,0,abs12266
1,4 5,1,0,,0,abs12267
1,4 5,,0,1,0,abs12268
1,4 5,,0,,0,abs12269
1,5 6,,0,,0,abs12270
1,4 5 6,,0,,0,abs12271
0,,,,,1,abs12272
1,6,2,0,,0,abs12273
1,4 5,,0,,0,abs12274
1,4 5,,0,,0,abs12275
1,5,1,0,,0,abs12276
1,4,1,0,,0,abs12277
1,4 5,,0,,0,abs12278
1,4 5 6,,0,,0,abs12279
1,4 5,1,0,,0,abs12280
1,6,2,0,,0,abs12281
1,4 5,,16,,1,abs12282
1,6,,0,,0,abs12283
1,4 5 6 7,,0,,0,abs12284
0,,,,,1,abs12285
1,5,,0,,0,abs12286
1,4 5 6,,0,,0,abs12287
1,3,,0,,0,abs12288
1,,2,,,1,abs12289
1,4,,0,,0,abs12290
1,5,2,0,,0,abs12291
1,3 7,2,0,1,0,abs12292
1,5 6,2,0,,0,abs12293
1,3 5,,0,1,0,abs12294
1,5 6,2,0,,0,abs12295
1,5,,0,,0,abs12296
0,,,,,0,abs12297
1,5 6,2,0,,0,abs12298
1,5 6,,0,,0,abs12299
1,2 4 7,2,16,,1,abs12300
1,6,2,0,,1,abs12301
1,4 5,1,0,,0,abs12302
1,4 5,,0,,0,abs12303
1,4 5 6 7,,0,,0,abs12304
1,5 6,1,0,,0,abs12305
1,4 5 6,,0,,1,abs12306
1,4 5 6,2,0,,0,abs12307
1,5 6,1,0,,0,abs12308
1,4 5,,0,,0,abs12309
1,5 6,,0,,0,abs12310
1,5 6,1,0,,1,abs12311
1,4 5,1,0,,0,abs12312
1,4,,0,,1,abs12313
1,5,,0,,1,abs12314
1,6,,,,1,abs12315
1,5 6,2,0,1,0,abs12316
1,4 5,,0,,0,abs12317
1,5 6,2,0,,0,abs12318
1,5,1,0,,1,abs12319
1,1 4 5 6,2,0,,1,abs12320
1,4 5 6,,0,,0,abs12321
1,4 5,1,0,,0,abs12322
1,5,,0,,0,abs12323
1,5,,0,1,1,abs12324
1,5 6,,0,,0,abs12325
1,6,,0,,0,abs12326
1,4 5,,0,,0,abs12327
1,4 5 6,,0,,0,abs12328
1,5,,0,,0,abs12329
1,4 5,2,0,,1,abs12330
1,3 6,,0,1,1,abs12331
1,4 5 6,2,0,,1,abs12332
1,6,2,0,,0,abs12333
1,4 5 6,,0,,0,abs12334
1,4 5,2,0,1,1,abs12335
1,5 6,,0,,0,abs12336
1,4,,0,,1,abs12337
0,,,,,0,abs12338
1,5 6,,0,,0,abs12339
1,5,,0,,0,abs12340
1,6,,0,,0,abs12341
1,4 5 6,2,0,,0,abs12342
1,6,2,0,,0,abs12343
1,4 5 6,,0,,0,abs12344
1,6,,0,,1,abs12345
0,,,,,0,abs12346
1,4 5 6,2,0,,1,abs12347
1,4 5 6,,0,,0,abs12348
1,6,2,0,,0,abs12349
1,5 6,,0,,0,abs12350
1,4 5,,0,,0,abs12351
0,,,,,0,abs12352
1,5,2,0,,0,abs12353
0,,,,,0,abs12354
1,7,,0,,0,abs12355
1,4 5,1,0,,0,abs12356
0,,,,,0,abs12357
1,5,,0,,0,abs12358
1,6,,0,,0,abs12359
1,4 5 6 7,,0,,0,abs12360
1,5,,0,,0,abs12361
1,5 6,,0,,0,abs12362
1,4 5,2,0,,0,abs12363
0,,,,,1,abs12364
0,,,,,1,abs12365
1,6,2,0,,0,abs12366
1,6,,0,,0,abs12367
1,6 7,2,0,,0,abs12368
1,4 5,,0,,1,abs12369
1,5 6,,0,,0,abs12370
0,,,,,0,abs12371
1,4 5,,0,,0,abs12372
1,4 5 6,2,0,,0,abs12373
1,4 5 6,2,0,,0,abs12374
1,6,,0,,0,abs12375
1,5,2,0,,0,abs12376
0,,,,,0,abs12377
1,5 7,,0,,0,abs12378
1,4 5,2,0,,1,abs12379
1,5 6,,0,,0,abs12380
1,4 5 6,2,0,,0,abs12381
1,,2,,,1,abs12382
1,6,2,0,,0,abs12383
1,1 2 3,,7,,0,abs12384
1,6,2,0,,0,abs12385
1,5 6,,0,,0,abs12386
1,3,2,0,,0,abs12387
1,5,,0,,0,abs12388
1,6,,0,,0,abs12389
1,6,,0,,0,abs12390
1,4 5 6,,0,,0,abs12391
1,5 6,,0,,0,abs12392
1,5,,0,,0,abs12393
1,3 4 5 6,2,0,,0,abs12394
1,3,,0,,1,abs12395
1,5,1,0,,0,abs12396
1,6,,0,,0,abs12397
1,5,,0,,0,abs12398
1,5,,0,,0,abs12399
1,5,,0,,0,abs12400
1,6,2,0,,0,abs12401
1,5,,0,,0,abs12402
1,5,1,0,,0,abs12403
0,,,,,0,abs12404
1,4 5 6,2,0,,1,abs12405
1,6,1,0,,1,abs12406
1,4 5 6,,0,,0,abs12407
1,6,2,0,,0,abs12408
1,4 5,,0,,0,abs12409
1,4 5,,,,1,abs12410
1,5 6,,0,,0,abs12411
1,4 5 6,,0,,1,abs12412
1,1 2,,,1,0,abs12413
1,4 5,2,0,,1,abs12414
1,4 5 6,2,0,,0,abs12415
1,6,2,0,,0,abs12416
1,6,2,0,,0,abs12417
1,3 5,,0,,0,abs12418
1,4 6,2,0,,1,abs12419
1,5 6,2,0,,0,abs12420
1,,2,0,,0,abs12421
1,5,1,0,1,1,abs12422
1,4 6,,0,,0,abs12423
1,4 5 6,,0,,0,abs12424
1,4 6,2,0,,0,abs12425
0,,,,,0,abs12426
1,5,,0,,0,abs12427
1,4 6,,0,,0,abs12428
1,4 5,2,0,,0,abs12429
1,5 6,,0,,0,abs12430
1,4 5,2,0,,0,abs12431
1,4 5 6,2,0,,0,abs12432
1,4 5,1,0,1,0,abs12433
1,6,2,0,,0,abs12434
1,4 5 6,,26,,1,abs12435
1,5 6,,0,,0,abs12436
1,6,,0,,0,abs12437
1,5,1,0,,0,abs12438
1,4 5,1,0,,0,abs12439
1,5,1,0,,0,abs12440
1,1 2 3,1,,1,1,abs12441
1,6,,0,,0,abs12442
1,4 6,2,0,,0,abs12443
1,4 5 6,2,0,,1,abs12444
1,4 5 6,2,0,,0,abs12445
1,6,2,0,,0,abs12446
1,4 5 6,2,0,,0,abs12447
1,5,,0,,1,abs12448
1,4,2,0,,1,abs12449
1,4 5 6 7,2,0,,1,abs12450
1,4 5,1,0,,0,abs12451
1,6 7,,0,,0,abs12452
1,5 6,2,0,,0,abs12453
1,4 6,,0,,1,abs12454
1,5 6,,0,,0,abs12455
1,5,,0,,0,abs12456
1,4 6,2,0,,0,abs12457
1,6,,0,,0,abs12458
1,6,2,0,,0,abs12459
0,,,,,0,abs12460
1,4,,0,,0,abs12461
1,4 5,2,0,,0,abs12462
1,4 5 6 7,,0,,1,abs12463
1,5,2,,,0,abs12464
1,5 6,2,0,,0,abs12465
1,5 6,2,0,,0,abs12466
1,1 2 5 6,2,,1,0,abs12467
0,,,,,0,abs12468
1,3,,0,1,0,abs12469
1,4 5 6,2,0,,0,abs12470
1,5,2,0,,0,abs12471
1,5 6,,0,,0,abs12472
0,,,,,0,abs12473
1,5,,0,,0,abs12474
1,5,,0,,0,abs12475
1,5,,0,,0,abs12476
1,5,,0,,0,abs12477
1,4 5 6,2,0,,0,abs12478
1,5,,0,,0,abs12479
0,,,,,0,abs12480
1,5,1,0,,0,abs12481
1,6,,0,,0,abs12482
1,5,2,0,,1,abs12483
1,5,1,0,1,0,abs12484
1,6,2,0,,0,abs12485
1,4 5,,0,,0,abs12486
1,4 5,,0,,0,abs12487
0,,,,,0,abs12488
1,4 5 6,,0,,0,abs12489
1,4 5,1,0,,1,abs12490
1,5,2,0,,0,abs12491
0,,,,,1,abs12492
1,5 6,2,0,,1,abs12493
1,5,,0,,0,abs12494
1,6,2,0,,0,abs12495
1,4 5 6,2,0,,0,abs12496
1,6,,,,0,abs12497
1,4 6,2,0,,1,abs12498
1,5,,0,,0,abs12499
1,5,,0,,0,abs12500
0,,,,,0,abs12501
1,0,,0,,0,abs12502
1,5,,0,,0,abs12503
1,4 5,,0,,1,abs12504
1,3,,0,,0,abs12505
1,5 6,,0,,0,abs12506
1,5,,0,,0,abs12507
1,6,2,0,,0,abs12508
1,6 7,2,0,,0,abs12509
1,4 5,,0,,0,abs12510
1,4 5 6,,0,,0,abs12511
1,4 5 6,,0,,0,abs12512
1,4 5 6,,0,,0,abs12513
1,5 6,,0,,0,abs12514
1,5,,0,1,1,abs12515
0,,,,,0,abs12516
1,5,1,0,,0,abs12517
0,,,,,1,abs12518
1,5 6,,0,,0,abs12519
0,,,,,1,abs12520
1,4,2,,,0,abs12521
1,1 2,,,,0,abs12522
0,,,,,0,abs12523
1,5 6,2,0,,0,abs12524
1,5 6 7,,0,,0,abs12525
1,5,1,0,,0,abs12526
1,5,1,0,,0,abs12527
1,5 6,2,0,,0,abs12528
1,4 5 6,1,0,1,0,abs12529
1,4 5,1,0,,0,abs12530
1,6,2,0,,0,abs12531
1,5,1,0,,0,abs12532
1,4 5 6,,0,,0,abs12533
1,4 5,,0,,1,abs12534
1,3,,0,,0,abs12535
1,5,,0,,0,abs12536
1,4 5 6,1,0,,0,abs12537
1,1 2 5 6,1,,,0,abs12538
1,4 5 6 7,,0,,0,abs12539
1,5 6,,0,,0,abs12540
0,,,,,0,abs12541
1,1 2,,,,0,abs12542
1,1 2,,,1,1,abs12543
1,6,2,,,1,abs12544
1,5,,0,,0,abs12545
1,4 5,1,0,,0,abs12546
1,4 5,,28,,1,abs12547
1,5 6,,0,,0,abs12548
1,6,,,,0,abs12549
1,5 6,1,0,,0,abs12550
1,6,2,0,,0,abs12551
1,1 2,,22,1,0,abs12552
1,4 7,,,,0,abs12553
1,1 2,,,,0,abs12554
0,,,,,1,abs12555
1,6,,0,,0,abs12556
1,6,2,0,,0,abs12557
1,6,,0,,0,abs12558
1,2,,,,0,abs12559
1,4 5,,0,,0,abs12560
1,4 5,1,0,,0,abs12561
1,7,,0,,0,abs12562
0,,,,,0,abs12563
1,5,,0,,0,abs12564
1,5 6,,0,,0,abs12565
1,2,2,0,,0,abs12566
1,5,,0,,0,abs12567
1,4 5 6,2,0,,0,abs12568
1,5 6,2,0,,0,abs12569
1,5 6,2,0,,1,abs12570
1,2,,18,,1,abs12571
1,5,,0,,0,abs12572
0,,,,,0,abs12573
1,6,2,0,,0,abs12574
1,4 5,,0,1,1,abs12575
0,,,,1,1,abs12576
0,,,,,0,abs12577
1,4 5,,0,,0,abs12578
1,7,,0,,0,abs12579
1,4 5 6,,0,,0,abs12580
1,5 6,,0,,0,abs12581
1,2 5,,,,0,abs12582
1,4 5,,0,1,1,abs12583
1,5,,0,,0,abs12584
1,4,,,,1,abs12585
1,5,,0,,0,abs12586
1,6,,0,,0,abs12587
1,4 5 6,2,0,,0,abs12588
1,0,2,0,,1,abs12589
0,,,,,0,abs12590
1,3,,0,1,0,abs12591
1,4 5,,0,,0,abs12592
1,5,,0,1,0,abs12593
1,6,1,0,,1,abs12594
1,5,2,0,,0,abs12595
1,,,,,1,abs12596
1,5 6,2,0,,0,abs12597
1,5,,0,,0,abs12598
1,6,2,0,,0,abs12599
1,5,1,0,,0,abs12600
0,,,,,0,abs12601
1,4 5,,0,1,1,abs12602
1,4 7,,0,,0,abs12603
1,5,,0,,0,abs12604
1,4,2,,,1,abs12605
1,5,1,0,,0,abs12606
1,4 6,,0,,1,abs12607
1,4 5 6,,,,1,abs12608
1,5,,0,,0,abs12609
0,,,,,0,abs12610
1,5 6,,0,,0,abs12611
1,5,,0,,0,abs12612
1,4,,0,,1,abs12613
1,4 5,2,0,,1,abs12614
1,4 5,,,,1,abs12615
1,4 5 6,,0,,0,abs12616
1,4 5 6,,0,,1,abs12617
1,5 6,,0,,0,abs12618
1,3,,0,,0,abs12619
1,5 6,,0,,1,abs12620
1,5,,0,,0,abs12621
1,6,,0,,0,abs12622
1,4 5 6 7,,0,,1,abs12623
1,1 2,,,1,1,abs12624
1,4 5 6,,0,,0,abs12625
1,6 7,2,0,,0,abs12626
1,4 5 6,,0,,0,abs12627
1,4 5,1,0,,0,abs12628
0,,,,,0,abs12629
0,,,,,0,abs12630
1,4 5 6,,0,,1,abs12631
1,6,2,0,,0,abs12632
1,5 6,,0,,0,abs12633
1,5 6,,0,,0,abs12634
1,5 6,,0,,0,abs12635
1,4 5 6 7,,0,,1,abs12636
1,4 5,,0,1,1,abs12637
1,3 6,,0,,0,abs12638
1,4 5,1,0,,0,abs12639
1,4 5 6 7,,0,,1,abs12640
1,,2,0,,0,abs12641
1,5,,0,,0,abs12642
1,1 2,,7 8,,1,abs12643
1,5 6,,0,,0,abs12644
1,4 5 6 7,2,0,,0,abs12645
1,4 5,,0,,1,abs12646
0,,,,,1,abs12647
1,4 5,,0,,0,abs12648
1,4 7,,0,,1,abs12649
1,4 5 6,1,,,0,abs12650
1,4 5 6,2,0,,0,abs12651
1,4 5 6,1,0,,0,abs12652
1,5 6,2,0,,0,abs12653
1,6,,0,,0,abs12654
1,5 6,,0,,0,abs12655
1,3,,0,,0,abs12656
1,4,,,,1,abs12657
1,6,2,0,,0,abs12658
1,5 6,1,0,,0,abs12659
1,3,2,0,1,1,abs12660
1,4 5 6 7,,0,,0,abs12661
1,4 5 6 7,,0,,0,abs12662
1,6,1,0,,0,abs12663
1,6,,18,,1,abs12664
1,4 6,,7,,1,abs12665
0,,,,,0,abs12666
1,4 5,2,0,,1,abs12667
1,,2,0,,1,abs12668
1,4 5 6,1,0,,0,abs12669
1,5,,0,,0,abs12670
1,2,2,0,,1,abs12671
1,4 5 6,,0,,0,abs12672
1,6,,0,1,1,abs12673
1,5,,0,1,0,abs12674
1,4 5 6 7,,0,,0,abs12675
0,,,,,0,abs12676
0,,,,,0,abs12677
1,2,2,0,,1,abs12678
1,4 5 6,,0,,0,abs12679
1,5 6,,0,,0,abs12680
1,5 6,,0,,0,abs12681
0,,,,,0,abs12682
1,6,2,0,,1,abs12683
1,4 5 6,2,0,,0,abs12684
0,,,,,1,abs12685
1,6 7,,0,,0,abs12686
1,5 6,,0,,0,abs12687
1,6,2,0,,0,abs12688
1,6,,,,1,abs12689
1,,,0,,0,abs12690
1,5 6,1,0,,0,abs12691
1,4 5 6,2,0,,1,abs12692
1,4 5 6,,0,,0,abs12693
1,6,,0,,1,abs12694
1,4 5,,0,,0,abs12695
1,5 6,,0,,0,abs12696
1,5,1,0,,0,abs12697
1,5,,0,,0,abs12698
1,4 5 6,2,0,,0,abs12699
1,6,2,0,,0,abs12700
1,4 5 6 7,,0,,0,abs12701
0,,,,,0,abs12702
1,4 5,,0,,0,abs12703
1,4 5 6,2,0,,0,abs12704
1,4 5,,0,,0,abs12705
1,5 6,,0,,0,abs12706
1,5,1,0,,0,abs12707
1,4 5,,0,,0,abs12708
1,4 5 6,,0,,0,abs12709
1,5 6,2,0,,0,abs12710
1,4 5 6,,0,,0,abs12711
1,4 5 6,,0,,0,abs12712
1,4 5,1,0,,0,abs12713
1,6,2,0,,0,abs12714
1,4 5,,0,,0,abs12715
1,5 6,,0,,1,abs12716
1,5 6,,0,,0,abs12717
1,6,,0,,0,abs12718
1,1 3,,14,1,1,abs12719
1,6,2,0,,0,abs12720
1,5 6,2,0,,0,abs12721
1,4 5,1,0,,0,abs12722
1,,2,0,,1,abs12723
1,6,1,0,,0,abs12724
1,4 5,,0,,1,abs12725
1,4 5,,0,,0,abs12726
1,4 5 6,,0,,1,abs12727
1,5,,0,1,1,abs12728
1,5 6,,0,,0,abs12729
1,3 6,,0,1,1,abs12730
1,5,1,0,,0,abs12731
1,4 5 6 7,,0,,0,abs12732
1,5,,0,,0,abs12733
1,6,2,0,,0,abs12734
1,5,1,0,,0,abs12735
0,,,,,0,abs12736
1,4 5,,0,,0,abs12737
1,,2,0,,0,abs12738
1,4 5 6,2,0,,1,abs12739
1,4 5,,0,,0,abs12740
1,6,,0,,1,abs12741
1,4 5 6,2,0,,0,abs12742
1,1 2,2,5 22,,0,abs12743
0,,,,,1,abs12744
1,5,1,0,,0,abs12745
1,4 5,2,0,,0,abs12746
1,5 6,,0,,0,abs12747
1,4 5,2,0,,0,abs12748
1,6,2,0,,0,abs12749
0,,,,,0,abs12750
0,,,,,1,abs12751
1,5,,0,,0,abs12752
1,4 5 6,,0,,0,abs12753
1,5 6,,0,,0,abs12754
1,5 6,,0,,0,abs12755
1,4 5,2,0,,0,abs12756
1,4 5,1,0,1,0,abs12757
1,4 5,1,0,1,0,abs12758
1,4 5,1,0,,0,abs12759
1,5 6,,0,,0,abs12760
1,4 5 6 7,2,0,,0,abs12761
1,5 6,2,0,,0,abs12762
1,5,,0,,0,abs12763
1,6,,0,,0,abs12764
0,,,,,0,abs12765
1,6,2,0,,0,abs12766
1,4 5,2,0,,1,abs12767
1,4 5,2,0,,0,abs12768
1,6 7,,0,,0,abs12769
1,4 5,2,0,,0,abs12770
1,5,1,0,,0,abs12771
1,4 5,,0,,0,abs12772
1,5,,0,,0,abs12773
0,,,,,0,abs12774
1,5,,0,,0,abs12775
1,4 5 6,2,0,,0,abs12776
0,,,,,0,abs12777
1,4 5,,0,,0,abs12778
1,5 6,2,0,,0,abs12779
1,5,,0,,0,abs12780
1,5 6,,0,,0,abs12781
1,4 5 6,,0,,0,abs12782
1,5 6,1,0,,0,abs12783
1,3,2,0,,0,abs12784
0,,,,,0,abs12785
1,4 6,,0,,0,abs12786
1,4 5 6,2,0,,0,abs12787
1,6 7,,0,,0,abs12788
1,4,,,,0,abs12789
1,4 5 6,,0,,0,abs12790
1,5,,0,,0,abs12791
1,5 6,2,0,,0,abs12792
0,,,,,0,abs12793
1,5 6,1,0,,0,abs12794
1,3 5,1,0,,0,abs12795
1,4 5 6,2,0,,0,abs12796
1,5 6,,0,,0,abs12797
1,5,1,0,,0,abs12798
1,4 5 6,2,0,,0,abs12799
1,5,,0,,0,abs12800
1,5,1,0,,0,abs12801
1,7,2,0,,0,abs12802
1,5,2,0,,0,abs12803
1,5,,0,,0,abs12804
1,,,0,,0,abs12805
1,5 6,1,0,,0,abs12806
1,4 5 6,,0,,1,abs12807
1,4 5 6,,0,,0,abs12808
1,4 5,,0,,0,abs12809
1,4 5,,0,,0,abs12810
1,5,,0,,0,abs12811
1,5 6,,0,,0,abs12812
1,,2,0,,1,abs12813
1,5,1,0,,0,abs12814
1,4 5,,0,,0,abs12815
1,5 6,,0,,0,abs12816
1,5,,0,,0,abs12817
0,,,,,0,abs12818
1,5,,0,,0,abs12819
1,4 5 6,2,0,,0,abs12820
1,5 6,,0,,0,abs12821
1,5,,0,,0,abs12822
1,6,2,0,,0,abs12823
1,4 5 6,,0,,0,abs12824
1,4 5,,0,,0,abs12825
1,4 5 6,2,0,,0,abs12826
1,5 6,,0,,0,abs12827
1,4 5 6,1,0,,0,abs12828
1,4 5,,0,,0,abs12829
1,5 6,,0,,0,abs12830
1,6,2,0,,0,abs12831
1,4 5 6,2,0,,0,abs12832
1,6 7,,0,,0,abs12833
1,4 5 6,,0,,0,abs12834
1,5 6,1,0,,1,abs12835
1,6,,0,,0,abs12836
1,2,2,18,,1,abs12837
1,6,,0,,1,abs12838
1,5,1,0,1,0,abs12839
1,6,1,0,,1,abs12840
1,4 5 6,,0,1,1,abs12841
1,1 2 3 4,1,7 9,1,1,abs12842
0,,,,,1,abs12843
1,4 6 7,,0,,0,abs12844
1,4 5 6,2,0,,0,abs12845
1,4 5,1,0,1,1,abs12846
1,4 5 6,,,,0,abs12847
1,6,,0,,0,abs12848
1,4 5 6,,0,,1,abs12849
1,6,2,0,,0,abs12850
1,6,,0,,0,abs12851
1,6,2,0,,0,abs12852
1,,,,,1,abs12853
1,6,,0,,1,abs12854
1,5 6,,0,,0,abs12855
1,4 5 6,2,0,,0,abs12856
1,4 5,2,0,,0,abs12857
1,6,2,0,,0,abs12858
1,4 5 6,,0,,0,abs12859
1,4 5 6,,0,,0,abs12860
1,4 5,1,0,,0,abs12861
1,3 7,,0,1,1,abs12862
1,2,,,,1,abs12863
1,3,,0,1,1,abs12864
1,5,1,0,,0,abs12865
0,,,,,0,abs12866
1,,2,0,,0,abs12867
1,6,2,0,,0,abs12868
1,4 5 6 7,,0,,0,abs12869
1,5,,0,,1,abs12870
1,5,,0,,0,abs12871
1,2,2,24,,1,abs12872
1,5 6,,0,,0,abs12873
1,4 5 6,2,0,,1,abs12874
1,5 6,2,0,,0,abs12875
1,4 5 6,2,0,,0,abs12876
1,5,,0,,0,abs12877
0,,,,,0,abs12878
1,4 5,2,0,,1,abs12879
1,4 5 6,,0,,0,abs12880
1,4 5,2,0,,1,abs12881
1,4 5,2,,,0,abs12882
1,,,,,0,abs12883
1,3 6,2,0,1,1,abs12884
1,4 5,,0,,0,abs12885
1,4 5,2,0,,0,abs12886
1,5 6,2,0,,0,abs12887
1,5,,0,,0,abs12888
0,,,,,0,abs12889
1,5,,0,,0,abs12890
1,6,,0,,0,abs12891
1,3 5,,0,,0,abs12892
1,5,1,0,,0,abs12893
1,5 6,,0,,0,abs12894
1,5,,0,,0,abs12895
0,,,,,1,abs12896
1,6,2,0,,0,abs12897
1,6,2,0,,0,abs12898
1,3,,0,,0,abs12899
0,,,,,0,abs12900
1,4 5 6 7,,0,,0,abs12901
1,4 5,,0,,0,abs12902
1,4 5,,0,1,1,abs12903
1,4 5 6,2,0,,0,abs12904
0,,,,,1,abs12905
1,5 6,2,0,,0,abs12906
1,5 6,,0,,0,abs12907
0,,,,,0,abs12908
0,,,,,1,abs12909
1,5 6,2,0,,0,abs12910
1,1 2 4 5 6,,,1,1,abs12911
1,4 5 6,,0,,0,abs12912
1,4 5,,0,,0,abs12913
1,4 5,2,0,,1,abs12914
1,6,2,0,,0,abs12915
1,2 3,,,,1,abs12916
1,2,,16,,1,abs12917
1,4 5,2,0,,0,abs12918
1,4 5 6,,0,,1,abs12919
1,5,,0,,0,abs12920
1,4 5,2,0,,1,abs12921
1,4 5 6 7,2,0,,0,abs12922
1,5,1,0,,0,abs12923
1,5,,0,,0,abs12924
1,6,,,,1,abs12925
1,6,2,0,,0,abs12926
1,6,2,0,,1,abs12927
1,4 5,2,0,,0,abs12928
1,4 5,,0,1,1,abs12929
0,,,,,1,abs12930
1,5 6,,0,,0,abs12931
1,4 5 6,1,0,,0,abs12932
1,6,2,0,,1,abs12933
1,4 5,,0,,0,abs12934
1,4 5 6,2,0,,1,abs12935
1,4 5 6,,0,,1,abs12936
1,4,,0,,1,abs12937
1,4 5 6 7,2,0,,0,abs12938
1,6 7,2,0,,1,abs12939
1,2,2,18,,1,abs12940
1,4 5 6,,0,,0,abs12941
1,5 6,,0,,0,abs12942
1,4 5,,0,,0,abs12943
1,5,,0,,0,abs12944
0,,,,,0,abs12945
1,7,,0,,0,abs12946
1,4 5,,0,,0,abs12947
1,4 5 6 7,,0,,0,abs12948
1,2,1,24,,0,abs12949
1,4 5 6,,0,,0,abs12950
1,6 7,2,0,,0,abs12951
1,5,,0,,0,abs12952
1,4 5 6,,0,,1,abs12953
1,4 6,2,0,,0,abs12954
1,5,,0,,0,abs12955
1,6,2,0,,0,abs12956
1,3 5 6,1,0,1,0,abs12957
1,6,,0,,0,abs12958
1,5 6,1,0,,0,abs12959
1,4 5 6,2,0,,0,abs12960
1,5 6,,0,,0,abs12961
1,4 5,1,0,,0,abs12962
0,,,,,0,abs12963
1,5,2,0,,0,abs12964
1,4 6,,0,,1,abs12965
1,6,2,0,,0,abs12966
0,,,,,1,abs12967
1,4 5 7,1,0,,0,abs12968
1,4 5,,0,,0,abs12969
1,5,,0,,0,abs12970
1,5,1,0,1,1,abs12971
1,6,,0,,0,abs12972
1,4 5 6,2,0,,0,abs12973
1,4,2,0,,1,abs12974
1,4 5 6,,,,1,abs12975
1,4 5,,,,1,abs12976
1,6,2,0,,0,abs12977
1,6,,0,,0,abs12978
1,5 6,1,0,,1,abs12979
1,4 5 6,,0,,0,abs12980
0,,,,,0,abs12981
1,4 5,,0,,1,abs12982
1,4 5 6,,0,,0,abs12983
1,6,2,0,,0,abs12984
1,5 6,1,0,1,1,abs12985
1,4 5,2,0,,1,abs12986
1,5 6,2,0,,0,abs12987
1,5,,,,1,abs12988
1,5 6,2,0,,0,abs12989
1,6,2,0,,0,abs12990
1,1 2,,7,,0,abs12991
1,4 5,2,0,,1,abs12992
1,4,,0,,1,abs12993
1,5 6,2,0,,1,abs12994
1,3 4 5 6,,0,,1,abs12995
1,4 5,2,0,,0,abs12996
1,4 5 6,,0,,0,abs12997
0,,,,0,1,abs12998
1,4 5 6 7,,0,,0,abs12999
1,5,,0,,1,abs13000
1,4,2,0,,1,abs13001
1,3,,0,,0,abs13002
1,4 5,1,0,,0,abs13003
1,4 5 6,,0,,1,abs13004
0,,,,,0,abs13005
1,4 5 6,2,0,,0,abs13006
0,,,,,0,abs13007
1,4 5 6,,0,,0,abs13008
1,4 5 6,2,0,,0,abs13009
0,,,,,1,abs13010
1,4 5,,0,,0,abs13011
1,5,,0,,0,abs13012
1,5,1,0,,0,abs13013
1,5,2,0,,0,abs13014
0,,,,,1,abs13015
0,,,,,0,abs13016
1,5 6,,0,,1,abs13017
1,4 5 6,2,0,,0,abs13018
1,4 5,,0,,0,abs13019
1,4 5,2,0,,0,abs13020
1,4 5,2,0,,1,abs13021
1,4 5,,0,,1,abs13022
1,4 5,,0,,1,abs13023
0,,,,,0,abs13024
1,5,,0,,0,abs13025
1,5,1,0,,0,abs13026
1,4 5 6,2,0,,1,abs13027
0,,,,,0,abs13028
1,5,,0,,1,abs13029
1,5 6,,0,,0,abs13030
1,4 5 6,,0,,1,abs13031
1,4 5 6,1,0,,0,abs13032
0,,,,,1,abs13033
1,4 5,,0,,0,abs13034
1,5 6,,0,,0,abs13035
1,5,,,,1,abs13036
1,4 5 6,2,0,,0,abs13037
1,4 5 6,,0,1,0,abs13038
1,6,,0,,0,abs13039
1,1 2,,,,0,abs13040
1,6,,0,,0,abs13041
1,5,1,0,,0,abs13042
1,6,,0,,0,abs13043
1,5,,0,,0,abs13044
1,5,,0,,0,abs13045
1,4 5,1,0,,0,abs13046
1,4 5,,0,,0,abs13047
1,5,1,0,1,1,abs13048
1,5,,0,,0,abs13049
1,4 5,,0,,0,abs13050
1,6,,0,,0,abs13051
1,4 5,,0,,0,abs13052
1,3 4 5 6,,0,1,0,abs13053
1,5,1,0,,0,abs13054
1,5 6,,0,,0,abs13055
1,5 6,,,,0,abs13056
1,4 5 6 7,,0,,1,abs13057
1,6,,0,,0,abs13058
0,,,,,1,abs13059
1,4 6 7,2,0,,1,abs13060
1,4 5 6,,,,1,abs13061
1,1 2,2,,1,0,abs13062
1,4 5,2,0,1,1,abs13063
1,5,,0,,0,abs13064
0,,,,,0,abs13065
1,4 5 6,2,0,,1,abs13066
1,4 5,,0,,1,abs13067
1,1 2,,,,0,abs13068
1,2,2,,,1,abs13069
1,1 2 5 6,,,1,0,abs13070
0,,,,,0,abs13071
1,4 5,2,,,1,abs13072
1,5 6,2,0,,0,abs13073
1,4 5,2,0,,0,abs13074
1,4 5,2,0,,1,abs13075
1,3 6,,0,,0,abs13076
1,3 7,,0,,1,abs13077
1,4 5,,0,,1,abs13078
1,6,,0,,1,abs13079
1,6,2,0,,0,abs13080
1,0,2,0,,0,abs13081
1,5 6,2,0,,0,abs13082
1,6,2,0,,1,abs13083
1,6,,0,,0,abs13084
1,5,,0,,0,abs13085
1,4 5,,0,,1,abs13086
1,4 5,,0,,0,abs13087
1,6,,0,,0,abs13088
1,5 6,,0,,0,abs13089
1,5 6,,0,,0,abs13090
1,4 5 6,,0,,1,abs13091
1,4,2,0,1,1,abs13092
1,5,,0,,0,abs13093
1,4 5,,0,1,1,abs13094
1,6,,0,,0,abs13095
1,5 6 7,1,0,,0,abs13096
1,4 5 6,2,,,1,abs13097
1,4 5 6,2,0,,0,abs13098
1,6,2,0,,1,abs13099
1,4 5 6,,0,,1,abs13100
1,5 6,1,0,,0,abs13101
1,4 5 6,2,0,1,1,abs13102
1,5 6,,0,,0,abs13103
1,4 5,2,0,,0,abs13104
1,2,2,26,,1,abs13105
1,6,,0,,0,abs13106
1,4 5,2,0,,0,abs13107
0,,,,,1,abs13108
1,5 6,,0,1,0,abs13109
1,5,1,0,,1,abs13110
1,4 5,2,0,,0,abs13111
1,4 5 6,2,0,,0,abs13112
1,6,2,0,,1,abs13113
1,4 5,2,0,,0,abs13114
1,6,,0,,0,abs13115
1,4 5,,0,,0,abs13116
1,4 5 6,1,0,,0,abs13117
1,5,,0,,1,abs13118
1,5,1,0,,0,abs13119
1,0,,0,,0,abs13120
1,6,,0,,0,abs13121
1,4 5,1,0,1,1,abs13122
1,5,,0,,0,abs13123
1,5,,0,,0,abs13124
1,5 6,,0,,0,abs13125
1,4 5 6 7,,0,,0,abs13126
1,6,,0,,0,abs13127
1,2,1,,,1,abs13128
1,4 5 6,2,0,,0,abs13129
1,4,,0,,1,abs13130
1,6,1,0,,0,abs13131
0,,,,,0,abs13132
1,4 5,2,0,,0,abs13133
1,4 5,,0,,0,abs13134
1,2,,17,,0,abs13135
1,4 5,,0,,0,abs13136
1,3,2,0,1,1,abs13137
1,6,2,0,,0,abs13138
1,4 5 6,2,0,,0,abs13139
1,5 6,,0,,0,abs13140
1,3 5 6,,0,,0,abs13141
1,4 5 6 7,,0,,0,abs13142
1,4 5 6,,0,,0,abs13143
1,4 5,2,0,,1,abs13144
1,4 5 6,2,0,,0,abs13145
1,5,1,0,,0,abs13146
1,4 5,,0,,0,abs13147
1,2,,,,1,abs13148
1,4 5 6,2,0,,0,abs13149
0,,,,,0,abs13150
1,4 5,2,0,,0,abs13151
0,,,,,0,abs13152
1,3,,0,,1,abs13153
1,6,,0,,0,abs13154
1,4 5,,0,,1,abs13155
1,4 5,2,0,,0,abs13156
1,5 6,,0,,0,abs13157
1,5,,0,,0,abs13158
1,6,,0,,0,abs13159
1,4,,,,1,abs13160
0,,,,,0,abs13161
1,6,2,0,,0,abs13162
1,4 5 6,2,0,,1,abs13163
1,4 5 6,2,0,,1,abs13164
0,,,,,1,abs13165
1,5 6,,0,1,0,abs13166
1,1 2,,,1,1,abs13167
1,4 5,,,,0,abs13168
1,6,,0,,0,abs13169
1,4 5 6,,0,,0,abs13170
0,,,,,0,abs13171
1,5 6,,0,,0,abs13172
1,4 5,2,0,,0,abs13173
1,,,0,,0,abs13174
1,0,2,0,,1,abs13175
1,6,,0,,0,abs13176
1,5,,0,,0,abs13177
1,4 5,2,0,,0,abs13178
1,5,,0,,0,abs13179
1,3,2,0,,0,abs13180
1,5 6,2,0,,0,abs13181
1,6,,0,,0,abs13182
1,5,,0,,0,abs13183
1,4 5,2,0,,0,abs13184
1,5 6,,0,,0,abs13185
1,5,,0,,0,abs13186
1,5,,0,1,0,abs13187
1,5 6,2,0,,0,abs13188
1,5,1,0,,0,abs13189
0,,,,,1,abs13190
1,4 5,,0,,0,abs13191
1,5 6,,0,,0,abs13192
1,6,,0,,0,abs13193
1,4 5,,0,,1,abs13194
1,4 5,2,0,,1,abs13195
1,5 6,,0,,1,abs13196
1,5 6,,0,,0,abs13197
1,4 5,,0,,0,abs13198
1,4 5,,,,1,abs13199
1,4 5,,0,,0,abs13200
1,4 6,,0,,0,abs13201
1,6,,0,,0,abs13202
1,5 6,,0,,0,abs13203
1,,,0,,0,abs13204
1,6,2,0,,0,abs13205
1,6,2,0,,0,abs13206
0,,,,,0,abs13207
1,5,1,0,,0,abs13208
1,5 6,,0,,0,abs13209
1,4 5,1,0,1,0,abs13210
1,4 5 6 7,2,0,,0,abs13211
0,,,,,0,abs13212
1,4 5,1,0,,0,abs13213
1,5 6,,0,,0,abs13214
1,4 5 6,,0,,0,abs13215
1,6,2,0,,0,abs13216
1,5,,0,,0,abs13217
1,5 6,2,0,,0,abs13218
1,4 5,,0,,0,abs13219
1,5 6,,0,,0,abs13220
1,5 6,,0,,0,abs13221
1,5 6,,0,,0,abs13222
1,5 6,1,0,,0,abs13223
1,4 5,2,0,,1,abs13224
1,4 5,1,0,,0,abs13225
1,5 6,1,0,,0,abs13226
1,6,,0,,0,abs13227
1,4 5 6 7,2,0,,0,abs13228
1,6,2,0,,0,abs13229
1,4 5 6,2,0,,0,abs13230
0,,,,,1,abs13231
1,5,,0,,0,abs13232
1,4 5,,0,,1,abs13233
1,5 6,,0,,0,abs13234
1,4 5 6,2,0,,0,abs13235
1,0,0,0,,0,abs13236
0,,,,,0,abs13237
1,4 5 6,,0,,1,abs13238
1,5,,0,,0,abs13239
1,5 6,,0,,0,abs13240
1,0,,0,,0,abs13241
1,4 5 6,,0,,0,abs13242
1,1 2,,,,0,abs13243
1,7,,,,0,abs13244
1,5 6,,0,,0,abs13245
1,4 5,,0,,0,abs13246
1,5 6,,0,,0,abs13247
1,4 5,,0,,0,abs13248
1,6,1,0,,1,abs13249
1,4 5 6,,0,,0,abs13250
1,4 5 6 7,2,0,,0,abs13251
1,5,2,0,,0,abs13252
0,,,,,1,abs13253
1,5,,0,,0,abs13254
1,6 7,,0,,1,abs13255
1,5,,0,,0,abs13256
1,4 5 6,,0,,0,abs13257
1,5 6,1,0,,0,abs13258
1,4 5 6,,0,,0,abs13259
1,4 5 6,,26,,0,abs13260
1,5,,0,,0,abs13261
1,5,,0,,0,abs13262
1,5 6,1,0,,0,abs13263
1,4 5,2,0,,0,abs13264
1,5 6,2,0,,0,abs13265
1,6,,0,,0,abs13266
1,6,2,0,,0,abs13267
1,5 6,,0,1,0,abs13268
1,4 5,,0,,0,abs13269
0,,,,,0,abs13270
1,4 5 6,,0,,0,abs13271
1,5 6,,0,,0,abs13272
1,5,,0,,0,abs13273
1,4 5 6,,0,,0,abs13274
1,4 5 6,,0,,0,abs13275
0,,,,,0,abs13276
1,5 6,,0,,0,abs13277
1,5 6,2,0,,0,abs13278
0,,,,,0,abs13279
1,4 5 6,,0,,0,abs13280
1,5,1,0,1,0,abs13281
1,5 6,,0,,0,abs13282
1,4 5 6 7,,0,,1,abs13283
1,4 5,,0,1,0,abs13284
1,5 6,1,0,,0,abs13285
1,4 5,,0,,0,abs13286
1,6,2,0,,0,abs13287
1,4 5,1,0,,0,abs13288
1,5 6,2,0,,0,abs13289
1,4 5,1,0,,0,abs13290
1,5,,3,,1,abs13291
1,5 6,2,0,,0,abs13292
1,5 6,2,0,,0,abs13293
1,4 5 6,2,0,,0,abs13294
1,5 6,2,0,,0,abs13295
1,5 6,2,0,,0,abs13296
1,4 5,,0,,0,abs13297
1,5 6,,0,,0,abs13298
1,4 5,2,0,,0,abs13299
1,5 6,2,0,,0,abs13300
1,5 6,,0,,0,abs13301
1,4 5 6,2,0,,0,abs13302
1,5,,0,,0,abs13303
1,6,2,0,,0,abs13304
1,6 7,,0,,0,abs13305
1,4 5,,0,,0,abs13306
1,5 6,2,0,,0,abs13307
0,,,,,0,abs13308
0,,,,,0,abs13309
1,4 5 6,,0,,1,abs13310
1,5 6,1,0,1,0,abs13311
1,5,,0,,0,abs13312
0,,,,,0,abs13313
1,5 6,,0,,0,abs13314
1,4 5,,0,,1,abs13315
1,5 6,,0,,0,abs13316
1,6,,0,,0,abs13317
1,4 5 6,,0,,0,abs13318
1,7,,0,,0,abs13319
1,6,2,0,,0,abs13320
1,5,,0,,0,abs13321
1,5,2,0,,0,abs13322
1,4 5,,,,1,abs13323
1,5 6,,0,,0,abs13324
1,4 5 6,2,0,,1,abs13325
1,4,2,0,,0,abs13326
1,5 6,,0,,0,abs13327
1,5 6,2,0,,0,abs13328
1,3,,0,,0,abs13329
1,5,2,0,,0,abs13330
1,5 6,,0,,0,abs13331
1,4 5 6,,0,,0,abs13332
0,,,,,0,abs13333
1,5,,0,,0,abs13334
1,5,1,0,,0,abs13335
1,5 6,2,0,,0,abs13336
0,,,,,0,abs13337
1,6,,0,,0,abs13338
1,5,2,0,,0,abs13339
1,4 5 6,,0,,0,abs13340
1,5,,0,,0,abs13341
1,5 6,2,0,,0,abs13342
1,4 5,,0,,0,abs13343
1,4 5,,0,,0,abs13344
1,1 2,,,,1,abs13345
1,5 6,2,0,,0,abs13346
1,4 5,1,0,1,0,abs13347
1,4 5,1,0,,0,abs13348
1,5,,0,,0,abs13349
1,6,2,0,,0,abs13350
1,5,1,0,,0,abs13351
1,6,,,,0,abs13352
1,3,,0,1,0,abs13353
1,6,2,0,,0,abs13354
1,3 5,,0,,1,abs13355
1,,,0,,0,abs13356
1,4 5,2,0,,1,abs13357
1,4 5 6,1,0,,0,abs13358
1,4 5 6,,0,,0,abs13359
1,6,2,0,,0,abs13360
1,3 4 5 6,1,0,1,1,abs13361
1,4 5 6,,0,,0,abs13362
1,5,2,0,,0,abs13363
1,4 5 6 7,2,0,,1,abs13364
1,5,,0,,0,abs13365
1,4 5 6 7,2,0,,0,abs13366
1,5 6,,0,,0,abs13367
1,6,2,0,,0,abs13368
1,6,,0,,1,abs13369
1,5,,0,,0,abs13370
1,3,,0,,1,abs13371
1,4 6 7,,0,,1,abs13372
1,4 5,,0,,0,abs13373
1,4 5 6 7,,0,,0,abs13374
1,5 6,,0,,0,abs13375
1,3 4,1,0,1,1,abs13376
1,6,2,0,,1,abs13377
0,,,,,0,abs13378
1,4 5,2,0,,1,abs13379
1,5,,0,,0,abs13380
1,1 2,,,,0,abs13381
1,4 5,2,0,,1,abs13382
0,,,,,0,abs13383
1,1 2,,,,0,abs13384
1,4 5,,0,,0,abs13385
1,6,,0,,0,abs13386
1,4 5,2,0,,1,abs13387
1,5,,0,,0,abs13388
1,5,,0,,0,abs13389
1,5,1,0,,0,abs13390
1,4 5 7,,0,1,0,abs13391
1,6,,0,,0,abs13392
1,4 5,,,,0,abs13393
1,4 5,,0,,0,abs13394
1,5 6,1,0,,0,abs13395
1,3,,0,,0,abs13396
1,4 5,1,0,,0,abs13397
1,5,2,0,1,1,abs13398
1,4,,0,,1,abs13399
1,4 6,,,,0,abs13400
1,4 6 7,2,0,,1,abs13401
1,4 6,2,0,,0,abs13402
1,6,,0,,0,abs13403
1,5 6,,0,,0,abs13404
1,7,2,0,,0,abs13405
1,6,,0,,0,abs13406
1,4 5,,0,,0,abs13407
1,6,2,0,,0,abs13408
1,6,,,,1,abs13409
1,5 6,,0,,0,abs13410
1,5 6,,0,,0,abs13411
1,4 5 6,2,0,,0,abs13412
0,,,,,0,abs13413
1,6,,0,,0,abs13414
1,5 6,,0,,0,abs13415
1,4 5,,0,,0,abs13416
1,4 5,,0,,0,abs13417
0,,,,,0,abs13418
1,5 6,,0,,0,abs13419
0,,,,,1,abs13420
1,5,,0,,0,abs13421
1,1 2,2,,,0,abs13422
1,5 6,,0,,0,abs13423
1,4 6,2,0,,1,abs13424
1,4 5,2,0,1,1,abs13425
1,6,,0,,0,abs13426
1,4 5,,0,,1,abs13427
1,0,,,,1,abs13428
1,5 6,1,0,,0,abs13429
1,4 5,,0,1,1,abs13430
0,,,,,1,abs13431
1,4 5,1,0,,0,abs13432
1,5 6,,0,,0,abs13433
1,5,,0,,0,abs13434
1,4,2,0,,0,abs13435
1,6,2,0,,0,abs13436
0,,,,,1,abs13437
1,1 2,,22,1,0,abs13438
1,4 5,,0,,0,abs13439
1,4 5,1,0,,0,abs13440
1,4 5 6,,0,,0,abs13441
1,2,2,,1,1,abs13442
1,5,,0,,0,abs13443
1,5,,0,,0,abs13444
1,2,,,,0,abs13445
1,4 5 6,,0,,0,abs13446
1,5 6,2,0,,0,abs13447
1,6,,0,,0,abs13448
0,,,,,0,abs13449
1,3 7,,0,,1,abs13450
1,4,,,,0,abs13451
1,5,,0,,0,abs13452
0,,,,,1,abs13453
1,4 5,,0,,0,abs13454
1,5,,0,,0,abs13455
1,5 6,,0,,0,abs13456
1,5,,0,,0,abs13457
1,4 5,,0,,0,abs13458
1,5,2,0,,0,abs13459
1,5,,0,,0,abs13460
1,5 6,,0,,0,abs13461
0,,,,,0,abs13462
1,6,,0,,0,abs13463
1,5 6,2,0,,0,abs13464
1,4,,0,,1,abs13465
1,4 5,,0,,1,abs13466
1,4 5,,0,,1,abs13467
1,4 5,,0,,0,abs13468
1,5,,0,,0,abs13469
1,4 5,2,18,,0,abs13470
1,6,2,0,,0,abs13471
1,6,2,0,,0,abs13472
1,4 6,,0,,1,abs13473
1,6,2,0,,1,abs13474
0,,,,,0,abs13475
1,4 5,,0,,0,abs13476
1,,2,,,1,abs13477
1,4,2,0,,1,abs13478
0,,,,,0,abs13479
1,4,2,0,,1,abs13480
1,3,,0,,0,abs13481
1,5 6,1,0,,0,abs13482
1,4 5 6,1,0,,1,abs13483
1,6,2,0,,0,abs13484
1,6 7,2,0,,0,abs13485
1,5,1,0,,0,abs13486
1,5 6 7,,0,,0,abs13487
1,2,2,0,,1,abs13488
1,5,,0,,1,abs13489
1,4 5 6 7,,0,,1,abs13490
1,4 5 6,,0,,1,abs13491
1,6,2,0,,0,abs13492
1,4 5 6,,0,,0,abs13493
0,,,,,0,abs13494
1,3,,0,1,1,abs13495
1,5 6 7,1,0,,0,abs13496
1,4 5,,0,,0,abs13497
1,4 5,,0,,1,abs13498
1,4,,0,,1,abs13499
1,4,2,0,,1,abs13500
1,6 7,,0,,1,abs13501
1,6,,0,,1,abs13502
1,4 5 6,2,0,,0,abs13503
1,4 5 6,2,0,,0,abs13504
0,,,,,0,abs13505
1,4 5 6,,0,,0,abs13506
1,4 5 6,,0,1,0,abs13507
1,4 5,2,0,,0,abs13508
1,5 6,1,0,,0,abs13509
1,1 2 3 6,,26,,0,abs13510
1,6,,0,,1,abs13511
1,4 5,,0,,0,abs13512
1,4 5,2,0,1,0,abs13513
1,4 5,,0,,0,abs13514
1,6,2,0,,0,abs13515
1,5 6,,0,,0,abs13516
1,4,2,,,0,abs13517
1,4 6,,0,,1,abs13518
1,4 5,2,0,,0,abs13519
0,,,,,1,abs13520
1,4 5 6,2,0,,0,abs13521
0,,,,,0,abs13522
1,4 5 6,,,,0,abs13523
1,4 5 6,2,0,,0,abs13524
1,4 5 6,,0,,1,abs13525
1,5,1,0,,0,abs13526
1,6,2,0,,0,abs13527
1,5 6,,18,,1,abs13528
1,,2,,,1,abs13529
1,6,2,0,,1,abs13530
1,6,,,,1,abs13531
1,5 6,1,0,,1,abs13532
1,5,1,0,,0,abs13533
1,4 5,,0,,1,abs13534
1,4 5 6,,0,,0,abs13535
1,4 5,,,,0,abs13536
1,4 5,2,0,,0,abs13537
1,4 5,1,0,,0,abs13538
1,5,,0,,0,abs13539
1,5 6,,0,,0,abs13540
1,6,2,0,,0,abs13541
1,4 5 6 7,,0,,0,abs13542
1,4 5,1,0,1,0,abs13543
1,4 5,2,0,,0,abs13544
1,4 5,,0,,0,abs13545
1,5,,0,,0,abs13546
1,5,1,0,,0,abs13547
1,5 6,,0,,0,abs13548
1,5,,0,,0,abs13549
1,6,2,0,,0,abs13550
1,4 5,,0,,0,abs13551
1,6,1,0,,1,abs13552
1,3,,0,1,0,abs13553
0,,,,,1,abs13554
1,4 6,1,0,,1,abs13555
1,4 5,,0,1,1,abs13556
1,5,,0,,0,abs13557
1,6,,0,,0,abs13558
1,4 5,,0,,1,abs13559
1,6,2,0,,1,abs13560
1,5,,,,0,abs13561
1,4 6,2,0,,0,abs13562
1,5,1,0,1,0,abs13563
1,5,2,0,,0,abs13564
1,5 6,,0,,0,abs13565
1,4 5 6,,0,,0,abs13566
1,4 5 6,2,0,,0,abs13567
0,,,,,0,abs13568
1,3 7,,,,1,abs13569
1,5 6,,0,,0,abs13570
1,5,1,0,,0,abs13571
1,4,,0,,1,abs13572
1,4 6,,0,,1,abs13573
1,4 5,1,0,,0,abs13574
1,5,2,26,,0,abs13575
1,4 5,,0,,0,abs13576
1,6,0,0,,0,abs13577
1,5 6,2,0,,0,abs13578
1,2,,,,1,abs13579
1,4 5 6,,0,,0,abs13580
1,5 6,2,0,,0,abs13581
1,3,,0,1,1,abs13582
1,5 6,,0,,0,abs13583
1,4 5,2,0,,0,abs13584
1,4 5,,0,,0,abs13585
1,5,1,0,,0,abs13586
1,4 5,,0,,0,abs13587
1,6,,0,,1,abs13588
1,4 5,,0,,1,abs13589
1,5 6,,0,,0,abs13590
1,4 5 6,,0,,0,abs13591
1,5,1,0,1,1,abs13592
0,,,,,0,abs13593
1,3,,15,,1,abs13594
0,,,,,0,abs13595
1,4 6,,0,,0,abs13596
1,6,,0,,0,abs13597
1,4 5 6,,0,,1,abs13598
1,4 5 6,,0,,0,abs13599
1,5 6,2,0,,0,abs13600
1,4 5,2,0,1,1,abs13601
1,3 6,,0,,0,abs13602
1,5,,0,,0,abs13603
1,6,,0,,0,abs13604
1,5,2,0,,0,abs13605
1,4 5 6 7,2,0,,0,abs13606
1,2,,26,,1,abs13607
1,4 5 6,,0,,0,abs13608
1,4 5,,0,,0,abs13609
1,5,,0,,0,abs13610
1,4 5,,0,,0,abs13611
1,5,,0,,0,abs13612
1,4 5,1,0,,0,abs13613
0,,,,,0,abs13614
1,4 5 6,,0,,0,abs13615
1,6,,0,,0,abs13616
1,4 5,1,0,1,0,abs13617
1,5 6,,0,,0,abs13618
1,6,,0,,0,abs13619
1,,,0,,1,abs13620
1,,,,,1,abs13621
1,5,,,1,0,abs13622
1,2,,,,1,abs13623
1,,,0,,1,abs13624
1,,,0,,0,abs13625
1,,2,,,1,abs13626
1,,,0,,1,abs13627
1,2,2,0,,1,abs13628
1,6,2,0,,0,abs13629
1,1 3,2,,1,1,abs13630
1,2,,,,1,abs13631
1,,,0,,1,abs13632
1,2,,,,1,abs13633
1,3,,0,1,1,abs13634
1,,,,,1,abs13635
0,,,,,1,abs13636
1,,,,,1,abs13637
0,,,,,1,abs13638
1,5 6,,0,,0,abs13639
0,,,,,1,abs13640
1,,2,0,,1,abs13641
1,,,0,,1,abs13642
1,,2,,,1,abs13643
1,,,0,1,1,abs13644
1,1 2,,26,,1,abs13645
1,,2,0,,0,abs13646
1,,2,17,,1,abs13647
1,,2,,,1,abs13648
0,,,,,1,abs13649
1,,,0,,1,abs13650
1,5,,0,1,0,abs13651
0,,,,,1,abs13652
0,,,,,1,abs13653
1,2,,,,1,abs13654
1,,,,,1,abs13655
1,1 4,1,7,1,1,abs13656
1,2,,,,1,abs13657
1,2,,,,1,abs13658
0,,,,,1,abs13659
1,5,,,,0,abs13660
1,1 2 3 6,2,,1,0,abs13661
0,,,,,1,abs13662
1,2,,12,,1,abs13663
1,,,0,,1,abs13664
1,,,0,,1,abs13665
1,1 2,,,1,0,abs13666
1,,,0,,1,abs13667
1,2,,,,1,abs13668
1,3,,0,1,0,abs13669
1,6,,0,,0,abs13670
1,,2,0,,1,abs13671
1,2,,0,1,1,abs13672
1,,,,,1,abs13673
1,5,,0,,0,abs13674
1,,2,0,,1,abs13675
1,,,,,1,abs13676
1,6,,0,,1,abs13677
1,,2,0,,1,abs13678
1,,2,,,1,abs13679
1,3,,0,,1,abs13680
1,2 3,2,0,,1,abs13681
1,,2,0,,1,abs13682
1,2,,,,1,abs13683
1,3,2,0,,0,abs13684
1,,,0,,1,abs13685
0,,,,,1,abs13686
1,4 5,1,0,1,0,abs13687
0,,,,,1,abs13688
1,,,,,1,abs13689
0,,,,,1,abs13690
1,,,0,,1,abs13691
1,,2,,,1,abs13692
1,6,2,0,,1,abs13693
0,,,,,1,abs13694
1,,2,0,,1,abs13695
1,3,,0,1,1,abs13696
1,2,,0,,1,abs13697
0,,,,,1,abs13698
1,1 2,,26,1,1,abs13699
1,6,,0,,1,abs13700
1,2,,,,1,abs13701
0,,,,,1,abs13702
1,,2,,,1,abs13703
1,,2,,,1,abs13704
1,4 5,,0,,0,abs13705
1,,,,,1,abs13706
1,4 5 6,,3,,1,abs13707
1,1 2,,7,1,1,abs13708
1,5,1,0,1,1,abs13709
0,,,,,1,abs13710
1,1 2,,26,,1,abs13711
1,,,,,1,abs13712
0,,,,,1,abs13713
1,2,,,,1,abs13714
1,2,,,,1,abs13715
1,,2,0,,1,abs13716
1,3,,0,,1,abs13717
1,,2,0,,1,abs13718
1,5,,0,,0,abs13719
1,1 2,,,,1,abs13720
1,2,,,,1,abs13721
1,6,2,0,,1,abs13722
1,2,,,,1,abs13723
1,2,2,,1,1,abs13724
1,,2,0,,1,abs13725
1,2,,,,1,abs13726
1,2,,,1,1,abs13727
1,,,0,,0,abs13728
0,,,,,1,abs13729
1,,2,0,,1,abs13730
1,3,2,0,1,1,abs13731
1,,,0,,1,abs13732
1,5 6,,,1,1,abs13733
0,,,,,1,abs13734
0,,,,,1,abs13735
0,,,,,1,abs13736
1,,2,0,,1,abs13737
0,,,,,1,abs13738
1,6,2,0,,1,abs13739
0,,,,,1,abs13740
1,6,,0,1,0,abs13741
1,,2,,,1,abs13742
1,,2,0,,1,abs13743
1,5 6,,0,,0,abs13744
1,6,,0,,0,abs13745
1,5,1,0,1,0,abs13746
1,3 7,2,,,0,abs13747
1,2,,,1,1,abs13748
1,6,2,0,,1,abs13749
0,,,,,1,abs13750
0,,,,,1,abs13751
1,,2,0,,1,abs13752
1,6,2,0,,0,abs13753
1,4 5,,0,,0,abs13754
1,,2,0,,1,abs13755
1,,2,0,,1,abs13756
1,,,0,,1,abs13757
1,2,2,,,1,abs13758
1,2,,,,1,abs13759
1,6,,0,,0,abs13760
1,6,,0,,0,abs13761
1,0,2,0,,1,abs13762
0,,,,,1,abs13763
1,3,,0,,1,abs13764
1,1 2,,,,0,abs13765
1,,,,,1,abs13766
1,,,0,,1,abs13767
1,,,0,,1,abs13768
1,2,2,,1,1,abs13769
1,0,,0,,1,abs13770
1,6,2,0,,1,abs13771
1,3 5,,0,1,1,abs13772
1,0,2,0,,1,abs13773
1,3,,0,1,0,abs13774
1,1 2,2,7,,1,abs13775
1,6,2,0,,1,abs13776
1,2,,0,,1,abs13777
1,,,,,1,abs13778
1,3,,,1,1,abs13779
1,2,,,,1,abs13780
1,,2,0,,1,abs13781
1,2,,,,1,abs13782
1,,2,0,,1,abs13783
1,,2,0,,1,abs13784
1,6,,0,,1,abs13785
1,2,1,,,1,abs13786
0,,,,,1,abs13787
1,2 3,,,1,0,abs13788
1,3,,0,1,0,abs13789
1,1 2,,,,0,abs13790
1,5 6,,0,,0,abs13791
0,,,,,0,abs13792
1,,,,,1,abs13793
1,,,,,1,abs13794
1,,2,0,,1,abs13795
1,2,,0,,1,abs13796
1,6,2,0,,1,abs13797
1,,,0,,1,abs13798
1,4 5,,0,,0,abs13799
0,,,,,1,abs13800
1,,2,0,,1,abs13801
1,2,,,,1,abs13802
1,2,,12,,1,abs13803
0,,,,,1,abs13804
1,2,,,,1,abs13805
1,0,,0,,0,abs13806
1,2,,,,0,abs13807
1,6,2,0,,0,abs13808
1,,,0,,1,abs13809
0,,,,,1,abs13810
1,1 2,,,,0,abs13811
1,,2,0,,1,abs13812
1,,,,,1,abs13813
0,,,,,0,abs13814
1,2,,,1,1,abs13815
1,2,,,1,1,abs13816
0,,,,,1,abs13817
1,,,0,,1,abs13818
1,,2,0,,1,abs13819
1,2,,,,1,abs13820
1,5,,,,0,abs13821
1,,,0,,1,abs13822
1,,,0,,1,abs13823
1,2,,12,1,1,abs13824
1,,,0,,1,abs13825
1,,2,,,1,abs13826
1,,2,0,,1,abs13827
1,,,0,,1,abs13828
0,,,,,1,abs13829
0,,,,,0,abs13830
0,,,,,1,abs13831
1,2,,12,,1,abs13832
1,3,,0,,1,abs13833
1,2,,0,,1,abs13834
0,,,,,0,abs13835
1,3 6,2,0,,0,abs13836
1,3,,0,,0,abs13837
0,,,,,1,abs13838
1,,2,0,,1,abs13839
1,,,,,1,abs13840
1,3,,0,,1,abs13841
1,2,2,0,,1,abs13842
1,2,,0,,1,abs13843
0,,,,,1,abs13844
1,3,2,0,,1,abs13845
1,2,,,,1,abs13846
1,,,0,,1,abs13847
0,,,,,1,abs13848
0,,,,,1,abs13849
0,,,,,1,abs13850
1,,,,,1,abs13851
1,2,2,,,1,abs13852
1,2,,3,,1,abs13853
1,6,2,0,,1,abs13854
0,,,,,1,abs13855
0,,,,,1,abs13856
1,1 2 3,,,,0,abs13857
0,,,,,1,abs13858
0,,,,,1,abs13859
0,,,,,1,abs13860
1,3,,0,1,1,abs13861
1,,,,,1,abs13862
1,2,,,,1,abs13863
1,,,0,,1,abs13864
1,,,0,,1,abs13865
1,1 2,2,,1,1,abs13866
1,3,2,0,1,1,abs13867
0,,,,,1,abs13868
1,,2,0,,1,abs13869
1,,2,0,,1,abs13870
1,5,,0,1,0,abs13871
1,0,,0,,1,abs13872
0,,,,,1,abs13873
1,5 6,,15,,0,abs13874
1,,2,,,1,abs13875
1,,2,,,1,abs13876
1,2,,,,1,abs13877
1,2,,,,1,abs13878
1,,,,,1,abs13879
1,,2,0,,1,abs13880
1,2,,,,1,abs13881
1,3,,0,,1,abs13882
1,,2,,,1,abs13883
1,6,,,,0,abs13884
0,,,,,1,abs13885
0,,,,,1,abs13886
1,3,,0,,0,abs13887
1,2,,12,,1,abs13888
0,,,,,1,abs13889
0,,,,,1,abs13890
1,0,0,0,,0,abs13891
0,,,,,0,abs13892
1,3,2,0,,0,abs13893
1,5,,0,,0,abs13894
0,,,,,1,abs13895
1,,2,0,,1,abs13896
1,2,,0,,1,abs13897
1,,2,0,,1,abs13898
1,2,,,,1,abs13899
1,5,1,0,,0,abs13900
1,2,,,,1,abs13901
0,,,,,1,abs13902
1,2,,,,1,abs13903
0,,,,,1,abs13904
1,,,0,,1,abs13905
0,,,,,0,abs13906
1,,,,,1,abs13907
1,,2,0,,1,abs13908
1,2,,3,,1,abs13909
1,0,2,0,,1,abs13910
1,2,,,1,1,abs13911
1,2,,,,1,abs13912
1,,2,,,1,abs13913
1,5,1,,1,0,abs13914
1,5,,0,,0,abs13915
0,,,,,1,abs13916
1,6,,0,,0,abs13917
1,6,,0,,1,abs13918
1,2,,0,,1,abs13919
1,0,,0,,1,abs13920
1,,2,0,,1,abs13921
1,6,,0,,0,abs13922
1,,2,0,,0,abs13923
1,2,,0,,1,abs13924
1,,,0,,1,abs13925
1,3,,0,,1,abs13926
1,,2,0,,1,abs13927
1,2,,,,1,abs13928
0,,,,,0,abs13929
1,2,,,,1,abs13930
1,3 5 6,,0,,0,abs13931
1,6,,0,,1,abs13932
1,0,2,0,,1,abs13933
1,0,,0,,1,abs13934
1,3 6,1,,1,1,abs13935
0,,,,,1,abs13936
1,,2,0,,1,abs13937
1,2,,,,1,abs13938
0,,,,,1,abs13939
1,,,,,1,abs13940
1,2,2,,,1,abs13941
1,2,2,,,1,abs13942
1,,2,,,1,abs13943
1,,2,,,1,abs13944
1,3,2,0,,1,abs13945
1,2,2,,,1,abs13946
0,,,,,1,abs13947
1,,2,0,,1,abs13948
1,6,,0,,1,abs13949
1,6,,0,,1,abs13950
1,5 6,,0,,1,abs13951
1,,,0,,1,abs13952
1,,2,0,,1,abs13953
0,,,,,1,abs13954
1,2,,,,1,abs13955
1,6 7,2,0,,1,abs13956
1,,,0,,1,abs13957
0,,,,,1,abs13958
1,3,,0,,1,abs13959
1,6,,,,1,abs13960
0,,,,,1,abs13961
1,6,,0,1,1,abs13962
1,2,,,,1,abs13963
1,,,,,1,abs13964
1,3 6,,0,1,1,abs13965
0,,,,,1,abs13966
1,,2,0,,1,abs13967
0,,,,,1,abs13968
1,,2,0,,1,abs13969
1,3,2,0,,1,abs13970
0,,,,,1,abs13971
1,,2,0,,1,abs13972
1,,2,0,,1,abs13973
1,0,2,0,,1,abs13974
1,,,0,,1,abs13975
1,2,,0,,1,abs13976
0,,,,,1,abs13977
1,6,2,0,1,1,abs13978
1,,,0,,1,abs13979
1,,2,0,,1,abs13980
1,,,0,,1,abs13981
1,2,2,,,1,abs13982
1,0,2,0,,1,abs13983
1,0,,0,,1,abs13984
0,,,,,1,abs13985
1,0,,0,,1,abs13986
1,,,0,,1,abs13987
1,,,,,1,abs13988
0,,,,,1,abs13989
1,2,,,,1,abs13990
1,7,,0,,0,abs13991
1,3,,0,1,0,abs13992
1,2,,,,1,abs13993
1,5 6,,0,,0,abs13994
1,6,2,0,,0,abs13995
0,,,,,1,abs13996
1,,2,,,1,abs13997
1,3,2,0,1,0,abs13998
0,,,,,1,abs13999
1,,,0,,1,abs14000
1,,,,,1,abs14001
1,2,2,,,1,abs14002
1,,2,0,,1,abs14003
0,,,,,1,abs14004
0,,,,,1,abs14005
0,,,,,1,abs14006
1,,,0,,1,abs14007
1,2,,,1,1,abs14008
1,,2,,,1,abs14009
1,3,,0,,1,abs14010
1,,2,,,1,abs14011
1,,,0,,1,abs14012
1,4 5,,0,1,0,abs14013
1,,2,0,,1,abs14014
1,2,,0,,0,abs14015
0,,,,,1,abs14016
1,,,0,,1,abs14017
1,,,0,,1,abs14018
1,0,0,0,,1,abs14019
1,2,2,3,,1,abs14020
1,,2,0,,1,abs14021
1,2,,3,,1,abs14022
0,,,,,1,abs14023
1,5,2,0,,0,abs14024
0,,,,,1,abs14025
0,,,,,1,abs14026
0,,,,,1,abs14027
1,,,,,1,abs14028
0,,,,,1,abs14029
0,,,,,1,abs14030
0,,,,,0,abs14031
1,2,,,,1,abs14032
0,,,,,0,abs14033
0,,,,,1,abs14034
1,1 2,,22,,0,abs14035
1,0,2,0,,1,abs14036
1,,,0,,1,abs14037
1,2,,12,,1,abs14038
0,,,,,1,abs14039
0,,,,,1,abs14040
0,,,,,1,abs14041
1,,2,0,,1,abs14042
0,,,,1,1,abs14043
1,,2,0,,1,abs14044
1,,2,0,,1,abs14045
1,2,2,0,,1,abs14046
1,3,,0,1,0,abs14047
0,,,,,1,abs14048
1,0,,0,,1,abs14049
1,5 6,,0,,0,abs14050
1,,2,,,1,abs14051
1,,,0,,1,abs14052
1,,,0,,1,abs14053
1,,1,0,,1,abs14054
1,2,,,,1,abs14055
0,,,,,1,abs14056
0,,,,,1,abs14057
1,,,0,,1,abs14058
1,,2,0,,1,abs14059
0,,,,,1,abs14060
1,6,2,0,,1,abs14061
1,3,,0,,0,abs14062
1,3,,,,1,abs14063
1,,,,,1,abs14064
0,,,,,1,abs14065
1,,2,,,1,abs14066
1,2,,,,1,abs14067
1,2,,,,0,abs14068
1,,2,0,,1,abs14069
1,1 2,,,,1,abs14070
1,,,0,,1,abs14071
1,,,40,,1,abs14072
1,,,0,,1,abs14073
1,,2,,,1,abs14074
1,,2,0,,1,abs14075
1,,2,,,1,abs14076
0,,,,,0,abs14077
1,6,,0,,1,abs14078
0,,,,,1,abs14079
1,,,,,1,abs14080
1,,,0,,1,abs14081
1,2,2,,,1,abs14082
0,,,,,1,abs14083
1,,,,,1,abs14084
1,6,,0,,0,abs14085
1,3,2,0,1,1,abs14086
0,,,,,1,abs14087
1,2,2,,,1,abs14088
1,3 7,,,1,1,abs14089
1,,2,0,,1,abs14090
1,,2,,,1,abs14091
1,2,,,,1,abs14092
1,3,2,0,,1,abs14093
0,,,,,1,abs14094
1,2,,,,1,abs14095
1,2,,,,1,abs14096
0,,,,,1,abs14097
1,3,,0,,0,abs14098
0,,,,,1,abs14099
1,,2,0,,1,abs14100
1,,,,,1,abs14101
1,3,2,0,,0,abs14102
1,,,,,1,abs14103
1,2,,,1,1,abs14104
1,,,0,1,1,abs14105
1,2,,,,1,abs14106
1,,,0,,1,abs14107
0,,,,,1,abs14108
1,,,,,1,abs14109
1,2,,,1,0,abs14110
1,2,,,,1,abs14111
1,,2,0,,1,abs14112
1,,,,,1,abs14113
0,,,,,1,abs14114
1,,2,0,,1,abs14115
1,1 2,,,,0,abs14116
1,,2,0,,1,abs14117
1,0,,0,,1,abs14118
1,,2,,,1,abs14119
1,2,,12,,1,abs14120
0,,,,,1,abs14121
1,,2,0,,1,abs14122
1,2,,,,1,abs14123
1,,2,,,1,abs14124
0,,,,,1,abs14125
1,,2,0,,1,abs14126
0,,,,,1,abs14127
1,,2,0,,1,abs14128
0,,,,,1,abs14129
1,,,0,,1,abs14130
1,2,2,,,1,abs14131
1,5 6,,,,0,abs14132
0,,,,,1,abs14133
1,2,,,,1,abs14134
0,,,,,1,abs14135
1,3 6,,0,,0,abs14136
1,3,,0,,1,abs14137
1,0,2,0,,1,abs14138
1,3,2,0,,1,abs14139
1,,2,,,1,abs14140
1,,,,,1,abs14141
1,2,,,,1,abs14142
1,,2,0,,1,abs14143
1,,2,,,1,abs14144
1,,2,0,,1,abs14145
1,,,,,1,abs14146
0,,,,,1,abs14147
1,,,,,1,abs14148
1,,,0,,1,abs14149
1,,,0,,1,abs14150
0,,,,,1,abs14151
1,,2,0,,1,abs14152
1,,2,0,,1,abs14153
0,,,,,1,abs14154
1,,2,0,,1,abs14155
1,,,0,,0,abs14156
1,2,,,,1,abs14157
1,6,,0,,0,abs14158
1,4 5 6,,0,,0,abs14159
1,2,,,,1,abs14160
1,,,0,,1,abs14161
1,,,,1,1,abs14162
1,,,,,1,abs14163
1,5,,0,,0,abs14164
1,2,2,0,,0,abs14165
1,,2,,,1,abs14166
1,,2,0,,1,abs14167
1,,2,0,,1,abs14168
1,1 2,,,1,0,abs14169
1,6,2,0,,0,abs14170
1,,2,0,,1,abs14171
1,2,2,12,1,1,abs14172
1,,2,0,,1,abs14173
1,3,,0,,1,abs14174
1,5,1,0,,0,abs14175
1,5,,0,,0,abs14176
1,,,0,,1,abs14177
1,4 5,,0,,0,abs14178
1,2,,,,1,abs14179
1,1 5 6,2,,,0,abs14180
1,,2,0,,1,abs14181
1,,,0,,1,abs14182
1,3,,0,,0,abs14183
1,5,1,0,1,0,abs14184
1,,2,0,,1,abs14185
0,,,,,1,abs14186
1,2,,,,1,abs14187
1,,2,0,,1,abs14188
1,0,,0,,1,abs14189
1,2,,,,1,abs14190
0,,,,,1,abs14191
1,,,,,1,abs14192
1,,2,,,1,abs14193
1,2,,,1,1,abs14194
1,3,,0,,0,abs14195
1,,2,0,,1,abs14196
1,0,2,0,,1,abs14197
1,6,2,0,,1,abs14198
0,,,,,1,abs14199
1,2,,,1,1,abs14200
1,2,2,,,1,abs14201
1,0,,0,,1,abs14202
1,,2,0,,1,abs14203
1,,2,0,,1,abs14204
1,3,,0,,0,abs14205
1,3,2,0,,0,abs14206
1,6,2,0,,0,abs14207
1,,2,0,,0,abs14208
1,2,,,,1,abs14209
1,,,,,1,abs14210
1,0,2,0,,1,abs14211
1,0,2,0,,1,abs14212
1,,,0,1,1,abs14213
1,,,0,,1,abs14214
0,,,,,1,abs14215
1,,2,0,,1,abs14216
0,,,,,1,abs14217
1,,,,,1,abs14218
0,,,,1,1,abs14219
1,,,0,,1,abs14220
1,,,0,,1,abs14221
0,,,,,0,abs14222
1,6,,0,,1,abs14223
0,,,,,1,abs14224
1,0,0,0,,1,abs14225
0,,,,,1,abs14226
1,5,,0,,1,abs14227
0,,,,,1,abs14228
1,,2,0,,1,abs14229
1,,,,,1,abs14230
1,2,,,,1,abs14231
1,2,,,,1,abs14232
1,2,2,,,0,abs14233
1,,2,0,,1,abs14234
0,,,,,1,abs14235
1,0,,0,,1,abs14236
1,,2,0,,1,abs14237
1,,,,,1,abs14238
1,2,2,,,1,abs14239
1,2,,,,1,abs14240
1,4 5,,0,,0,abs14241
1,5 6,,0,1,0,abs14242
1,1 2 3 4 5 6,,,1,0,abs14243
0,,,,,1,abs14244
0,,,,,1,abs14245
1,5,,0,,1,abs14246
1,2,,,,1,abs14247
1,2,2,12,1,1,abs14248
0,,,,,0,abs14249
0,,,,,1,abs14250
1,2,,,,1,abs14251
1,2,,0,,1,abs14252
1,0,2,0,,1,abs14253
1,6,,0,1,1,abs14254
1,,2,0,,1,abs14255
1,2 3 5 6,,5,,0,abs14256
0,,,,,0,abs14257
1,1 3,,7,1,1,abs14258
1,6,2,0,,0,abs14259
1,6,2,0,,1,abs14260
0,,,,,0,abs14261
1,,2,,,1,abs14262
1,6,2,0,,0,abs14263
1,5,,,,0,abs14264
1,6,,,,1,abs14265
1,,,,,1,abs14266
1,,,0,,1,abs14267
1,3,,0,,0,abs14268
1,3,,0,,0,abs14269
1,6,,,,1,abs14270
1,2,0,0,,1,abs14271
1,5,,0,,0,abs14272
1,5 6,2,0,1,0,abs14273
0,,,,,0,abs14274
0,,,,,1,abs14275
1,0,2,0,,1,abs14276
1,6,2,0,,1,abs14277
1,2,,,,1,abs14278
1,2,2,0,,1,abs14279
1,2,,,,1,abs14280
1,2,,12,,1,abs14281
1,2,2,0,,1,abs14282
1,2,,0,,1,abs14283
1,,,0,,1,abs14284
1,2,2,,1,1,abs14285
1,1 2 3 6,,,,1,abs14286
1,5 6,,0,,0,abs14287
1,2,,14 22,,1,abs14288
1,2,,12,1,1,abs14289
1,3,2,0,1,0,abs14290
1,3,2,0,,1,abs14291
1,2,,,,1,abs14292
1,,2,0,,1,abs14293
1,,2,0,,1,abs14294
1,2,,,,1,abs14295
1,2,2,,,1,abs14296
1,2,,,,1,abs14297
0,,,,,1,abs14298
1,2,,0,,1,abs14299
1,2,,,,1,abs14300
1,2,,,,1,abs14301
1,,,0,,1,abs14302
1,2,2,3,,1,abs14303
1,0,2,0,,1,abs14304
0,,,,,1,abs14305
1,,,,,1,abs14306
1,,2,,,1,abs14307
1,,,,,1,abs14308
1,,2,,,0,abs14309
1,2,,0,,1,abs14310
1,1 2,2,,,0,abs14311
0,,,,,1,abs14312
1,1 2,,41,,1,abs14313
0,,,,,1,abs14314
0,,,,,1,abs14315
0,,,,,1,abs14316
1,2,,0,,1,abs14317
1,0,2,0,,1,abs14318
0,,,,,1,abs14319
1,,,0,,1,abs14320
0,,,,,1,abs14321
0,,,,,1,abs14322
0,,,,,1,abs14323
0,,,,,1,abs14324
1,6,,0,,1,abs14325
1,,2,0,,1,abs14326
1,,,,,1,abs14327
1,,,0,,1,abs14328
0,,,,,1,abs14329
1,3,2,0,1,1,abs14330
1,3,,0,1,1,abs14331
1,2,2,,,1,abs14332
0,,,,,1,abs14333
1,,2,0,,1,abs14334
1,,2,,,1,abs14335
1,3,2,,1,1,abs14336
0,,,,,1,abs14337
0,,,,,1,abs14338
1,1 2,,40,1,1,abs14339
1,6,,0,,1,abs14340
1,,2,0,,1,abs14341
1,6,,0,,1,abs14342
0,,,,,1,abs14343
0,,,,,1,abs14344
1,2,2,,,1,abs14345
1,2,2,,,1,abs14346
0,,,,,1,abs14347
0,,,,,1,abs14348
1,,2,,,1,abs14349
0,,,,,1,abs14350
0,,,,,1,abs14351
1,3 6,,0,1,0,abs14352
1,1 2 3 6,,40,,1,abs14353
1,2 3,,,1,1,abs14354
1,,,,,1,abs14355
0,,,,,1,abs14356
0,,,,,1,abs14357
0,,,,,1,abs14358
1,6,2,0,,1,abs14359
1,3,2,0,,1,abs14360
1,,,,,1,abs14361
1,3,,0,,1,abs14362
1,6,2,0,,1,abs14363
1,6,,0,,0,abs14364
1,,2,0,,1,abs14365
1,6,1,0,,0,abs14366
1,3,,0,,1,abs14367
0,,,,,1,abs14368
1,,,,,1,abs14369
1,1 2,,,1,0,abs14370
1,,,0,,1,abs14371
1,2,,0,,1,abs14372
1,2,,0,,1,abs14373
0,,,,,1,abs14374
1,3,,,1,0,abs14375
1,5,,0,,0,abs14376
1,5 6,,0,,0,abs14377
1,1 2 3,,,,1,abs14378
1,,,0,,1,abs14379
1,3,2,0,1,1,abs14380
1,2,,,,1,abs14381
1,1 2,2,,1,1,abs14382
1,4 5 6,,0,,0,abs14383
1,1 3 4 5,,,1,1,abs14384
1,,2,0,,1,abs14385
1,,2,0,,1,abs14386
1,0,2,0,,1,abs14387
1,2,2,0,,0,abs14388
1,2,,,,1,abs14389
0,,,,,1,abs14390
0,,,,,1,abs14391
1,1 2,2,,1,0,abs14392
0,,,,,0,abs14393
0,,,,,1,abs14394
1,2,,,,1,abs14395
1,2,,,1,1,abs14396
0,,,,,1,abs14397
1,2,,12,,1,abs14398
0,,,,,1,abs14399
1,2,,,,1,abs14400
1,6,2,0,,1,abs14401
0,,,,,1,abs14402
1,,,0,,1,abs14403
1,2,,12,,1,abs14404
0,,,,,1,abs14405
1,,,,,1,abs14406
1,,2,0,,1,abs14407
1,,2,,,1,abs14408
1,,2,0,,1,abs14409
1,,,,,1,abs14410
1,2,,0,,1,abs14411
1,,2,0,,1,abs14412
1,,2,,,1,abs14413
1,2,,0,,1,abs14414
0,,,,,1,abs14415
1,2,2,,,1,abs14416
1,2 3,,,,1,abs14417
1,6,2,0,1,1,abs14418
1,1 2,2,12,,1,abs14419
0,,,,,1,abs14420
1,3,,0,,0,abs14421
1,6,,,1,1,abs14422
1,,,,,0,abs14423
1,,2,0,,1,abs14424
1,3,,0,,0,abs14425
1,,,0,,1,abs14426
0,,,,,1,abs14427
1,,,,,1,abs14428
1,6,2,0,,1,abs14429
1,,,0,1,1,abs14430
1,,2,0,,1,abs14431
1,6,,0,,0,abs14432
1,6,2,0,,0,abs14433
1,1 2,2,22,1,1,abs14434
1,3,,0,1,0,abs14435
1,5 6,,0,,0,abs14436
0,,,,,1,abs14437
1,2,,,,1,abs14438
1,5,1,0,,0,abs14439
1,3 6,,0,,0,abs14440
1,2,,12,,1,abs14441
1,2 3,,,1,1,abs14442
1,6,,0,,0,abs14443
1,,,0,,1,abs14444
1,2,,0,,0,abs14445
0,,,,,1,abs14446
1,,,,,1,abs14447
0,,,,,1,abs14448
0,,,,,1,abs14449
1,,2,0,,1,abs14450
1,4 5 6,2,0,,0,abs14451
0,,,,,1,abs14452
1,,,0,,1,abs14453
1,,2,0,,1,abs14454
1,3 5,,0,1,1,abs14455
1,,2,0,,1,abs14456
1,3,,0,,1,abs14457
1,3,,,,1,abs14458
1,3,,0,1,1,abs14459
1,,,,,1,abs14460
0,,,,,1,abs14461
1,2,2,,,1,abs14462
1,1 2,,,,0,abs14463
1,6,,,,1,abs14464
0,,,,,1,abs14465
1,6,2,0,,1,abs14466
1,1 2,,7,,0,abs14467
0,,,,,1,abs14468
1,0,2,0,,1,abs14469
1,,,9,,1,abs14470
1,,,0,,1,abs14471
1,2,2,,,1,abs14472
1,2,2,,,1,abs14473
1,6,,0,,1,abs14474
1,,,0,,1,abs14475
0,,,,,1,abs14476
1,,2,0,,1,abs14477
1,,,0,,1,abs14478
0,,,,,1,abs14479
1,1 2,,,1,0,abs14480
1,6,0,0,,1,abs14481
0,,,,,1,abs14482
1,,,0,,1,abs14483
1,6,,0,,1,abs14484
1,5,,0,,0,abs14485
1,3,,0,,1,abs14486
0,,,,,1,abs14487
0,,,,,1,abs14488
1,6,2,0,,1,abs14489
1,3,2,0,,0,abs14490
1,6,,0,,0,abs14491
1,1 2,1,,,0,abs14492
1,5 6,2,0,,0,abs14493
1,5,1,0,1,0,abs14494
1,5,1,0,,0,abs14495
1,4 5 6,,0,,0,abs14496
1,6,,0,,0,abs14497
1,3 6,,,,1,abs14498
1,4,,0,,1,abs14499
0,,,,,0,abs14500
1,4 5,,0,1,1,abs14501
1,4 5,,0,,0,abs14502
1,4 5,,,,1,abs14503
1,4 5 6,2,0,,0,abs14504
1,4 5 6,,0,,0,abs14505
1,6,,0,,0,abs14506
1,4 5,,,,1,abs14507
1,4 5 6,,0,,0,abs14508
1,6,,0,,0,abs14509
1,6,2,0,,0,abs14510
1,6,,0,,1,abs14511
1,4,2,0,,1,abs14512
1,6,2,0,,0,abs14513
1,4,,,,0,abs14514
1,4 5,,0,,0,abs14515
1,4 6,2,0,,1,abs14516
1,3 7,,0,1,1,abs14517
1,6,2,,,0,abs14518
1,4,2,,,1,abs14519
1,6,2,0,,1,abs14520
1,5 6,,0,,0,abs14521
1,6,2,0,,0,abs14522
1,6,2,0,,1,abs14523
0,,,,,1,abs14524
1,5,1,0,,0,abs14525
1,4 5 6,,0,,0,abs14526
1,6,2,0,,0,abs14527
1,4 5,,0,,0,abs14528
1,6,,0,,0,abs14529
1,5,,0,,0,abs14530
1,6,,0,,0,abs14531
1,5 6,1,0,,0,abs14532
1,5,1,0,,0,abs14533
1,4 5,,0,,0,abs14534
1,6,,0,,0,abs14535
1,5,2,0,,0,abs14536
1,5,1,0,,0,abs14537
1,4 5 6,2,0,,0,abs14538
1,4 5,2,0,,1,abs14539
1,5,,0,,0,abs14540
0,,,,,0,abs14541
1,6,2,0,,0,abs14542
1,7,2,0,,0,abs14543
1,7,,0,,0,abs14544
1,6 7,,0,,0,abs14545
1,6,,0,,1,abs14546
1,4 5,,0,1,0,abs14547
1,5,,0,,0,abs14548
1,4 5,,0,1,0,abs14549
1,4 5,,0,,1,abs14550
1,6,,0,,0,abs14551
1,6,2,0,,0,abs14552
1,4 5,,0,,0,abs14553
1,5,,0,,0,abs14554
1,5,,0,,0,abs14555
1,5,,0,,0,abs14556
1,5,1,0,,0,abs14557
1,7,,0,,0,abs14558
1,5,,0,,0,abs14559
1,6,,0,,0,abs14560
1,4 5,,0,1,0,abs14561
1,1 2,,,,0,abs14562
1,5,1,0,,0,abs14563
1,5,,0,,0,abs14564
1,6,,0,,0,abs14565
1,6,1,0,,0,abs14566
1,5 6,,0,,0,abs14567
1,4 5,,0,,1,abs14568
1,5,1,0,,0,abs14569
1,5 6,,0,,0,abs14570
1,5 6,,0,,0,abs14571
1,4 5,1,0,,0,abs14572
1,4 5 6,,0,,0,abs14573
1,5 6,,0,,0,abs14574
1,4,,0,,1,abs14575
0,,,,,0,abs14576
1,4,2,0,,0,abs14577
1,6,,0,1,1,abs14578
1,1 2,,,,0,abs14579
1,5,,0,,0,abs14580
1,5,,0,,0,abs14581
1,5 6,1,0,,0,abs14582
1,6,2,0,,1,abs14583
1,4 5 6,,0,,0,abs14584
1,5,,0,,0,abs14585
1,5,,0,,0,abs14586
1,4 5,1,0,,0,abs14587
0,,,,,0,abs14588
1,5,2,0,,0,abs14589
1,3,,0,,0,abs14590
1,1 2,,,1,0,abs14591
1,4 5 6,2,0,,0,abs14592
1,4 5 6,2,0,,0,abs14593
1,4 5,,0,,0,abs14594
1,5,2,0,,0,abs14595
1,4 6,,0,,1,abs14596
1,4,2,,,1,abs14597
1,5,1,0,,0,abs14598
1,3 5,1,0,,0,abs14599
1,5,,0,,0,abs14600
1,6,2,0,,0,abs14601
1,5 6,1,0,1,0,abs14602
1,5,1,0,,0,abs14603
1,5 7,,0,,0,abs14604
1,5,1,0,,0,abs14605
1,4 5 6 7,2,0,,0,abs14606
1,6,2,0,,0,abs14607
1,5,,0,,0,abs14608
1,6,2,0,,0,abs14609
1,5 6,,0,,0,abs14610
1,3 5,,0,,0,abs14611
1,4 5 6,,0,,0,abs14612
1,5,1,0,,0,abs14613
1,5,,0,,0,abs14614
1,3 5 6,,0,,0,abs14615
1,6,,0,,0,abs14616
1,4 5,,0,,0,abs14617
1,6,,0,,0,abs14618
1,4 5 6 7,2,0,,0,abs14619
1,5 6,1,0,,0,abs14620
1,5,2,0,,0,abs14621
1,5,1,0,,0,abs14622
1,4 5,2,0,,0,abs14623
1,5 6,,0,,0,abs14624
0,,,,,1,abs14625
1,3 5 6,,0,,0,abs14626
1,,,,,0,abs14627
1,4 5 6,2,0,,0,abs14628
0,,,,,0,abs14629
0,,,,,1,abs14630
1,6,,0,,0,abs14631
1,4 5,,0,1,1,abs14632
1,6,,0,,0,abs14633
1,5,,0,,0,abs14634
1,6,,0,,0,abs14635
1,5,,0,,0,abs14636
1,5 6,,0,,0,abs14637
1,5,1,0,,0,abs14638
1,4 6,2,0,,0,abs14639
0,,,,,0,abs14640
1,5 7,,0,,0,abs14641
1,4 5,,0,,0,abs14642
1,4,2,0,,1,abs14643
1,4 5,2,0,,0,abs14644
1,5,,0,,0,abs14645
0,,,,,0,abs14646
1,5 6,,0,,0,abs14647
1,5,,0,,0,abs14648
1,5,2,0,,0,abs14649
1,4 5 6 7,2,0,,0,abs14650
1,,,,,1,abs14651
1,,,,,0,abs14652
1,4 5,1,0,1,0,abs14653
1,4,2,,,0,abs14654
1,6,2,0,,0,abs14655
1,,2,0,,0,abs14656
1,5,1,0,,0,abs14657
1,5 6,,0,,0,abs14658
1,5,,0,,0,abs14659
1,6,,0,,0,abs14660
1,4 5,,0,,0,abs14661
1,5,,0,,0,abs14662
1,4 5 6,2,0,,0,abs14663
1,5 6,,0,,0,abs14664
0,,,,,0,abs14665
1,3 6,,0,,0,abs14666
1,5,1,0,,0,abs14667
1,5,,0,,0,abs14668
1,5,,0,,0,abs14669
1,6,2,0,,0,abs14670
1,4 5 6,2,0,,1,abs14671
1,5,1,0,,0,abs14672
1,5 6,,0,,1,abs14673
1,6,2,0,,0,abs14674
1,4 5 6,1,0,1,0,abs14675
1,4 5,2,0,,1,abs14676
1,6,2,0,,0,abs14677
0,,,,,1,abs14678
0,,,,,0,abs14679
0,,,,,0,abs14680
1,6,,0,,0,abs14681
1,4 5,,0,,1,abs14682
1,5,,0,,0,abs14683
1,5,,0,,0,abs14684
1,4 5,,0,,0,abs14685
1,6,,,,1,abs14686
1,5,,0,,0,abs14687
1,4 5,,26,,0,abs14688
1,5,,0,,0,abs14689
1,5,2,0,,0,abs14690
1,5,,0,,0,abs14691
1,4 5,,0,,0,abs14692
1,4 5,2,0,,0,abs14693
1,,,0,,0,abs14694
1,5,2,0,,1,abs14695
0,,,,,0,abs14696
1,6,,0,,0,abs14697
1,4 5,,0,,0,abs14698
1,5,,0,,0,abs14699
1,3 4 5 6,1,0,,0,abs14700
1,5 6,2,0,,0,abs14701
0,,,,,0,abs14702
1,5,,0,,0,abs14703
1,5,,0,,0,abs14704
1,5,2,0,,0,abs14705
1,4 5 6,,,,1,abs14706
1,5,,0,,0,abs14707
1,1 2,2,,,0,abs14708
1,4 5 6,2,0,,0,abs14709
1,5,,0,,0,abs14710
0,,,,,0,abs14711
1,1 2,,22,,0,abs14712
1,5 6,1,0,,0,abs14713
1,4 5 6 7,,0,,0,abs14714
1,3,,0,,0,abs14715
1,4 5,2,0,,0,abs14716
1,1 2,,26,,0,abs14717
1,4 5,,0,,0,abs14718
1,5,,0,,0,abs14719
1,4 5,,0,,0,abs14720
1,7,,0,,0,abs14721
1,6,,,,0,abs14722
1,5 6,,0,,0,abs14723
1,5 6,,0,,0,abs14724
1,3,,0,,0,abs14725
1,5 6,1,0,,0,abs14726
1,5 6,,0,,0,abs14727
0,,,,,0,abs14728
1,4 5 6,,0,,0,abs14729
0,,,,,0,abs14730
1,4,2,0,,1,abs14731
0,,,,,0,abs14732
1,3,1,0,,0,abs14733
1,5,,0,,0,abs14734
1,5,,0,,0,abs14735
1,,,0,,0,abs14736
1,6,2,0,,1,abs14737
1,2,,,,1,abs14738
1,4,,0,,1,abs14739
1,3 5 6,,0,1,1,abs14740
1,5,1,0,,0,abs14741
1,4 5 6,,0,,0,abs14742
0,,,,,0,abs14743
1,5,,0,,0,abs14744
1,4 5 6,,0,,1,abs14745
1,4 5,,0,,0,abs14746
1,6,2,0,,0,abs14747
1,5,,0,,0,abs14748
1,5,1,0,,0,abs14749
1,5,,,,0,abs14750
1,,2,,,1,abs14751
1,4 5 6,2,0,,0,abs14752
0,,,,,0,abs14753
1,4 6,,0,,0,abs14754
1,4 5,,0,,0,abs14755
1,5 6 7,,0,,0,abs14756
1,5,,0,,0,abs14757
1,4 5,2,0,1,0,abs14758
1,1 2 4 5 6,,,1,1,abs14759
1,5 6,,0,,0,abs14760
1,6,,0,,0,abs14761
1,5,,0,,0,abs14762
1,5 6,1,0,,0,abs14763
1,4 5,,0,,0,abs14764
1,5,,0,,0,abs14765
1,2,,,,1,abs14766
1,4 5,2,0,,0,abs14767
1,5,,0,1,0,abs14768
1,6,2,0,,0,abs14769
1,6,2,0,,0,abs14770
1,4 5,,0,,0,abs14771
1,5 6,,0,,0,abs14772
1,4 5,,0,,0,abs14773
1,5,1,0,,0,abs14774
1,4 5,1,0,,0,abs14775
1,4 5,2,0,,0,abs14776
1,4 5,2,0,1,0,abs14777
1,4 5 6,2,0,,0,abs14778
1,5,,0,,0,abs14779
1,5,1,0,,0,abs14780
1,,,,,1,abs14781
1,4 5 6,1,0,,0,abs14782
0,,,,,0,abs14783
1,4 6,,0,,0,abs14784
0,,,,,0,abs14785
1,5,,0,,0,abs14786
0,,,,,1,abs14787
1,6,,,,0,abs14788
0,,,,,0,abs14789
1,6,,0,,0,abs14790
1,2,,22,,0,abs14791
1,5 6,2,0,,0,abs14792
1,5,1,0,,0,abs14793
1,,2,0,,1,abs14794
1,4 5,,0,,0,abs14795
1,5,,0,,0,abs14796
1,3 5 6,1,0,1,0,abs14797
1,4 5,,,,0,abs14798
0,,,,,0,abs14799
1,6,2,0,,0,abs14800
1,5 6,2,0,,0,abs14801
1,6,2,0,,0,abs14802
0,,,,,0,abs14803
1,4 5 6,2,0,,0,abs14804
1,4 5,1,0,,0,abs14805
1,5,,0,,0,abs14806
0,,,,,1,abs14807
1,4,,0,,1,abs14808
1,4 5,,0,,0,abs14809
0,,,,,1,abs14810
1,4 5,1,0,,0,abs14811
1,4 5,1,,,0,abs14812
0,,,,,1,abs14813
0,,,,,0,abs14814
1,5,,0,,0,abs14815
1,5,2,0,,1,abs14816
1,4 5,,0,,0,abs14817
1,6,,0,,0,abs14818
1,6 7,,0,,0,abs14819
1,6,2,0,,0,abs14820
1,4 5 6,1,15,,0,abs14821
1,5 6,,0,,0,abs14822
1,5,,0,,0,abs14823
1,4 7,,0,,1,abs14824
1,6,,0,,0,abs14825
1,5 6,,0,,0,abs14826
0,,,,,1,abs14827
1,4 5 6,,0,,0,abs14828
1,4 5 6,1,0,,1,abs14829
1,6,2,0,,0,abs14830
1,4,,0,,0,abs14831
1,4 5,1,0,,0,abs14832
1,5,,0,,0,abs14833
1,4 5,2,0,,0,abs14834
1,1 2 4 5 6,,,,0,abs14835
1,4 5,,0,,0,abs14836
1,5,2,0,,0,abs14837
1,5,,0,,0,abs14838
1,5,1,0,1,0,abs14839
1,6,2,0,,0,abs14840
0,,,,,0,abs14841
1,5 6,,0,,0,abs14842
1,4 5,,0,,0,abs14843
1,4 5,,0,,0,abs14844
1,4 5 6,,0,,1,abs14845
1,5 6,,0,,0,abs14846
1,4 5,2,0,,0,abs14847
1,4 5,,0,,0,abs14848
1,,2,0,,0,abs14849
1,3 6,,0,,0,abs14850
1,5,,0,,0,abs14851
1,1 2 5,2,,,0,abs14852
1,3 5,1,0,1,0,abs14853
1,6,2,0,,0,abs14854
1,4 5 6,2,0,,0,abs14855
1,4 5,,0,,0,abs14856
1,4 5,,0,,0,abs14857
1,4 5,,0,,0,abs14858
1,6,,0,,0,abs14859
1,4 5 6,1,0,,0,abs14860
1,4 5,,0,,0,abs14861
1,4 5 6 7,,0,,0,abs14862
1,,2,,,1,abs14863
0,,,,,0,abs14864
1,6,2,0,,0,abs14865
1,4 5 6 7,2,0,,1,abs14866
1,4 6,2,0,,1,abs14867
1,3 7,2,0,,1,abs14868
1,4 5,,0,,0,abs14869
1,3,,0,,0,abs14870
1,1 2 4 5 6,,,1,0,abs14871
0,,,,,1,abs14872
1,5,1,0,,0,abs14873
1,4 5 6 7,2,0,,0,abs14874
1,5,1,0,,0,abs14875
1,,,3,,1,abs14876
1,5 6,1,0,,0,abs14877
1,5 6,1,0,,0,abs14878
1,6,,0,,0,abs14879
1,6,2,0,,1,abs14880
0,,,,,0,abs14881
0,,,,,1,abs14882
1,5 6,,0,,0,abs14883
1,5,,0,,0,abs14884
1,4 5 6,2,0,,0,abs14885
0,,,,,0,abs14886
1,4,,,1,1,abs14887
1,4 5,,0,,0,abs14888
1,4 5,1,0,,0,abs14889
1,2 5 6,,22,,0,abs14890
1,6,2,0,,0,abs14891
1,5,,0,,0,abs14892
1,4 6,2,0,,0,abs14893
0,,,,,0,abs14894
1,5,,0,,0,abs14895
1,5 6,2,0,,0,abs14896
1,5 6,1,0,,0,abs14897
1,5,,0,,0,abs14898
1,5,,0,,0,abs14899
1,5,,0,,0,abs14900
1,5 6,2,0,,0,abs14901
1,2,2,,,1,abs14902
1,4 5 6,2,0,,1,abs14903
1,4 5,2,0,,1,abs14904
1,5,1,0,,0,abs14905
1,5,2,0,,0,abs14906
1,5 6,1,0,,0,abs14907
1,5,,0,,0,abs14908
1,4 5,,0,,0,abs14909
1,5 6 7,,0,,0,abs14910
1,6,2,0,,0,abs14911
1,5 6,2,0,,0,abs14912
1,3,,0,,1,abs14913
1,3,,0,1,1,abs14914
1,5 6,,0,,0,abs14915
1,4 5 6,2,0,,1,abs14916
1,5,,0,,0,abs14917
0,,,,,1,abs14918
1,6 7,,0,,0,abs14919
1,4 5,,0,,1,abs14920
1,5 6,,0,,0,abs14921
1,6,,0,,0,abs14922
1,6,,,,0,abs14923
0,,,,,1,abs14924
1,4 5 6,,0,,1,abs14925
1,4 5,,0,,1,abs14926
1,6,2,0,,0,abs14927
1,5,2,0,,0,abs14928
1,2 4,,,,0,abs14929
1,1 2,,14 22,,0,abs14930
1,5,1,0,1,0,abs14931
0,,,,,0,abs14932
1,6,2,0,,0,abs14933
1,5,2,0,,0,abs14934
1,7,2,0,,0,abs14935
1,5 6,,0,,0,abs14936
1,6,2,0,,0,abs14937
0,,,,,0,abs14938
1,5,,0,,0,abs14939
1,5 6,1,0,,0,abs14940
1,5,2,0,,0,abs14941
0,,,,,0,abs14942
1,6,,0,,0,abs14943
1,5,,0,,0,abs14944
1,6,,0,,1,abs14945
1,6,,0,,0,abs14946
1,5 6,,0,,0,abs14947
1,4 5 6 7,,0,,0,abs14948
0,,,,,0,abs14949
1,4 5 6 7,2,0,,0,abs14950
1,4,,0,,1,abs14951
1,5,2,0,,0,abs14952
1,6,2,0,,0,abs14953
1,4,,0,,1,abs14954
1,4 5,,,,1,abs14955
1,4 5 6,2,0,,0,abs14956
1,5 6,2,0,,0,abs14957
1,6,,0,,0,abs14958
1,4 5,,0,,0,abs14959
1,6,,0,,0,abs14960
1,5,,0,,0,abs14961
1,4 5,,0,,0,abs14962
1,4 5,,0,,0,abs14963
1,4 5 6 7,,0,,0,abs14964
1,4 5,,0,,0,abs14965
1,5,,0,,0,abs14966
1,4 5,2,0,,0,abs14967
1,4 5,,0,,0,abs14968
0,,,,0,1,abs14969
1,4 5,,0,,0,abs14970
1,4 5,1,0,,0,abs14971
1,0,,0,,0,abs14972
0,,,,,0,abs14973
1,5,,0,,0,abs14974
1,6,2,0,,0,abs14975
1,6,,0,,0,abs14976
1,5,,0,,0,abs14977
1,6,,0,,0,abs14978
1,7,,0,,0,abs14979
1,5 6,,0,,0,abs14980
1,4 5,,0,,0,abs14981
1,5,2,0,,1,abs14982
1,5,,0,,0,abs14983
1,6,2,0,,0,abs14984
1,5 6,,0,,0,abs14985
1,5,1,0,,0,abs14986
1,4 5 6,2,0,,0,abs14987
0,,,,,0,abs14988
1,5,1,0,,0,abs14989
1,4 5 6 7,,0,,0,abs14990
1,1 2,,,1,0,abs14991
1,5,,0,,0,abs14992
1,4 5,2,0,,0,abs14993
1,4 5 6,,0,,0,abs14994
1,,,,,1,abs14995
1,6,2,0,,0,abs14996
0,,,,,0,abs14997
1,5 6,1,0,,0,abs14998
1,4 5,,0,,0,abs14999
1,6,2,0,,0,abs15000
1,6,,0,,0,abs15001
1,5 6,1,0,,0,abs15002
1,4 5 6,,0,,0,abs15003
1,5 6,,0,,0,abs15004
1,5 6,2,0,,0,abs15005
1,5,,0,,0,abs15006
1,6 7,1,0,,0,abs15007
1,1 5 6,,,,0,abs15008
1,5 6,1,0,,0,abs15009
1,5,2,0,,0,abs15010
1,4 5,1,0,,0,abs15011
1,4 5 6,,0,,0,abs15012
1,4 5 6,2,0,,0,abs15013
1,5,,0,,0,abs15014
1,3 6,,0,,0,abs15015
1,4,2,0,,0,abs15016
1,,2,0,,0,abs15017
1,4 5,,0,,0,abs15018
1,0,,0,,0,abs15019
0,,,,,0,abs15020
1,4 5 6 7,2,0,,0,abs15021
1,6,1,0,,0,abs15022
1,5 6,1,0,,0,abs15023
1,5 6,1,0,,1,abs15024
1,6,,0,,0,abs15025
1,5 6,,0,,0,abs15026
1,5,,0,,0,abs15027
0,,,,,1,abs15028
1,5,,0,,0,abs15029
0,,,,,0,abs15030
1,6,,0,,0,abs15031
1,6,,0,,0,abs15032
0,,,,,0,abs15033
1,4 5,1,0,,0,abs15034
1,3,,0,,0,abs15035
1,3,,0,1,1,abs15036
1,6,,0,,0,abs15037
1,4 5,,0,,0,abs15038
1,6,,0,,1,abs15039
1,4 5,,0,,0,abs15040
1,5,,0,,0,abs15041
1,3,1,0,,0,abs15042
1,5 6,,0,,0,abs15043
1,6,2,0,,1,abs15044
1,7,,0,,0,abs15045
1,5 6,1,0,,0,abs15046
1,4 5,2,0,,0,abs15047
1,5,,0,,1,abs15048
1,6,,0,,0,abs15049
1,4 5 6 7,,0,,0,abs15050
1,5,,0,,0,abs15051
1,5,,0,,0,abs15052
1,5,,0,,0,abs15053
1,4 5,,0,,0,abs15054
1,4 5 6,,0,,0,abs15055
1,5,,0,,0,abs15056
1,4 5,,0,,0,abs15057
1,4 5,,0,,0,abs15058
1,4 5 6,,0,,0,abs15059
1,3 7,1,0,1,1,abs15060
1,5 6,2,0,,0,abs15061
1,6,,0,,0,abs15062
0,,,,,0,abs15063
1,6,,0,,0,abs15064
1,6,2,0,,0,abs15065
1,6,,0,,1,abs15066
1,4 5,,0,,0,abs15067
1,5,1,0,,0,abs15068
1,3,,0,,1,abs15069
0,,,,,0,abs15070
1,4 5 6,,0,,0,abs15071
1,4 5 6,2,0,,1,abs15072
1,6,2,0,,0,abs15073
1,5,2,0,,0,abs15074
1,5 6,,0,,0,abs15075
1,6,,0,,0,abs15076
1,4 5,,,,1,abs15077
1,5,,0,,0,abs15078
1,1 2,,,1,0,abs15079
1,4,,,,1,abs15080
1,5 6,1,0,,0,abs15081
1,4 5,,0,,1,abs15082
1,5 6,,0,1,0,abs15083
1,5,,0,,0,abs15084
1,6,2,0,,0,abs15085
1,6,2,0,,0,abs15086
1,4 5 6,,0,,0,abs15087
0,,,,,0,abs15088
1,6,2,0,,1,abs15089
1,4 5 6 7,2,0,,0,abs15090
1,4 5,,0,,0,abs15091
1,4 5,2,0,,1,abs15092
1,3 4,1,,1,1,abs15093
1,1 2 4 5 6,,0,,0,abs15094
1,5,2,0,,0,abs15095
1,5 6,1,0,1,0,abs15096
1,5,,0,,0,abs15097
1,1 2,,22,1,0,abs15098
1,3 7,,0,1,1,abs15099
1,5 6,,0,,0,abs15100
0,,,,,0,abs15101
1,5 6,2,0,,0,abs15102
1,4 5 6,,0,,0,abs15103
1,6,2,0,,1,abs15104
1,5,,0,,0,abs15105
1,4,,,,1,abs15106
1,5,,0,,0,abs15107
1,5 7,,0,,0,abs15108
1,5,1,0,,0,abs15109
1,5 6,,0,,0,abs15110
0,,,,,0,abs15111
0,,,,,1,abs15112
1,6,,0,,0,abs15113
1,6,,,,1,abs15114
1,4 5,,0,,0,abs15115
0,,,,,0,abs15116
1,4 6,2,0,,0,abs15117
1,4 5 6 7,2,0,,0,abs15118
1,4 5,1,0,1,1,abs15119
0,,,,,0,abs15120
1,5,,0,,0,abs15121
1,6,2,0,,0,abs15122
0,,,,,0,abs15123
1,4 6,,0,,0,abs15124
0,,,,,0,abs15125
1,4 5,1,0,,0,abs15126
1,4 5,1,0,,0,abs15127
1,5,,0,,0,abs15128
1,1 2,2,,1,0,abs15129
1,4 5 6 7,,0,,0,abs15130
1,4 5,2,0,,1,abs15131
0,,,,,0,abs15132
1,4 5 6,2,0,,0,abs15133
0,,,,,0,abs15134
1,4 5 6 7,,0,,0,abs15135
1,5,,,,1,abs15136
1,5,,0,,0,abs15137
1,6,2,0,,0,abs15138
1,5,,0,,0,abs15139
1,6,,0,,0,abs15140
1,4 5 6,,0,,0,abs15141
1,1 2 4 5 6,,26,,0,abs15142
1,6,,0,,0,abs15143
1,5 6 7,,0,,0,abs15144
1,4 5 6 7,,0,,0,abs15145
1,4 5 6 7,2,0,,0,abs15146
1,5,1,0,,0,abs15147
1,4 5,2,0,,0,abs15148
1,4,,0,,0,abs15149
1,6,2,0,,0,abs15150
1,4 5,,,,0,abs15151
1,6 7,,0,,0,abs15152
1,6,2,0,,0,abs15153
1,5 6 7,,0,,0,abs15154
1,5,1,0,,0,abs15155
1,6,2,0,,0,abs15156
1,3 6,2,0,,0,abs15157
1,4 6,,0,,1,abs15158
1,4 5,2,0,,1,abs15159
0,,,,,0,abs15160
1,6,,0,,0,abs15161
1,,2,0,,1,abs15162
0,,,,,0,abs15163
1,4 5,2,0,,0,abs15164
1,4 5,,0,,0,abs15165
1,2,2,23 24,,1,abs15166
1,4 5,1,0,1,1,abs15167
1,4 5,,0,,0,abs15168
1,4 6,2,0,,0,abs15169
1,6,2,0,,0,abs15170
1,5,,0,,0,abs15171
1,1 2,,,,1,abs15172
1,6,,0,,0,abs15173
1,4 5 6,,0,,1,abs15174
1,4 5 6 7,,0,,1,abs15175
1,2,,24,,1,abs15176
1,4 5,1,0,,0,abs15177
1,5,1,0,,0,abs15178
0,,,,,0,abs15179
1,6,2,0,,0,abs15180
1,4 5 6 7,,0,,1,abs15181
1,3 5 6,,0,,0,abs15182
1,,2,0,,0,abs15183
1,5,,0,,0,abs15184
1,6,,0,,0,abs15185
1,,,,,0,abs15186
1,4 5 6,2,0,,0,abs15187
1,1 2 6,,7 8,,1,abs15188
0,,,,,0,abs15189
1,4 5 6,,0,,0,abs15190
1,5 6,2,0,,0,abs15191
1,4 5,,0,,0,abs15192
1,3,1,0,,0,abs15193
1,5,,0,,0,abs15194
0,,,,,0,abs15195
1,5,,0,,0,abs15196
1,6,2,0,,0,abs15197
1,6,,0,,0,abs15198
1,4 5 6,,0,,1,abs15199
1,4 5 6,,0,,0,abs15200
1,2,,0,,0,abs15201
1,4 5,,0,,0,abs15202
1,5 6,,0,,0,abs15203
1,4 5 6,2,0,,0,abs15204
1,4 5,,0,,0,abs15205
1,4 5,,0,,0,abs15206
1,4 5,,0,,0,abs15207
0,,,,,0,abs15208
1,6,2,0,,0,abs15209
1,4 5,,0,,0,abs15210
1,,,,,1,abs15211
1,,2,,,1,abs15212
0,,,,,1,abs15213
1,5,2,0,,0,abs15214
0,,,,,1,abs15215
0,,,,1,1,abs15216
1,1 2 5 6,,,,0,abs15217
0,,,,,0,abs15218
1,5,,0,,0,abs15219
1,5 6,,0,,0,abs15220
0,,,,,0,abs15221
1,5,,0,1,1,abs15222
0,,,,,0,abs15223
1,5,2,0,,0,abs15224
1,5,,0,,0,abs15225
1,4 5,,,,0,abs15226
1,6,2,0,,0,abs15227
1,5,,0,,0,abs15228
1,5,2,0,,0,abs15229
1,5,1,0,,0,abs15230
1,5,,0,,0,abs15231
1,1 2,,22,,0,abs15232
1,1 2,,,1,0,abs15233
1,5,,0,,0,abs15234
1,5,,0,,0,abs15235
1,4 5,1,0,,0,abs15236
1,4 5,,0,,0,abs15237
1,5 6,,0,,0,abs15238
0,,,,,1,abs15239
0,,,,,0,abs15240
0,,,,,0,abs15241
1,4 5,,0,,0,abs15242
1,5,,0,,0,abs15243
0,,,,,1,abs15244
0,,,,,0,abs15245
1,6,2,0,,0,abs15246
1,1 2,,,,0,abs15247
0,,,,,0,abs15248
1,5,,0,,0,abs15249
1,1 2,,,,0,abs15250
1,6,,0,,0,abs15251
1,5,,0,,0,abs15252
1,4 5 6,1,0,,0,abs15253
0,,,,,0,abs15254
1,4 5,,0,,0,abs15255
1,4 5,2,0,,0,abs15256
1,5 6,2,0,,0,abs15257
1,5 6,1,0,,0,abs15258
1,5 6,,0,,0,abs15259
1,1 2,,22,,0,abs15260
1,5,,0,,0,abs15261
1,4 5,2,0,,1,abs15262
1,6,,0,,0,abs15263
1,4 5 6 7,,0,,1,abs15264
1,5 6,,0,,0,abs15265
1,6,2,0,,0,abs15266
1,5 6,2,0,,0,abs15267
1,4 5 6,,0,,0,abs15268
1,4 5 6,,0,,1,abs15269
1,4,2,,,1,abs15270
1,5,,0,,0,abs15271
1,4 5 6,,0,,0,abs15272
0,,,,,0,abs15273
1,5,1,0,1,0,abs15274
1,5 6,,0,,0,abs15275
1,4 5,,0,,0,abs15276
1,4 5,,0,,0,abs15277
1,5,2,0,,0,abs15278
1,4 5,1,0,,0,abs15279
1,4 5,2,0,,0,abs15280
1,4,2,,,1,abs15281
1,4 5,,0,,0,abs15282
1,4 5 6,,0,,0,abs15283
1,6,0,0,,0,abs15284
1,3,,0,,0,abs15285
0,,,,,0,abs15286
1,1 2,,,,0,abs15287
1,,2,0,,1,abs15288
0,,,,,0,abs15289
1,3,,0,,0,abs15290
1,4 5,2,0,,0,abs15291
1,4,,0,,0,abs15292
0,,,,,1,abs15293
0,,,,,0,abs15294
1,,2,0,,0,abs15295
1,4 5,2,0,,0,abs15296
1,5 6,,0,,0,abs15297
1,6,,0,,0,abs15298
1,4 5 6,,0,,1,abs15299
1,6,,0,,0,abs15300
1,5,2,0,,0,abs15301
1,5,,0,,0,abs15302
0,,,,,0,abs15303
1,6,2,0,,0,abs15304
1,5,,0,,0,abs15305
1,4 5,,0,,0,abs15306
1,4 5,,,,1,abs15307
0,,,,,0,abs15308
1,5,1,0,,0,abs15309
1,4 5,,0,,0,abs15310
1,5,,0,,0,abs15311
1,6,,0,,0,abs15312
1,,,0,,1,abs15313
1,5 6,,0,,0,abs15314
1,4 5 6 7,,0,,0,abs15315
1,4 5 6,,0,,0,abs15316
1,4 5,1,0,,0,abs15317
1,5,,0,,0,abs15318
1,3,,0,,0,abs15319
1,5,,0,,0,abs15320
1,4 5 6,2,0,,0,abs15321
1,6,,0,,0,abs15322
0,,,,,0,abs15323
1,5,,0,,0,abs15324
1,5,,0,,0,abs15325
1,4 5 6 7,,0,,1,abs15326
1,4 5 6,,,,1,abs15327
1,1 2,,,,0,abs15328
1,4 5,,0,,0,abs15329
0,,,,,0,abs15330
1,4,,0,,1,abs15331
0,,,,,0,abs15332
1,6,,0,,0,abs15333
1,6,2,0,,0,abs15334
0,,,,,0,abs15335
1,5 6,,0,,0,abs15336
1,4 5,,0,,0,abs15337
1,4 5,,0,,0,abs15338
1,5,,0,,0,abs15339
1,6,2,0,,1,abs15340
1,5,1,0,,0,abs15341
1,4 5,,0,,0,abs15342
1,2,,,,1,abs15343
1,5,,0,,0,abs15344
1,6,2,0,,0,abs15345
1,5,,0,,0,abs15346
1,4 5 6,,0,,0,abs15347
1,4 5,,0,,0,abs15348
1,5,,0,,0,abs15349
1,6,2,0,1,1,abs15350
1,5,,0,,0,abs15351
1,5,,0,,0,abs15352
1,6,,0,,0,abs15353
1,4,2,,,1,abs15354
1,6,2,0,,0,abs15355
1,5 6,,0,,0,abs15356
1,5,,0,,0,abs15357
0,,,,,0,abs15358
0,,,,,0,abs15359
0,,,,,0,abs15360
1,5,,0,,0,abs15361
1,4 5,,0,,0,abs15362
1,4 5 6,,0,,1,abs15363
1,5 6,,0,,0,abs15364
1,4 5,,0,,0,abs15365
1,5,1,0,,0,abs15366
1,5,,0,,0,abs15367
1,4 5 6,2,0,,0,abs15368
0,,,,,0,abs15369
1,6,2,24,,1,abs15370
1,6,,,,0,abs15371
1,5,,,,0,abs15372
1,6,,,,1,abs15373
1,4 5,,0,,0,abs15374
1,6 7,2,0,,0,abs15375
0,,,,,0,abs15376
1,2,2,,,0,abs15377
1,3 6 7,2,0,,0,abs15378
1,1 4 5 6,1,,,0,abs15379
1,6,2,0,,0,abs15380
1,3 7,2,0,,0,abs15381
1,4 5,,0,,1,abs15382
1,4,2,0,,0,abs15383
1,4,,0,,1,abs15384
1,5 6,2,0,,0,abs15385
1,4 5,,0,,0,abs15386
1,5,,0,,0,abs15387
1,4 5 6 7,,0,,1,abs15388
1,2,,,,1,abs15389
1,4 5,,0,,0,abs15390
1,5,,0,,0,abs15391
1,6,,,,1,abs15392
1,6,,0,,1,abs15393
1,6,2,0,,0,abs15394
1,4 5,,0,,0,abs15395
1,3,,0,1,0,abs15396
0,,,,,0,abs15397
1,6,2,0,,0,abs15398
1,5,1,0,,0,abs15399
1,4 6,2,0,,0,abs15400
1,6,,0,,0,abs15401
1,5 6,,0,,0,abs15402
1,5,,0,,0,abs15403
0,,,,,0,abs15404
1,2,,,,1,abs15405
1,6,2,0,,0,abs15406
1,5,2,0,,0,abs15407
1,4 5 6,,0,1,0,abs15408
1,,,3,,1,abs15409
1,4 5 6 7,,0,,0,abs15410
1,6,,0,,0,abs15411
1,6,,0,,0,abs15412
1,5,1,0,,0,abs15413
1,4 5,2,0,,0,abs15414
1,5 6,,0,,0,abs15415
1,5 6,1,0,,0,abs15416
0,,,,,0,abs15417
1,2,,41,,1,abs15418
1,5,,0,,0,abs15419
1,,,,,1,abs15420
0,,,,,0,abs15421
1,4 5,,0,,0,abs15422
1,5,,0,,0,abs15423
0,,,,,0,abs15424
1,3 4 5 6,,0,,0,abs15425
1,6,1,0,,0,abs15426
1,4 5,,0,1,1,abs15427
1,4 5 6,,0,,0,abs15428
1,5 6,2,0,,0,abs15429
1,6,,0,,1,abs15430
1,4 5,1,0,,0,abs15431
1,4 5,1,0,1,0,abs15432
1,5,,0,,0,abs15433
1,6,2,0,,0,abs15434
0,,,,,0,abs15435
1,5,,0,,0,abs15436
1,1 2,,,,0,abs15437
1,4 5 6 7,2,0,,0,abs15438
1,4 5,2,0,,0,abs15439
1,6,,0,,0,abs15440
1,4 5 6,2,0,,0,abs15441
1,4 5,,0,,0,abs15442
1,5,,0,,0,abs15443
1,5,,0,,0,abs15444
1,6,,,,1,abs15445
1,6,,0,,0,abs15446
1,5,,0,,0,abs15447
1,5,,0,,0,abs15448
1,5,,0,,0,abs15449
1,3,,0,,0,abs15450
1,6,,0,,0,abs15451
1,4 5 6,,0,,1,abs15452
1,5,2,0,,0,abs15453
1,5,,0,,0,abs15454
1,5 6,1,0,,0,abs15455
1,6,2,0,,0,abs15456
1,6,2,0,,0,abs15457
1,0,,0,,1,abs15458
1,4 5 6,1,0,,1,abs15459
1,5,1,0,,0,abs15460
1,6,,0,,0,abs15461
1,5 6,2,0,,0,abs15462
1,5 6,1,0,,0,abs15463
1,4 5,1,0,,0,abs15464
1,3 6,,0,,0,abs15465
1,0,,0,,1,abs15466
1,5,,0,,0,abs15467
0,,,,,0,abs15468
1,6,,0,,0,abs15469
1,3 7,,0,1,1,abs15470
1,5,,,,1,abs15471
1,4 5 6 7,2,0,,1,abs15472
1,5,1,0,,0,abs15473
0,,,,,0,abs15474
1,1 2,,7,,1,abs15475
0,,,,,1,abs15476
1,6,2,0,,0,abs15477
0,,,,,0,abs15478
1,7,,0,,0,abs15479
1,1 2 6,,41,,1,abs15480
1,5,1,0,,0,abs15481
1,5,,0,,0,abs15482
1,1 2,,,1,0,abs15483
1,5,1,0,,0,abs15484
1,5,2,0,,0,abs15485
1,5,,0,,0,abs15486
1,6,2,0,,0,abs15487
1,4,,0,,0,abs15488
0,,,,,0,abs15489
1,5,,0,,0,abs15490
1,4 5 6,,0,,1,abs15491
0,,,,,0,abs15492
1,4 5 6,2,0,,0,abs15493
1,5 6,1,0,,0,abs15494
1,6,,0,,0,abs15495
1,5 6,2,0,1,0,abs15496
1,5,,0,,0,abs15497
1,6,2,0,,0,abs15498
0,,,,,0,abs15499
1,4 5 6,2,0,,0,abs15500
1,6,2,0,,0,abs15501
1,,,,,1,abs15502
0,,,,,0,abs15503
1,5,,0,,1,abs15504
0,,,,,0,abs15505
1,6,,0,,1,abs15506
1,0,,0,,0,abs15507
1,6,2,0,,0,abs15508
1,6,2,0,,0,abs15509
0,,,,,0,abs15510
1,1 2,,,1,0,abs15511
1,5,,0,,0,abs15512
1,6,,0,,0,abs15513
1,4 5,,,,1,abs15514
1,4 6,,0,,0,abs15515
1,4 5,,0,,0,abs15516
0,,,,,0,abs15517
1,6,,0,,0,abs15518
0,,,,,0,abs15519
1,4 5,1,0,,0,abs15520
1,4 5,,18,,0,abs15521
1,5,,0,,0,abs15522
1,6,2,0,,0,abs15523
1,5,,0,,0,abs15524
1,5 6,2,0,,0,abs15525
1,1 2,,41,,1,abs15526
1,7,,0,,0,abs15527
1,4 5 6,,0,,0,abs15528
1,4 5 6,2,0,,0,abs15529
1,6,2,0,,0,abs15530
1,6,2,0,,0,abs15531
1,5,1,0,,0,abs15532
1,4 5 6 7,2,0,,0,abs15533
1,5 6,,0,,0,abs15534
0,,,,,0,abs15535
1,6,2,0,,0,abs15536
1,6,2,0,,0,abs15537
0,,,,,0,abs15538
1,6 7,1,0,,0,abs15539
1,1 2,,,,0,abs15540
1,5,2,0,,0,abs15541
1,3,,0,,0,abs15542
1,5,1,0,,0,abs15543
1,4 5,,0,,0,abs15544
1,7,,0,,0,abs15545
0,,,,,0,abs15546
0,,,,,0,abs15547
1,5,,0,,0,abs15548
1,4 6,2,,1,0,abs15549
1,4 6,2,0,,0,abs15550
1,1 2,,,,0,abs15551
1,4 5,2,0,,0,abs15552
1,5 6,,0,,0,abs15553
1,2,1,,1,0,abs15554
1,2,,,,0,abs15555
1,4 5 6,,0,,0,abs15556
1,6 7,2,0,,0,abs15557
1,4,,,,1,abs15558
1,3 6,2,0,1,0,abs15559
1,2,,,,0,abs15560
1,5,,0,,0,abs15561
1,4,,,,1,abs15562
0,,,,,0,abs15563
1,5,,0,,0,abs15564
0,,,,,0,abs15565
1,5,,0,,0,abs15566
1,,,,,1,abs15567
1,4 5,,0,,0,abs15568
1,4 5,,0,,0,abs15569
0,,,,,0,abs15570
1,4 5 6,,0,,0,abs15571
1,6,1,0,,0,abs15572
0,,,,,0,abs15573
1,4 5 6,,0,,1,abs15574
1,4 5 6,,0,,0,abs15575
1,4 5,1,0,,0,abs15576
1,4 5 6,2,0,,0,abs15577
1,4 5,2,0,,1,abs15578
1,4 5 6,,0,,1,abs15579
0,,,,,0,abs15580
1,5,,,,0,abs15581
1,6,,0,,0,abs15582
1,6,2,0,,0,abs15583
1,4 5,,0,,0,abs15584
1,5,,0,,0,abs15585
1,6,2,0,,0,abs15586
0,,,,,1,abs15587
1,5,,0,,0,abs15588
1,6,,0,,0,abs15589
1,5,,0,,0,abs15590
1,0,,0,,0,abs15591
1,2 3 5 6,,,,0,abs15592
1,6,,0,,0,abs15593
1,5 6,1,0,,0,abs15594
1,5,,0,,0,abs15595
0,,,,,1,abs15596
0,,,,,0,abs15597
1,6,1,0,,0,abs15598
1,4 5 6,1,0,,0,abs15599
1,5,,0,,0,abs15600
1,6,,0,,0,abs15601
1,5,1,0,,0,abs15602
0,,,,,0,abs15603
0,,,,,0,abs15604
1,6,,0,,0,abs15605
1,4 5 6,2,0,,0,abs15606
0,,,,,0,abs15607
1,5,1,0,,0,abs15608
1,4,2,0,,0,abs15609
1,4 5,,0,,1,abs15610
1,5 6,,0,,0,abs15611
1,5 6,,0,,0,abs15612
1,5,,0,,0,abs15613
1,3 6,,0,,0,abs15614
1,6,2,0,,0,abs15615
1,5,,0,,0,abs15616
1,5,,0,,0,abs15617
1,5,,0,,0,abs15618
1,4 5 6,,0,,1,abs15619
1,6,2,0,,0,abs15620
1,6,,0,,0,abs15621
1,4,2,,,1,abs15622
1,5,,,,1,abs15623
0,,,,,1,abs15624
1,4 5,,0,,0,abs15625
1,5,1,0,,0,abs15626
1,5 6,1,0,,0,abs15627
1,4 5,,0,,0,abs15628
1,4 5,1,0,1,0,abs15629
1,6,,0,,0,abs15630
1,2,,,,0,abs15631
1,4 5,,0,,1,abs15632
1,4 5,,0,,0,abs15633
1,5 6,,0,1,0,abs15634
1,0,,0,,0,abs15635
0,,,,,1,abs15636
1,5 6,1,0,,0,abs15637
1,4 5,,0,,1,abs15638
1,4 5 6,2,0,,0,abs15639
1,4 5 6,,0,,1,abs15640
1,6,,0,,1,abs15641
1,5 6,1,0,,0,abs15642
1,6,,,,1,abs15643
1,5 6,2,0,,0,abs15644
1,6,,0,,1,abs15645
0,,,,,0,abs15646
1,5 6,,0,,0,abs15647
1,6,,0,,0,abs15648
1,6,,0,,0,abs15649
1,5 6,,0,,0,abs15650
1,7,1,0,,0,abs15651
1,5 6,2,0,,0,abs15652
0,,,,,0,abs15653
1,6,2,0,,0,abs15654
1,5 6,2,0,,0,abs15655
1,4 5 6 7,,0,,0,abs15656
1,7,,0,,0,abs15657
1,4 5,,0,,0,abs15658
1,4 5 6,2,0,,0,abs15659
0,,,,,1,abs15660
1,5,,0,,0,abs15661
1,2,,,,1,abs15662
0,,,,,0,abs15663
1,4 5 6,2,0,,0,abs15664
1,5,,0,,0,abs15665
0,,,,,0,abs15666
0,,,,,0,abs15667
1,5 6,,0,,0,abs15668
1,5 6,2,0,,0,abs15669
1,5,1,0,,0,abs15670
1,4 5,,0,,0,abs15671
1,5,,0,,0,abs15672
1,5,,0,,0,abs15673
1,1 2,,,,0,abs15674
1,4 6,1,0,,1,abs15675
1,5,,0,,0,abs15676
1,5,,0,,0,abs15677
1,7,,0,,0,abs15678
1,4 5,,0,,0,abs15679
1,5,,0,,0,abs15680
1,3 4 5 6,1,0,1,0,abs15681
1,5 6,,0,,0,abs15682
1,5 6,1,0,,0,abs15683
1,4 5 6 7,2,0,,0,abs15684
1,5,2,0,,0,abs15685
1,5 6,2,0,,0,abs15686
1,5,,0,,0,abs15687
1,,,,,1,abs15688
1,4 5,,0,,0,abs15689
0,,,,,0,abs15690
1,3 5,,0,,0,abs15691
1,3 7,,0,1,0,abs15692
1,6,,0,,1,abs15693
0,,,,,1,abs15694
1,5 6,2,0,,0,abs15695
1,4 6,,0,,1,abs15696
0,,,,,1,abs15697
1,3 4 5,2,0,,0,abs15698
1,4 5,,0,,0,abs15699
1,6,,,,0,abs15700
1,5,2,0,,1,abs15701
1,,1,,,1,abs15702
1,4,,,,0,abs15703
1,,,0,,0,abs15704
1,4 6,,0,,0,abs15705
0,,,,,0,abs15706
0,,,,,0,abs15707
0,,,,,0,abs15708
1,4 5,2,0,,1,abs15709
1,4 5,,0,,1,abs15710
1,6,2,0,,0,abs15711
1,3 7,,,,0,abs15712
0,,,,,0,abs15713
1,5,,0,,0,abs15714
1,6,,0,,0,abs15715
1,0,,0,,0,abs15716
1,1 2,,,,0,abs15717
1,5,1,0,,0,abs15718
1,5,,0,,0,abs15719
1,5,,0,,0,abs15720
1,4 5 6,,,,0,abs15721
1,6,2,0,,0,abs15722
1,4 5,,0,,0,abs15723
1,6,,0,,0,abs15724
1,3,,0,,0,abs15725
0,,,,,1,abs15726
1,4 5 6,,0,,0,abs15727
1,1 2,,26,,0,abs15728
1,5,2,0,,0,abs15729
1,5 6,,0,,0,abs15730
1,6,2,0,,0,abs15731
1,5,,0,,0,abs15732
1,4,2,0,,1,abs15733
1,5,,0,,0,abs15734
1,5,,,,1,abs15735
1,4 5 6 7,,0,1,1,abs15736
1,6,2,0,,1,abs15737
0,,,,,0,abs15738
1,6,,0,,0,abs15739
1,5,1,,,0,abs15740
1,6,,0,,0,abs15741
1,6,,0,,0,abs15742
1,4 5 6,2,0,,1,abs15743
0,,,,,0,abs15744
1,4 5,,0,,0,abs15745
1,4 5 6,2,0,,0,abs15746
1,5,1,0,,0,abs15747
1,6,2,0,,0,abs15748
1,1 2,,15 17,,1,abs15749
1,5,1,0,,0,abs15750
1,4 5 6,2,15,,0,abs15751
1,5,,0,,0,abs15752
1,1 2,,,1,0,abs15753
1,6,2,0,,0,abs15754
1,4 5,,0,,1,abs15755
0,,,,,0,abs15756
0,,,,,0,abs15757
1,6,,0,,0,abs15758
1,4 5,2,0,,0,abs15759
1,5,1,0,,0,abs15760
1,4 5 6,,0,,0,abs15761
0,,,,,0,abs15762
1,,2,0,,0,abs15763
0,,,,,0,abs15764
1,5,1,0,1,0,abs15765
1,4 5 6,2,0,,0,abs15766
1,5,1,0,,0,abs15767
1,4 5,,0,,0,abs15768
1,6,,0,,0,abs15769
1,5 6,2,0,,0,abs15770
1,5 6,,0,,0,abs15771
1,1 2,,,,0,abs15772
1,2,2,23,,0,abs15773
1,4,2,0,,0,abs15774
1,3 5,,0,,0,abs15775
1,4 5,,0,,0,abs15776
1,4 5,2,0,,0,abs15777
1,4 5,,0,,0,abs15778
1,6,,,,0,abs15779
1,5,,0,,0,abs15780
1,5 6,2,0,,0,abs15781
1,5,1,0,,0,abs15782
1,5,2,0,,0,abs15783
0,,,,,0,abs15784
1,3,2,0,,0,abs15785
0,,,,,0,abs15786
1,4 5,1,0,,0,abs15787
1,6,,0,,0,abs15788
1,4 5,2,0,,0,abs15789
1,5,,0,,0,abs15790
1,2,,,1,0,abs15791
1,4 5,2,0,,1,abs15792
1,5,,0,,0,abs15793
1,5,1,0,,0,abs15794
1,5,,,,1,abs15795
1,4 5,1,0,,0,abs15796
1,5 7,,0,,0,abs15797
1,5,,0,,0,abs15798
1,4 7,,0,,0,abs15799
1,1 2,,,,0,abs15800
1,2 3 5 6,,7 26,,1,abs15801
1,3,,0,,1,abs15802
1,4 5,,0,,1,abs15803
1,4 5,,7,,0,abs15804
1,5,,0,1,1,abs15805
1,5,,0,,0,abs15806
1,5 7,,0,,0,abs15807
1,5 6,1,0,,0,abs15808
1,5 6,,0,,0,abs15809
1,6,2,0,,0,abs15810
1,4 5 6,,0,,0,abs15811
1,4 5,1,18,,1,abs15812
1,1 2,,,,0,abs15813
0,,,,,0,abs15814
0,,,,,0,abs15815
1,4 5,,0,,0,abs15816
1,3 6,,0,,0,abs15817
1,4 5,,0,,0,abs15818
0,,,,,0,abs15819
1,6,,0,,0,abs15820
1,5,2,0,,0,abs15821
1,6,2,0,,1,abs15822
1,5,,0,,0,abs15823
1,1 2,,,,0,abs15824
0,,,,,1,abs15825
1,5,,0,,0,abs15826
1,5,1,0,,0,abs15827
1,4 5 6,,,,1,abs15828
1,5,,0,,0,abs15829
1,2,,,,0,abs15830
1,4 5,,,,1,abs15831
1,1 2,,,1,0,abs15832
1,5,1,0,,0,abs15833
1,5,1,0,1,1,abs15834
1,4 5 6,,0,,0,abs15835
0,,,,,1,abs15836
1,6,1,0,,0,abs15837
0,,,,,0,abs15838
1,1 2,,,1,0,abs15839
0,,,,,1,abs15840
1,5 6,,0,,0,abs15841
0,,,,,0,abs15842
1,5,2,0,,0,abs15843
1,4 5,1,0,,0,abs15844
1,6,,0,,0,abs15845
1,4 5,2,0,,1,abs15846
1,4 5,1,0,,0,abs15847
1,6,,0,,0,abs15848
1,6,,0,,0,abs15849
1,6,2,0,,0,abs15850
1,4,,0,1,1,abs15851
0,,,,,0,abs15852
1,2,,,,1,abs15853
1,4 5 6,1,0,,0,abs15854
1,6,2,0,,0,abs15855
1,5,,0,,0,abs15856
1,4 5,,0,,0,abs15857
0,,,,,0,abs15858
1,5 6,,0,,0,abs15859
1,4 5,,0,,0,abs15860
1,6,,0,,0,abs15861
1,5,,0,,0,abs15862
1,6,,0,,0,abs15863
0,,,,,0,abs15864
1,4 5 6,2,0,,0,abs15865
1,5 6,2,0,,0,abs15866
1,4 5 6,,0,,0,abs15867
1,1 2,,40,,0,abs15868
1,3,,0,,1,abs15869
1,,,,,1,abs15870
1,5 6,2,0,,0,abs15871
1,4 5,2,0,,0,abs15872
1,5,1,0,,0,abs15873
1,5,1,0,,0,abs15874
0,,,,,1,abs15875
0,,,,,0,abs15876
1,4 5 6 7,2,0,,1,abs15877
1,2,,,,0,abs15878
1,4 6,2,0,,0,abs15879
0,,,,,0,abs15880
1,4 5,,0,,0,abs15881
1,5,1,0,,0,abs15882
1,5 6 7,,0,,0,abs15883
1,4 5,,0,,0,abs15884
1,4 5,,0,1,1,abs15885
1,4,,0,,1,abs15886
0,,,,,0,abs15887
1,5 6,1,0,,0,abs15888
1,4 5,,0,,0,abs15889
1,2,,,,1,abs15890
1,2,,,,0,abs15891
1,6,2,0,,0,abs15892
1,6,,,,1,abs15893
1,6 7,2,0,,0,abs15894
0,,,,,0,abs15895
1,3,,0,,1,abs15896
1,4 5,2,0,,0,abs15897
1,6 7,,0,,0,abs15898
1,5,1,0,,1,abs15899
1,4,2,0,,1,abs15900
0,,,,,1,abs15901
1,,,,,1,abs15902
1,3,2,0,1,1,abs15903
1,4 5 6,,0,,0,abs15904
1,5 6,,0,,0,abs15905
1,6,,0,,0,abs15906
1,6,2,0,,1,abs15907
1,6,2,0,,0,abs15908
1,6,,0,,0,abs15909
1,5,,0,,0,abs15910
1,6,,0,,0,abs15911
1,4,,,,1,abs15912
1,5 6,2,,,0,abs15913
1,3 6,,0,,0,abs15914
0,,,,,0,abs15915
1,6,2,0,,0,abs15916
1,4 5,,0,,0,abs15917
1,5,,0,,0,abs15918
1,5 6,,0,,0,abs15919
1,,1,,,1,abs15920
0,,,,,0,abs15921
1,7,,0,,0,abs15922
0,,,,,0,abs15923
0,,,,,0,abs15924
1,5,,0,,0,abs15925
1,4 5,,0,,0,abs15926
1,5,1,0,,0,abs15927
1,6,1,0,,1,abs15928
1,5,,0,,0,abs15929
1,5,,,,1,abs15930
1,1 2,,22,,0,abs15931
1,4,,,,1,abs15932
1,4,,,,1,abs15933
0,,,,,0,abs15934
1,6,2,0,,0,abs15935
1,5 7,,0,,0,abs15936
1,4 5,,0,,0,abs15937
1,4 5 6,,0,,0,abs15938
1,4 6,2,0,,0,abs15939
1,6,2,0,,0,abs15940
1,5,1,0,,0,abs15941
1,5,,0,,0,abs15942
1,6,,0,,0,abs15943
1,4 5 6 7,2,0,,0,abs15944
1,4 5 6,,0,,0,abs15945
1,3,,0,1,1,abs15946
1,5,1,0,,0,abs15947
1,3 6,,0,,0,abs15948
1,6,,0,,0,abs15949
1,4 5 6,,0,,0,abs15950
1,7,,0,,0,abs15951
1,6,2,0,,0,abs15952
1,5,,0,,0,abs15953
1,5,,0,,0,abs15954
1,6,,0,,0,abs15955
1,4 5 6,2,0,,0,abs15956
1,5 6,2,0,,0,abs15957
0,,,,,0,abs15958
1,4 5,1,0,,0,abs15959
1,6,,0,,0,abs15960
0,,,,,0,abs15961
0,,,,,0,abs15962
1,5,,0,,0,abs15963
1,6,,0,,0,abs15964
1,5,,0,,0,abs15965
1,5,,0,,0,abs15966
1,4 5,2,0,,0,abs15967
0,,,,,0,abs15968
1,5,,0,,0,abs15969
0,,,,,0,abs15970
1,6,2,0,,0,abs15971
1,5,,0,,0,abs15972
1,6,2,0,,0,abs15973
1,5,,0,,0,abs15974
1,4 5,,0,,0,abs15975
1,6,2,0,,0,abs15976
1,4 5,,,,0,abs15977
0,,,,1,1,abs15978
1,3,,0,,0,abs15979
0,,,,,0,abs15980
1,4 5 6,,0,,0,abs15981
1,6,2,0,,1,abs15982
1,5,,0,,0,abs15983
1,1 2,,,1,0,abs15984
0,,,,,0,abs15985
1,6,,0,,0,abs15986
1,5 6,2,0,,0,abs15987
1,5,,0,,0,abs15988
1,5,,0,,0,abs15989
0,,,,,0,abs15990
1,4 5,,0,,1,abs15991
1,6,2,0,,1,abs15992
1,6 7,,0,,0,abs15993
1,5,1,0,,0,abs15994
1,2,,0,,1,abs15995
1,5,1,0,,0,abs15996
1,6,2,0,,0,abs15997
1,4 5,1,0,,0,abs15998
1,4 5,,0,,0,abs15999
1,6,,0,,0,abs16000
1,5 6,,0,,0,abs16001
1,4 5,2,0,,0,abs16002
1,4 5,,0,,0,abs16003
1,4 5,,0,,0,abs16004
0,,,,,0,abs16005
1,6,,0,,0,abs16006
1,4 5,1,0,,0,abs16007
0,,,,,0,abs16008
0,,,,,0,abs16009
1,4 5,2,0,,0,abs16010
1,4 5,,,1,1,abs16011
1,4,2,0,,0,abs16012
1,4 5 6,,0,,0,abs16013
1,4 5,1,0,1,0,abs16014
0,,,,,0,abs16015
0,,,,,0,abs16016
1,6,,0,,0,abs16017
1,0,,0,,0,abs16018
1,6,,0,,0,abs16019
1,5,,0,,0,abs16020
1,5,,0,,0,abs16021
1,5 6 7,,0,,0,abs16022
0,,,,,0,abs16023
1,1 2,,22,1,0,abs16024
0,,,,,0,abs16025
1,5,,0,,0,abs16026
1,4 5 6,2,0,,0,abs16027
1,5,1,0,,0,abs16028
1,4 5,,0,,0,abs16029
0,,,,,0,abs16030
1,4 5,2,0,,0,abs16031
1,6,2,0,,0,abs16032
1,3,,0,,1,abs16033
1,5 6 7,,0,,0,abs16034
1,4 5,1,0,,0,abs16035
1,5,,0,,0,abs16036
1,6,,0,,0,abs16037
1,,2,,,1,abs16038
1,7,2,0,,0,abs16039
1,1 2,,,,0,abs16040
1,4 5,,0,,0,abs16041
1,2,,25,,0,abs16042
1,4,2,0,,1,abs16043
1,5 6,2,0,,0,abs16044
1,3 5 6,,0,,0,abs16045
1,6,,0,,0,abs16046
1,6,,0,,0,abs16047
1,4 5,1,0,,0,abs16048
1,6,,0,,0,abs16049
1,5,1,0,,0,abs16050
1,4 5 6,,0,,1,abs16051
0,,,,,0,abs16052
1,7,,0,,0,abs16053
1,6 7,,0,,0,abs16054
1,4 5 6,,0,,1,abs16055
1,4,2,0,,1,abs16056
1,5,1,0,,0,abs16057
1,5 6,,0,,0,abs16058
1,4 5,,0,,0,abs16059
1,2,,22,,1,abs16060
1,5,,0,,0,abs16061
1,1 2 3 4 5 6 7,,0,,0,abs16062
1,5,,0,,0,abs16063
0,,,,,0,abs16064
1,4 5,1,0,,0,abs16065
1,5,2,0,,0,abs16066
1,2,,,,0,abs16067
1,5,,0,,0,abs16068
1,1 2,,,1,0,abs16069
1,5 6,,0,,0,abs16070
1,4 5,,0,,0,abs16071
1,2,,7,1,1,abs16072
1,3,,0,1,0,abs16073
1,4 5,2,0,,0,abs16074
1,2,,18,,1,abs16075
1,5,,0,,0,abs16076
1,6 7,,0,,1,abs16077
0,,,,,0,abs16078
1,6,,0,,0,abs16079
1,6,2,0,,0,abs16080
1,2,2,24,,0,abs16081
0,,,,,0,abs16082
1,6,2,0,,0,abs16083
1,6,2,0,,0,abs16084
1,4 5,,0,,0,abs16085
1,4 5,2,0,,0,abs16086
1,6,,0,,0,abs16087
1,5,,0,,0,abs16088
1,5 6,1,0,,0,abs16089
1,6,2,0,,0,abs16090
0,,,,,1,abs16091
1,5 6,,0,,0,abs16092
0,,,,,0,abs16093
1,5,,0,,0,abs16094
1,4 5,1,,,0,abs16095
1,6,2,0,,0,abs16096
1,7,,0,,0,abs16097
1,6,,0,,0,abs16098
1,5,,0,,0,abs16099
1,6,,0,,0,abs16100
1,1 2,1,,,0,abs16101
1,5 6,,0,,0,abs16102
1,5,2,0,,0,abs16103
1,4 5 6 7,,0,1,0,abs16104
1,5,1,0,1,0,abs16105
1,6,,0,,1,abs16106
0,,,,,0,abs16107
0,,,,,0,abs16108
1,3 7,1,0,1,1,abs16109
1,4 5 6 7,,0,,1,abs16110
1,7,,0,,0,abs16111
1,5,,0,,0,abs16112
1,5 7,,0,,0,abs16113
1,5 6,,0,,0,abs16114
1,5,,0,,0,abs16115
1,4 5,,0,,0,abs16116
1,4,2,0,,0,abs16117
1,4 5,2,0,,0,abs16118
1,5,,0,,0,abs16119
0,,,,,0,abs16120
1,5,1,0,,0,abs16121
1,6,,0,,0,abs16122
1,6,2,0,,0,abs16123
0,,,,,1,abs16124
1,4 5,,0,,0,abs16125
1,5 6,2,0,,0,abs16126
1,5,,0,,0,abs16127
1,5,2,0,,1,abs16128
1,6,2,0,,0,abs16129
1,7,,0,,0,abs16130
1,0,,0,,0,abs16131
1,6,,0,,0,abs16132
1,5,,0,,0,abs16133
1,6,2,0,,0,abs16134
1,5,,0,,0,abs16135
1,4,,,,0,abs16136
1,5 6,,0,,0,abs16137
1,5,,0,,0,abs16138
1,6,,0,,0,abs16139
1,5,,0,,0,abs16140
0,,,,,0,abs16141
1,5 6,,0,,0,abs16142
1,5,2,0,,0,abs16143
1,4,,0,1,1,abs16144
1,5 6,2,0,,0,abs16145
1,4 5,,0,,0,abs16146
1,5,,0,,0,abs16147
1,5 6,,0,,0,abs16148
1,4 5,,0,,1,abs16149
1,4 5,,0,,0,abs16150
0,,,,,0,abs16151
1,7,2,0,,0,abs16152
1,0,2,0,,0,abs16153
1,5,,0,,0,abs16154
1,4 5,,0,,0,abs16155
1,4 5,,0,,0,abs16156
1,6,1,0,,0,abs16157
1,4 5 6,,0,,0,abs16158
0,,,,,1,abs16159
1,6,2,0,,0,abs16160
0,,,,,0,abs16161
1,5,,0,,0,abs16162
1,5 6,1,,,0,abs16163
1,5,,0,,0,abs16164
1,7,2,0,,0,abs16165
1,4 6,,0,,0,abs16166
1,4 5 6,2,0,,0,abs16167
1,4 5,2,0,,0,abs16168
1,4 5 6,,,,0,abs16169
1,5,1,0,,0,abs16170
1,4 5 6,,0,,0,abs16171
1,3,1,0,,0,abs16172
1,4 5,2,0,,0,abs16173
1,6,,0,,0,abs16174
1,4,,,,1,abs16175
1,4 5 6,,,,0,abs16176
1,4 5,,0,,0,abs16177
1,5,1,0,1,0,abs16178
0,,,,,0,abs16179
1,4 5,,0,,0,abs16180
1,5,,0,,0,abs16181
1,4 5,2,0,,0,abs16182
1,6,,0,,0,abs16183
1,5,,0,,0,abs16184
1,6,1,0,,0,abs16185
1,4 5 6,2,0,,0,abs16186
1,3 7,,0,,0,abs16187
0,,,,,0,abs16188
1,5,,0,,0,abs16189
1,4 5,1,0,,0,abs16190
1,4 5,,0,,0,abs16191
1,4 5 6 7,,0,,0,abs16192
1,6,2,0,,0,abs16193
1,1 2,,22,,0,abs16194
1,6 7,,0,,0,abs16195
1,6,2,0,,0,abs16196
1,5 6,,0,,0,abs16197
1,5,1,0,,0,abs16198
1,5,,0,,0,abs16199
1,5,1,0,,0,abs16200
1,6,,0,,0,abs16201
1,4 5,,0,,1,abs16202
1,4,,0,,1,abs16203
0,,,,,0,abs16204
1,5,1,0,,0,abs16205
1,5,,0,,0,abs16206
1,6,,0,,0,abs16207
1,4 5 6,,0,,0,abs16208
1,3,2,0,,0,abs16209
1,5,,24,,0,abs16210
1,5 6 7,2,0,,0,abs16211
1,4 5 6,,0,,0,abs16212
1,1 2,,22,,0,abs16213
0,,,,,0,abs16214
1,4 5 7,,0,,0,abs16215
1,5 6,2,0,,0,abs16216
1,5 6,2,0,,0,abs16217
1,2,,23,,1,abs16218
1,4 5,,0,,0,abs16219
1,4 5,,0,,0,abs16220
1,5,,0,,0,abs16221
1,5,,0,,0,abs16222
1,5 6,,0,,0,abs16223
1,4 5 6 7,,0,,0,abs16224
1,4 5,,0,,0,abs16225
1,4 5 6 7,2,0,,0,abs16226
1,,,0,,1,abs16227
1,4 5 6,,0,,0,abs16228
1,5,1,0,,0,abs16229
0,,,,,0,abs16230
1,3,,0,1,1,abs16231
1,6,,0,,0,abs16232
1,4 5,,0,,0,abs16233
1,5,,0,,0,abs16234
1,4 5 6 7,,0,,0,abs16235
1,4 5,,0,,1,abs16236
1,5,,0,,0,abs16237
0,,,,,0,abs16238
1,4 5 6,2,0,,0,abs16239
1,5,1,0,,0,abs16240
0,,,,,1,abs16241
1,4 5,,0,1,0,abs16242
1,5,,0,,0,abs16243
0,,,,,0,abs16244
1,4 5,,0,,0,abs16245
1,5 6,,0,,0,abs16246
1,4,2,0,,1,abs16247
1,4 5 6,,0,,0,abs16248
1,6,,0,,0,abs16249
1,5,,0,,0,abs16250
1,5,,0,,0,abs16251
1,3 4 5,,0,1,1,abs16252
1,5,,0,,0,abs16253
1,4 5,1,0,,0,abs16254
1,4 5 6,2,0,,0,abs16255
1,5,1,0,,0,abs16256
1,5,2,0,,0,abs16257
1,4 5 6,,0,,0,abs16258
1,3 6,,0,1,1,abs16259
1,4 5,,0,,0,abs16260
0,,,,,0,abs16261
1,4 5,,0,,0,abs16262
1,4 5 6,,0,,0,abs16263
1,5 6,,0,,0,abs16264
1,3,,0,1,1,abs16265
1,6,,0,,0,abs16266
1,4 5,,,,0,abs16267
1,6,,0,,0,abs16268
0,,,,,1,abs16269
1,5,,0,,0,abs16270
0,,,,,0,abs16271
1,5 6,,0,,0,abs16272
1,6,,0,,0,abs16273
1,6,,0,,0,abs16274
1,3,1,0,1,1,abs16275
1,5 6,,0,,0,abs16276
1,5,,0,,1,abs16277
1,5 6,,0,,0,abs16278
1,3 6,,0,,0,abs16279
1,1 2,,,,1,abs16280
1,5,1,0,,0,abs16281
1,4 5 6,2,0,,0,abs16282
1,4 5,,0,,0,abs16283
1,1 2,,,,0,abs16284
1,4 5 6,,0,,1,abs16285
1,5,,0,,0,abs16286
1,6,,0,,0,abs16287
1,5 6,,0,,0,abs16288
1,5,,0,,0,abs16289
1,1 2,,22,1,0,abs16290
1,6,2,0,,0,abs16291
0,,,,,1,abs16292
1,4 5,,0,,0,abs16293
1,5 6,1,0,,0,abs16294
1,5,,0,,0,abs16295
1,5,,0,,0,abs16296
1,6,,0,,0,abs16297
1,4 5,,0,,0,abs16298
1,5,,0,,0,abs16299
1,,,,,0,abs16300
1,5,1,0,,0,abs16301
1,5,,0,,0,abs16302
0,,,,,0,abs16303
1,6,,0,,0,abs16304
1,5,1,0,,0,abs16305
1,5 6,,0,,0,abs16306
1,5,,0,,0,abs16307
1,5,,0,,0,abs16308
1,4 5,1,0,,0,abs16309
1,5,,0,,0,abs16310
1,5 6,,0,,0,abs16311
1,5,,0,,0,abs16312
1,1 2,,,,0,abs16313
1,4 5 6,2,0,,0,abs16314
1,3,2,0,,0,abs16315
0,,,,,1,abs16316
0,,,,,0,abs16317
1,4 5 6 7,2,0,,0,abs16318
1,5,2,0,1,0,abs16319
1,5,,0,,0,abs16320
1,5,,0,,0,abs16321
1,6,,0,,0,abs16322
0,,,,,0,abs16323
1,5 7,,0,,0,abs16324
1,6,,0,,0,abs16325
1,1 2,,15,1,0,abs16326
1,4 5,2,0,,0,abs16327
0,,,,,0,abs16328
0,,,,,0,abs16329
1,4 5 6,1,0,,0,abs16330
0,,,,,0,abs16331
1,5 6,2,0,,0,abs16332
1,5 6,,0,,0,abs16333
1,3,,0,,0,abs16334
1,4 5,1,0,,0,abs16335
1,5,,0,,0,abs16336
1,5,,0,,0,abs16337
0,,,,,0,abs16338
1,5,2,0,,0,abs16339
1,4 5 6,,0,,1,abs16340
1,4 5,,0,,0,abs16341
1,5 6,,0,,0,abs16342
1,4 5,,0,,0,abs16343
1,4 5,,0,,0,abs16344
1,4 5,,0,,0,abs16345
1,5 6,,0,,1,abs16346
1,6,,0,,0,abs16347
0,,,,,0,abs16348
1,5,,0,,0,abs16349
1,4 5 6,1,,,0,abs16350
1,5,,0,,0,abs16351
1,4 5,,0,,1,abs16352
1,4 5,,,,1,abs16353
0,,,,,0,abs16354
0,,,,,0,abs16355
1,6,2,0,,0,abs16356
1,4 5,2,0,,0,abs16357
1,4 7,1,0,,1,abs16358
1,4 5,1,0,1,0,abs16359
1,5,,0,,0,abs16360
1,5,,0,,0,abs16361
1,4 5 6 7,2,0,,0,abs16362
1,7,,0,,0,abs16363
1,1 2,,22,1,1,abs16364
1,4 5,,0,,0,abs16365
1,6,2,0,,0,abs16366
1,5,2,0,,0,abs16367
1,5,,0,,0,abs16368
0,,,,,1,abs16369
1,,,,,1,abs16370
1,4 5,,0,,0,abs16371
1,2,2,40,,0,abs16372
0,,,,,0,abs16373
1,5 6,,0,1,0,abs16374
1,5,,0,,0,abs16375
1,4 5 6,1,0,,1,abs16376
1,4 5,,0,,0,abs16377
0,,,,,1,abs16378
1,4 5,,0,,0,abs16379
1,3 5 6,,0,,0,abs16380
1,4 5 6,2,0,,0,abs16381
1,5,1,0,,0,abs16382
1,6,,,,0,abs16383
1,5 6,,0,,0,abs16384
1,6,,0,,0,abs16385
1,,,,,1,abs16386
1,4 5,2,0,1,1,abs16387
1,3,,0,1,0,abs16388
1,5,,0,,0,abs16389
0,,,,,0,abs16390
1,6,,0,,1,abs16391
1,4 5 6,,0,,0,abs16392
1,4 6,,0,,1,abs16393
1,4,,0,,1,abs16394
1,2,,,,1,abs16395
1,5 6,,0,,0,abs16396
1,4,,,,0,abs16397
0,,,,,1,abs16398
1,4 5,,0,,0,abs16399
1,6,2,0,,0,abs16400
1,6 7,,0,,0,abs16401
1,5,,0,,0,abs16402
1,5 6,2,0,,0,abs16403
1,5 6,2,0,,0,abs16404
1,5,1,0,,0,abs16405
1,4 5,,0,,0,abs16406
1,0,,,,1,abs16407
1,4 5 6,,0,,1,abs16408
1,5,1,0,1,0,abs16409
1,4 5 6,,0,,0,abs16410
0,,,,,0,abs16411
1,5,,0,,0,abs16412
1,6,,0,,0,abs16413
1,6,,0,,0,abs16414
1,3 6,,,,0,abs16415
1,,,,,1,abs16416
1,4 5 6,,0,,0,abs16417
1,5,,0,,0,abs16418
1,0,2,0,,0,abs16419
1,4 5 6,2,0,,0,abs16420
1,5 6,2,0,,0,abs16421
1,3 5 6,1,0,,0,abs16422
1,5,,0,,0,abs16423
1,5,,0,,0,abs16424
1,4,,0,,0,abs16425
1,4 5 6,,,,1,abs16426
1,1 2,,,,0,abs16427
1,3,,0,,1,abs16428
1,4 5,,0,,0,abs16429
1,6,,0,,0,abs16430
1,3,2,0,,0,abs16431
1,5,1,0,1,0,abs16432
1,5,1,0,,0,abs16433
0,,,,,0,abs16434
1,5,,0,,0,abs16435
1,5,1,0,,0,abs16436
0,,,,,0,abs16437
1,4 5 6,,0,,0,abs16438
1,4,,,,1,abs16439
1,5,,0,,0,abs16440
1,4 5,,0,,0,abs16441
0,,,,,0,abs16442
0,,,,,0,abs16443
1,4 5,,0,,0,abs16444
1,4 5 6,,0,,1,abs16445
1,4 5,2,0,,0,abs16446
1,4 5,2,0,,0,abs16447
1,5,,0,,0,abs16448
1,,,0,,1,abs16449
1,0,,0,,0,abs16450
1,4 5 6,,0,,0,abs16451
1,5,,0,,0,abs16452
1,5,,0,,0,abs16453
1,4 5 6,,0,,0,abs16454
1,4 5,,0,,0,abs16455
1,5,1,0,,0,abs16456
1,5 6,,0,,0,abs16457
1,5,,0,,0,abs16458
1,6,1,0,,0,abs16459
1,4 5,,0,,0,abs16460
1,4,,18,,1,abs16461
0,,,,,0,abs16462
1,4 5,2,0,,0,abs16463
1,6,2,0,,0,abs16464
1,5,,0,1,1,abs16465
1,0,,0,,0,abs16466
1,3,,0,1,0,abs16467
1,4 5 6 7,,0,,0,abs16468
1,4 5 6 7,2,0,,0,abs16469
1,6,2,0,,0,abs16470
1,6,,0,,0,abs16471
1,5,,0,,0,abs16472
1,5,,0,,0,abs16473
1,2,,,,0,abs16474
1,0,0,0,,0,abs16475
0,,,,,0,abs16476
1,4 5,,0,,1,abs16477
1,4 5,,0,,0,abs16478
1,5,,0,,0,abs16479
1,3 5 6,,0,,0,abs16480
0,,,,,0,abs16481
1,5 6,,0,,0,abs16482
1,3,,0,,0,abs16483
1,6,2,0,,0,abs16484
0,,,,,0,abs16485
1,4 5,,0,,0,abs16486
1,4 5,,0,,0,abs16487
1,5,,0,,0,abs16488
1,5,1,0,1,0,abs16489
1,5,1,0,,0,abs16490
1,5 6,,0,,0,abs16491
1,3 7,,0,1,1,abs16492
1,5,1,0,,0,abs16493
1,5,,0,,0,abs16494
1,5 6,,,,0,abs16495
1,4 5 6 7,1,0,,0,abs16496
1,5,,0,,0,abs16497
1,5 6,,0,,0,abs16498
1,5,2,0,,0,abs16499
1,6,,0,,0,abs16500
1,4 5 6,,0,,0,abs16501
1,7,,0,,0,abs16502
1,5,,0,,0,abs16503
1,6,,0,,0,abs16504
1,5,,,,0,abs16505
1,6,,0,,0,abs16506
1,4 5,,0,,0,abs16507
0,,,,,0,abs16508
1,4 5 6,,0,,0,abs16509
1,5,1,0,,0,abs16510
1,0,0,40,,0,abs16511
1,4 5,2,0,,0,abs16512
1,5,1,0,,0,abs16513
1,4 5 6,,0,,0,abs16514
1,3,,0,,0,abs16515
1,5,,0,,0,abs16516
1,4 5 6,,0,,0,abs16517
1,4 5,,0,,0,abs16518
1,7,,0,,0,abs16519
1,4 5,,0,,0,abs16520
1,5 6,,0,,0,abs16521
1,4 5 6,,0,,0,abs16522
1,1 2,,22,1,0,abs16523
1,4 5 6,,0,,0,abs16524
1,5 6,,,,0,abs16525
1,4 5,,0,,0,abs16526
1,4 5 6,,24,,0,abs16527
0,,,,,0,abs16528
1,5,1,0,1,0,abs16529
1,5 6,,0,,0,abs16530
1,4,,0,,0,abs16531
1,3,,0,,1,abs16532
0,,,,,0,abs16533
1,2 3 4 5 6,1,,,1,abs16534
1,4,2,0,,0,abs16535
1,6,2,0,,0,abs16536
1,1 2,,24,,0,abs16537
1,4 5,,0,,0,abs16538
0,,,,,1,abs16539
1,6,,,,1,abs16540
1,4,,,,0,abs16541
1,6,,0,,0,abs16542
0,,,,,0,abs16543
1,5,,0,,0,abs16544
1,4 5 6,,0,,0,abs16545
1,5,,0,,0,abs16546
1,5 7,,0,,0,abs16547
1,6,1,0,,1,abs16548
0,,,,,1,abs16549
1,4 5 6,,0,,0,abs16550
1,5 6 7,,0,,0,abs16551
1,5 6,,0,,0,abs16552
1,6,,0,,0,abs16553
1,6,2,0,,0,abs16554
0,,,,,0,abs16555
1,0,,0,,0,abs16556
1,2,2,18,,0,abs16557
1,4 6 7,,0,,0,abs16558
1,5 6,1,0,,1,abs16559
1,5,2,0,,0,abs16560
0,,,,,0,abs16561
1,5 6,,0,,0,abs16562
1,3,,0,1,1,abs16563
1,3,,0,,0,abs16564
1,4 5 6,,0,,1,abs16565
1,4 5,2,0,,0,abs16566
1,4 5,,0,,0,abs16567
1,4,,0,,0,abs16568
1,6,,0,,0,abs16569
1,4 5,,0,,0,abs16570
0,,,,,0,abs16571
1,5 6,,0,,0,abs16572
1,5,,0,,0,abs16573
1,4 5,,,,1,abs16574
1,4 5,2,0,,0,abs16575
1,5 6,2,0,,0,abs16576
1,6,2,0,,0,abs16577
1,5 6,,0,,0,abs16578
1,6,,0,,1,abs16579
1,5,,0,,1,abs16580
1,4 5 6,1,0,,0,abs16581
1,4 5 6,,0,,1,abs16582
1,5,,0,,0,abs16583
1,4 5,1,0,1,0,abs16584
1,6,,0,,0,abs16585
1,6,,0,,0,abs16586
1,5 6,,0,,0,abs16587
1,5 6,,0,1,1,abs16588
1,5 6,1,0,,0,abs16589
1,5,1,0,,0,abs16590
1,4 5 6,2,0,,0,abs16591
1,4 5,,0,,0,abs16592
1,4 5,2,0,,0,abs16593
1,4,,0,,1,abs16594
1,4 5 6,,0,,0,abs16595
1,4 5 6,,0,,0,abs16596
1,5,,0,,0,abs16597
1,5 6,,0,,0,abs16598
1,3 4 5 6,,0,,1,abs16599
1,4 5,,0,,0,abs16600
1,5 6,2,,,0,abs16601
1,6,2,0,,0,abs16602
1,5,,0,,0,abs16603
1,5,,0,,0,abs16604
1,5,,0,,0,abs16605
1,4 5,2,0,,0,abs16606
1,5 6,,0,,0,abs16607
1,5,,0,1,0,abs16608
1,5 6,2,0,,0,abs16609
1,5,2,0,,0,abs16610
0,,,,,0,abs16611
1,4 5 6,,0,,0,abs16612
0,,,,,1,abs16613
1,3,,0,,0,abs16614
1,6,,0,,0,abs16615
0,,,,,0,abs16616
1,4 5,,0,,0,abs16617
1,5,,0,,0,abs16618
1,5 6,,0,,0,abs16619
1,5 6,2,0,,0,abs16620
1,5,,0,,0,abs16621
1,5,2,0,,0,abs16622
1,4 5,,0,,0,abs16623
1,5 7,,0,,0,abs16624
1,5,1,0,,0,abs16625
1,,2,0,,0,abs16626
1,4 5 6,2,0,,0,abs16627
1,,,0,,0,abs16628
1,5,,0,,0,abs16629
1,4 5,,0,1,0,abs16630
1,6,,0,,0,abs16631
1,4 5,,0,,0,abs16632
1,6,2,0,,0,abs16633
1,6 7,,0,,0,abs16634
1,4 5,,0,,0,abs16635
1,5 6,,0,,0,abs16636
1,4 5 6,,0,,0,abs16637
1,4 5,,0,,0,abs16638
1,4 5,1,0,,1,abs16639
1,6 7,,0,,0,abs16640
0,,,,,0,abs16641
1,3 7,2,0,1,1,abs16642
1,0,,0,,1,abs16643
1,5,,,,1,abs16644
1,5,1,0,,0,abs16645
0,,,,,0,abs16646
1,,2,,,1,abs16647
1,4 5 6,2,0,,0,abs16648
1,4,2,0,,1,abs16649
1,4 5,2,0,,0,abs16650
1,5,1,0,,0,abs16651
1,5,,0,,0,abs16652
0,,,,,0,abs16653
1,4 5,,0,,1,abs16654
1,4 5,2,0,,0,abs16655
1,5,,0,,1,abs16656
1,5,,0,,0,abs16657
0,,,,,0,abs16658
1,5,,0,,0,abs16659
0,,,,,0,abs16660
1,6,2,,,0,abs16661
1,4 5,,0,,0,abs16662
1,5,,0,,0,abs16663
1,6,2,0,,0,abs16664
1,4 5,,0,,1,abs16665
1,6,,0,,0,abs16666
1,3,,0,,0,abs16667
1,5,,0,,0,abs16668
1,4,,0,,0,abs16669
0,,,,,0,abs16670
1,4 5 6,2,0,,0,abs16671
0,,,,,1,abs16672
1,6,,,,0,abs16673
1,6,,,,0,abs16674
1,5,,0,,0,abs16675
1,4 5,,,,1,abs16676
1,4 5,,,,0,abs16677
1,4 5 6,,0,,1,abs16678
1,6,,0,,0,abs16679
1,,,,,1,abs16680
1,4 5 6,2,0,,0,abs16681
1,5,,,,1,abs16682
1,6,,0,,0,abs16683
0,,,,,0,abs16684
1,4 5 6,,0,,0,abs16685
0,,,,,0,abs16686
1,4,,,,1,abs16687
0,,,,,1,abs16688
0,,,,,0,abs16689
1,5 6,,0,1,0,abs16690
1,5,1,0,,0,abs16691
1,6,,0,,0,abs16692
1,5 6,2,0,,1,abs16693
1,4,,0,,1,abs16694
1,4 5 6,,0,,0,abs16695
1,4 5 6 7,,0,,0,abs16696
0,,,,,0,abs16697
1,5,,0,,0,abs16698
1,5,1,0,,0,abs16699
1,3 4 5 6,,0,,0,abs16700
1,2,,,,1,abs16701
1,5,,0,,0,abs16702
1,4 5,,0,,0,abs16703
1,5,,0,,0,abs16704
1,5,,0,,0,abs16705
1,6,,0,,0,abs16706
1,4 5,,0,,0,abs16707
1,4 5,2,0,,0,abs16708
1,4 5,,0,,0,abs16709
1,4 5,,0,,0,abs16710
1,6,,0,,1,abs16711
1,5 6,1,0,,0,abs16712
1,4 5 6,2,0,,0,abs16713
1,6,,0,,1,abs16714
1,4 5,,0,,0,abs16715
0,,,,,1,abs16716
1,5,,0,,1,abs16717
1,5,1,0,,0,abs16718
1,5 6,1,0,1,1,abs16719
1,6,,0,,0,abs16720
1,4 5,2,0,,1,abs16721
1,5 6,2,0,,0,abs16722
1,6,2,0,,0,abs16723
0,,,,,0,abs16724
1,6,,0,,0,abs16725
0,,,,,1,abs16726
1,6,,0,,0,abs16727
1,5 6,,0,,0,abs16728
1,4 5,,0,,0,abs16729
1,4 5,1,0,,0,abs16730
1,4 5,1,0,,0,abs16731
1,4 5,,0,,0,abs16732
1,4 5 6,,0,,0,abs16733
1,5,,0,,0,abs16734
1,4 5,,0,,0,abs16735
1,4 5,,0,1,0,abs16736
1,6,2,0,,0,abs16737
1,4 5,,0,,0,abs16738
1,4 5,,0,1,1,abs16739
0,,,,,0,abs16740
1,6,2,0,,0,abs16741
0,,,,,0,abs16742
1,,,,,0,abs16743
1,3,,0,1,1,abs16744
1,4 5,,0,,0,abs16745
1,0,,0,,0,abs16746
1,4 5 6,,,,1,abs16747
0,,,,,0,abs16748
0,,,,,0,abs16749
1,4 5,2,0,,0,abs16750
0,,,,,0,abs16751
1,4 5,1,0,,0,abs16752
1,4 5,1,0,,0,abs16753
1,0,2,0,,0,abs16754
1,,,,,1,abs16755
1,5,,0,,0,abs16756
1,4 5,,0,,0,abs16757
0,,,,,0,abs16758
0,,,,,0,abs16759
0,,,,,0,abs16760
1,3 6,,0,,0,abs16761
1,6,2,0,,0,abs16762
1,5,,0,,0,abs16763
1,5 6,,0,,1,abs16764
0,,,,,0,abs16765
0,,,,,1,abs16766
1,4 5 6,,0,,0,abs16767
1,4 5 6,,0,,1,abs16768
1,3 6,1,0,,0,abs16769
1,5,1,0,,0,abs16770
1,5 6,1,0,,1,abs16771
1,6,,0,,0,abs16772
1,5,,0,,0,abs16773
1,4 5,1,0,,0,abs16774
1,5,1,0,,0,abs16775
1,5 6,,0,,0,abs16776
1,5,,0,,0,abs16777
1,4 5,,0,,0,abs16778
1,2,2,24,,0,abs16779
1,2,,0,,1,abs16780
0,,,,,0,abs16781
1,6,,0,,1,abs16782
1,4 5 6,,0,,1,abs16783
0,,,,,0,abs16784
0,,,,,0,abs16785
0,,,,,0,abs16786
0,,,,,0,abs16787
0,,,,,0,abs16788
1,0,2,0,,0,abs16789
1,4 5,,0,1,1,abs16790
1,4,,0,,1,abs16791
1,4 5 6,2,0,,0,abs16792
1,5,2,0,,0,abs16793
1,5,2,0,,0,abs16794
0,,,,,0,abs16795
1,5,,0,,0,abs16796
1,6,,0,,0,abs16797
1,3,,0,,0,abs16798
1,4 5 6,2,0,,1,abs16799
1,4 5,2,0,,0,abs16800
1,5,,0,,0,abs16801
1,3 4 5 6,,0,,0,abs16802
1,4,,0,,0,abs16803
0,,,,,0,abs16804
1,4 5,,,,0,abs16805
1,5,,0,,0,abs16806
1,3 5 6,,0,1,0,abs16807
0,,,,,0,abs16808
1,4 5,2,0,,0,abs16809
1,5,2,0,,0,abs16810
1,3 4 5 6,,0,1,1,abs16811
1,3 4 5 6 7,,0,,0,abs16812
1,4 6,,0,,0,abs16813
1,4 5 6,2,0,,0,abs16814
1,6,,0,,0,abs16815
1,4 5,2,0,,0,abs16816
1,4 5,,0,,0,abs16817
1,5,,0,,0,abs16818
1,3,,0,1,1,abs16819
1,5,1,0,,1,abs16820
1,4 5,,0,,0,abs16821
1,4 5,2,0,,0,abs16822
1,5,1,0,1,0,abs16823
1,5 6,,0,,0,abs16824
1,5 6,1,0,,0,abs16825
1,4 5,,0,,1,abs16826
1,5,,0,,0,abs16827
1,5,2,0,,0,abs16828
1,5,1,0,,0,abs16829
1,5,1,0,,0,abs16830
1,6,2,0,,0,abs16831
1,5,1,0,,0,abs16832
1,6,,0,,0,abs16833
1,4 5 6,1,0,,0,abs16834
1,2,2,0,,0,abs16835
0,,,,,1,abs16836
1,5 6,,,,1,abs16837
1,5,,0,,1,abs16838
1,4 5 6,,0,,1,abs16839
1,4 5,,0,,0,abs16840
1,5,,0,,0,abs16841
1,2,,24,,0,abs16842
1,4 5,2,0,,0,abs16843
0,,,,,0,abs16844
1,6 7,,0,,0,abs16845
1,4 5 6,,0,,0,abs16846
1,6,,0,,0,abs16847
1,2 3 6,,,,0,abs16848
1,,,0,,1,abs16849
0,,,,,0,abs16850
1,5,,0,,0,abs16851
0,,,,,0,abs16852
1,3 5 6,2,0,,0,abs16853
1,4 5,1,0,,0,abs16854
1,4 5,,0,,0,abs16855
1,4 5,1,0,1,0,abs16856
1,5,,,,1,abs16857
1,5,1,0,,0,abs16858
1,6,,0,,0,abs16859
0,,,,,0,abs16860
0,,,,,0,abs16861
1,6,,0,,0,abs16862
1,4 5 6,,0,,1,abs16863
1,4 5 6,,0,,0,abs16864
1,5,,0,,0,abs16865
0,,,,,0,abs16866
1,4 5,,0,,1,abs16867
1,4 5 6,2,0,,0,abs16868
1,3,2,0,1,0,abs16869
1,5,,0,,0,abs16870
1,5,,0,,0,abs16871
1,4 5,,0,,0,abs16872
1,3 5,,0,,0,abs16873
0,,,,,1,abs16874
1,5,1,0,,0,abs16875
1,,2,,,0,abs16876
1,5,,0,,0,abs16877
1,6,1,0,,0,abs16878
1,4 5,,0,,1,abs16879
0,,,,,0,abs16880
1,5 6,,0,,0,abs16881
0,,,,,0,abs16882
0,,,,,1,abs16883
1,4 5 6,,0,,0,abs16884
1,4 5,1,0,,0,abs16885
1,4 5,2,0,,0,abs16886
1,4 5,,0,,1,abs16887
1,5,,0,,0,abs16888
1,5,,0,,0,abs16889
1,4 5,,0,1,1,abs16890
1,4 5,,3,,1,abs16891
0,,,,,0,abs16892
0,,,,,0,abs16893
1,6,,0,,0,abs16894
1,6,,0,,1,abs16895
0,,,,,0,abs16896
1,5,1,0,,0,abs16897
1,5,1,0,,0,abs16898
1,4 6,,0,,0,abs16899
1,4 5 6,,0,,0,abs16900
1,5,,0,1,1,abs16901
1,5,,0,,0,abs16902
1,4 5,,0,,0,abs16903
0,,,,,1,abs16904
1,4 5,,0,,1,abs16905
0,,,,,0,abs16906
1,2,2,,,1,abs16907
1,4 5,,0,,1,abs16908
1,3,,0,1,1,abs16909
1,1 2,,7,1,1,abs16910
1,4 5,,0,,0,abs16911
0,,,,,1,abs16912
0,,,,,0,abs16913
1,5,,0,,0,abs16914
1,6,,0,,1,abs16915
1,4 5,,0,,0,abs16916
1,4 5 6,,0,,0,abs16917
1,5,,0,,0,abs16918
1,5 6,1,0,,0,abs16919
1,4 5,1,0,,0,abs16920
1,4 5 6,,0,,0,abs16921
1,5 6,,0,,0,abs16922
0,,,,,0,abs16923
0,,,,,0,abs16924
1,5 6,1,0,,0,abs16925
1,6,,0,,1,abs16926
1,4,2,0,,1,abs16927
1,5,,0,,0,abs16928
0,,,,,0,abs16929
1,4 5,,,,1,abs16930
1,0,,,,1,abs16931
0,,,,,0,abs16932
1,5,,0,,0,abs16933
1,5 6,,0,,0,abs16934
1,5,,0,,0,abs16935
1,4 5,,0,,1,abs16936
1,3,2,0,,0,abs16937
1,5,1,0,1,0,abs16938
0,,,,,1,abs16939
0,,,,,0,abs16940
0,,,,,0,abs16941
1,4 5 6,,0,,0,abs16942
1,4 5,,0,,1,abs16943
0,,,,,0,abs16944
1,4 5 6 7,1,0,,1,abs16945
1,4 5 6,,0,,1,abs16946
1,4 5,,0,,1,abs16947
1,5 6,,0,,0,abs16948
0,,,,,0,abs16949
0,,,,,0,abs16950
1,,,,,0,abs16951
1,4 5,,0,,1,abs16952
1,5,,0,1,1,abs16953
1,3,2,0,,1,abs16954
1,2,,0,,1,abs16955
1,,2,0,,1,abs16956
1,6,,0,,1,abs16957
1,,,0,,1,abs16958
1,2,,,,1,abs16959
1,2,2,0,,1,abs16960
0,,,,,1,abs16961
0,,,,,1,abs16962
1,3,,0,,0,abs16963
1,,,0,,1,abs16964
1,1 2,2,40,,1,abs16965
1,,2,0,,1,abs16966
1,2 3,2,0,,1,abs16967
1,2,2,,,1,abs16968
0,,,,,1,abs16969
0,,,,,1,abs16970
1,,2,0,,1,abs16971
1,2,2,0,,1,abs16972
1,3 6,,0,1,1,abs16973
1,,2,0,,1,abs16974
0,,,,,1,abs16975
1,,,0,,1,abs16976
1,0,,0,,1,abs16977
1,2,,12,1,1,abs16978
1,,2,0,,1,abs16979
1,3,,,1,1,abs16980
1,2,,,,0,abs16981
0,,,,,1,abs16982
1,3,,,,1,abs16983
1,,2,0,,1,abs16984
1,3,2,0,,1,abs16985
0,,,,,1,abs16986
0,,,,,1,abs16987
1,,,,,1,abs16988
1,2,,0,,1,abs16989
1,,2,0,,1,abs16990
0,,,,,1,abs16991
1,3 5,,,,1,abs16992
1,2,,,,1,abs16993
1,3,,,,1,abs16994
0,,,,,1,abs16995
0,,,,,1,abs16996
1,0,,0,,1,abs16997
1,3,,,1,1,abs16998
1,,,,,1,abs16999
1,,,0,,1,abs17000
1,2,,,,1,abs17001
1,,,0,,1,abs17002
1,3,,0,1,0,abs17003
1,0,2,0,,1,abs17004
0,,,,,1,abs17005
0,,,,,1,abs17006
1,,2,0,,1,abs17007
1,3,2,0,,1,abs17008
1,,,0,,1,abs17009
1,1 2,,,,0,abs17010
0,,,,,1,abs17011
1,6,,0,,1,abs17012
1,,2,0,,1,abs17013
1,,2,,,1,abs17014
1,6,,0,,0,abs17015
1,,,,,1,abs17016
1,3,2,0,,1,abs17017
1,2 3 7,,,,1,abs17018
1,,,0,,1,abs17019
1,2,,0,,1,abs17020
1,2,2,12,,1,abs17021
1,6,,0,,0,abs17022
0,,,,,1,abs17023
1,1 2,,7 9,,1,abs17024
1,2,,,1,1,abs17025
1,,2,,,1,abs17026
1,2,,0,,1,abs17027
1,,2,,,1,abs17028
1,1 2,,40,,0,abs17029
1,6,,0,,1,abs17030
0,,,,,1,abs17031
1,6,,0,,1,abs17032
1,,2,,,1,abs17033
1,,2,0,,1,abs17034
1,2,,,,1,abs17035
1,5 6,1,0,,0,abs17036
1,1 2,,,1,1,abs17037
0,,,,,1,abs17038
1,2,,26,,0,abs17039
1,3,2,0,,1,abs17040
1,,2,,1,1,abs17041
1,,,,1,1,abs17042
1,,,0,,1,abs17043
1,,2,0,,1,abs17044
1,3,,,1,1,abs17045
1,,,0,,1,abs17046
1,6,2,0,,0,abs17047
1,1 2 6,,,,0,abs17048
0,,,,,1,abs17049
1,6,,0,,1,abs17050
1,5,,0,,0,abs17051
1,,,,,0,abs17052
1,4 5,,0,1,0,abs17053
1,1 2,2,,1,0,abs17054
1,2,,0,,1,abs17055
1,2,,,,1,abs17056
1,2,,,,0,abs17057
0,,,,,1,abs17058
1,,2,0,,1,abs17059
0,,,,,1,abs17060
1,,,0,,0,abs17061
1,2,,,,1,abs17062
1,5,,0,1,1,abs17063
1,,2,0,,1,abs17064
1,2 6,,,,1,abs17065
1,2,,,,1,abs17066
1,,2,,,1,abs17067
0,,,,,1,abs17068
1,2,,,,1,abs17069
1,,,,,1,abs17070
1,,2,,,1,abs17071
1,,,0,,0,abs17072
1,1 2 3,,,,1,abs17073
1,2,,,,1,abs17074
1,2,2,,,1,abs17075
0,,,,,1,abs17076
1,,,0,,1,abs17077
1,,2,0,,1,abs17078
1,,,0,,1,abs17079
1,2,,0,,1,abs17080
0,,,,,1,abs17081
1,2,,,,1,abs17082
1,1 2,2,9,,0,abs17083
1,,2,0,,1,abs17084
1,,2,,,1,abs17085
1,2,,0,,1,abs17086
1,3,,,1,1,abs17087
1,,2,0,,1,abs17088
1,2,,0,,1,abs17089
1,,,0,,1,abs17090
1,2,,3,,1,abs17091
0,,,,,1,abs17092
0,,,,,1,abs17093
0,,,,,1,abs17094
1,1 2,,,,1,abs17095
1,2,,,,1,abs17096
1,2,,,,1,abs17097
1,,2,0,,0,abs17098
0,,,,,1,abs17099
1,,,,,1,abs17100
1,2,,0,,1,abs17101
1,2,2,,,1,abs17102
1,6,2,0,,1,abs17103
1,5,1,0,1,0,abs17104
1,,,,,1,abs17105
1,6,,0,,0,abs17106
0,,,,,1,abs17107
0,,,,,1,abs17108
1,2,2,0,,1,abs17109
0,,,,,1,abs17110
1,1 2,,,,1,abs17111
1,2,2,0,,1,abs17112
1,,2,0,,1,abs17113
1,2,2,,,1,abs17114
0,,,,,1,abs17115
1,6,2,0,,1,abs17116
1,3,,0,,0,abs17117
1,7,2,0,1,0,abs17118
1,6,,0,,1,abs17119
1,2,,,,1,abs17120
1,,,,,1,abs17121
1,2,,12,,1,abs17122
1,3,,0,1,1,abs17123
1,6,2,0,,0,abs17124
0,,,,,1,abs17125
1,3,2,0,,0,abs17126
0,,,,,0,abs17127
0,,,,,1,abs17128
0,,,,,1,abs17129
1,4 5 6,1,0,1,0,abs17130
1,3 6,2,0,,0,abs17131
1,2,,,,1,abs17132
0,,,,,1,abs17133
1,,,,,1,abs17134
1,6,2,0,,0,abs17135
1,5,1,0,,0,abs17136
1,,2,0,,1,abs17137
1,7,,0,,0,abs17138
0,,,,,1,abs17139
1,,,,,1,abs17140
1,3,,0,,1,abs17141
1,,,0,,1,abs17142
1,1 2,,,,0,abs17143
1,,,,,1,abs17144
1,2,,12,,1,abs17145
0,,,,,1,abs17146
1,0,2,0,,1,abs17147
1,,,0,,1,abs17148
1,,,0,,1,abs17149
1,2,,,,1,abs17150
0,,,,,1,abs17151
1,,,0,,1,abs17152
1,2,,,,1,abs17153
0,,,,,1,abs17154
1,2,2,3,,1,abs17155
1,5,,0,,0,abs17156
1,2,,,,1,abs17157
0,,,,,1,abs17158
1,6,2,0,,1,abs17159
1,1 2 3,,7,1,1,abs17160
1,2,2,,,1,abs17161
1,,,,,1,abs17162
1,,2,0,,1,abs17163
1,7,,0,,0,abs17164
1,2,,,,1,abs17165
1,6,2,0,,0,abs17166
1,2,,,,1,abs17167
1,3,,0,,0,abs17168
1,,,,,1,abs17169
0,,,,,1,abs17170
1,,2,0,,1,abs17171
1,0,2,0,,1,abs17172
1,0,,0,,1,abs17173
1,2,,,,1,abs17174
1,1 2,2,26,,1,abs17175
0,,,,,1,abs17176
1,1 2 3,,,1,1,abs17177
0,,,,,1,abs17178
1,4 5,,0,1,1,abs17179
1,,,0,,1,abs17180
1,,2,,1,1,abs17181
1,,,0,,1,abs17182
1,2,,0,,1,abs17183
0,,,,,1,abs17184
1,,,,,1,abs17185
1,2,,,1,1,abs17186
1,2,,,,1,abs17187
0,,,,,1,abs17188
1,2,,,,1,abs17189
1,,1,,,1,abs17190
1,1 2,2,40,,1,abs17191
1,,2,0,,1,abs17192
1,2,,0,,1,abs17193
0,,,,,1,abs17194
0,,,,,1,abs17195
1,,,,,1,abs17196
0,,,,,1,abs17197
1,2,,,1,1,abs17198
1,,2,0,,1,abs17199
1,5,1,,,0,abs17200
1,,2,0,,1,abs17201
0,,,,,0,abs17202
1,2,,12,,1,abs17203
1,7,,,,1,abs17204
1,2,,12,,1,abs17205
1,2,,,,1,abs17206
1,2,2,,,1,abs17207
1,0,,0,,1,abs17208
1,2,,,,1,abs17209
1,6,2,0,,1,abs17210
0,,,,,1,abs17211
0,,,,,1,abs17212
0,,,,1,1,abs17213
1,5,2,0,,0,abs17214
1,1 2,,,,0,abs17215
1,1 2 6,2,7,,0,abs17216
1,2,,,,1,abs17217
1,,2,0,,1,abs17218
1,,,,,1,abs17219
1,5 6,2,0,,0,abs17220
1,,,0,,1,abs17221
1,1 2,,,,0,abs17222
0,,,,,1,abs17223
1,,2,0,,1,abs17224
1,5,,0,,0,abs17225
1,0,,0,,1,abs17226
0,,,,,1,abs17227
1,,,,,1,abs17228
0,,,,,1,abs17229
1,2,,12,,1,abs17230
1,3,,0,,1,abs17231
1,,2,0,,1,abs17232
1,2,,,,1,abs17233
1,,2,,,1,abs17234
1,4 5 6,,0,,0,abs17235
1,5 6,,0,,0,abs17236
1,,,,,1,abs17237
1,,2,0,,1,abs17238
0,,,,,0,abs17239
1,2,,0,,1,abs17240
1,3,2,0,1,1,abs17241
1,2,,3,,1,abs17242
1,3 6,,0,1,1,abs17243
1,2,,0,,1,abs17244
0,,,,,1,abs17245
1,2,2,,,1,abs17246
0,,,,,1,abs17247
1,2,,,,1,abs17248
1,,2,0,,1,abs17249
1,,2,0,,1,abs17250
0,,,,,1,abs17251
1,,,,,1,abs17252
0,,,,,1,abs17253
1,,2,,,1,abs17254
1,2,,,,1,abs17255
1,0,2,0,,1,abs17256
0,,,,,1,abs17257
1,,2,0,,1,abs17258
1,2,,0,,1,abs17259
1,6,2,0,,1,abs17260
1,,,,,1,abs17261
1,,2,0,,1,abs17262
1,,,,,1,abs17263
0,,,,,1,abs17264
1,0,2,0,,1,abs17265
1,2,,12,,1,abs17266
1,,2,,,1,abs17267
0,,,,,1,abs17268
1,3,,0,,1,abs17269
1,,,0,,1,abs17270
1,2,,10 22,,0,abs17271
1,,,,,1,abs17272
1,5 6,,0,,0,abs17273
1,2,2,40,,1,abs17274
1,6,2,0,,1,abs17275
1,,2,,,1,abs17276
1,5 6,,0,,0,abs17277
1,6,2,0,,1,abs17278
1,2,2,12,,1,abs17279
1,,,0,,1,abs17280
1,2,,,,0,abs17281
1,,2,0,,1,abs17282
1,6,2,0,,1,abs17283
0,,,,,1,abs17284
1,,,0,,1,abs17285
1,2,,,1,1,abs17286
1,2,,,,1,abs17287
1,6,2,0,,1,abs17288
1,,2,0,,1,abs17289
1,6,,,1,1,abs17290
1,,2,0,,1,abs17291
1,6,2,0,,1,abs17292
1,2,,,,1,abs17293
1,,2,0,,1,abs17294
0,,,,,1,abs17295
1,2,,12,,1,abs17296
0,,,,,1,abs17297
1,,,0,,1,abs17298
0,,,,,1,abs17299
1,2,,0,,1,abs17300
1,,2,0,,1,abs17301
0,,,,,1,abs17302
1,2,,,1,1,abs17303
1,3,,0,,1,abs17304
1,6,,0,,0,abs17305
0,,,,,1,abs17306
0,,,,,1,abs17307
0,,,,,1,abs17308
1,2,2,0,,1,abs17309
1,6,,0,,1,abs17310
0,,,,,1,abs17311
1,6,2,0,,0,abs17312
1,6,2,0,,1,abs17313
1,2,,,,1,abs17314
0,,,,,1,abs17315
0,,,,,1,abs17316
1,2,2,0,1,1,abs17317
1,2,2,,,1,abs17318
1,2,,12,,1,abs17319
0,,,,,1,abs17320
0,,,,,1,abs17321
1,2,,0,,1,abs17322
1,2,,,,1,abs17323
1,3,2,0,,1,abs17324
1,3 7,2,0,,0,abs17325
1,2,2,23,,1,abs17326
0,,,,,1,abs17327
1,,,,,1,abs17328
1,,,0,,1,abs17329
0,,,,,1,abs17330
0,,,,,1,abs17331
0,,,,,0,abs17332
1,3,2,0,,1,abs17333
1,2,,,,1,abs17334
1,,2,,,1,abs17335
1,,2,0,,1,abs17336
1,6,,0,,1,abs17337
1,5,,,,0,abs17338
1,2,,,,1,abs17339
0,,,,,1,abs17340
1,2,,0,,1,abs17341
0,,,,,1,abs17342
1,3,2,0,,0,abs17343
1,5 6,,0,,0,abs17344
1,5,,0,,0,abs17345
1,,,,,1,abs17346
1,,2,0,,1,abs17347
1,0,2,0,,1,abs17348
1,,,0,,1,abs17349
1,,,0,,0,abs17350
1,2,,,,1,abs17351
1,3,,,,1,abs17352
1,2,,,,1,abs17353
1,2,,12,,1,abs17354
0,,,,,1,abs17355
1,6,,,,1,abs17356
1,,2,0,,1,abs17357
1,0,2,0,,1,abs17358
0,,,,,1,abs17359
1,3,2,0,,1,abs17360
0,,,,,1,abs17361
0,,,,,1,abs17362
1,4 5 6,,0,,0,abs17363
1,3,,0,,1,abs17364
1,2,,,,1,abs17365
0,,,,,1,abs17366
0,,,,,1,abs17367
0,,,,,1,abs17368
1,,,,,1,abs17369
1,7,2,0,,0,abs17370
0,,,,,1,abs17371
1,,2,0,,1,abs17372
1,1 2,,,1,1,abs17373
1,3,,0,1,1,abs17374
1,3,,0,,0,abs17375
1,2,2,,,1,abs17376
1,3,,0,1,1,abs17377
1,2,2,,,1,abs17378
0,,,,,1,abs17379
1,6,,0,,0,abs17380
0,,,,,1,abs17381
1,3,,0,1,0,abs17382
0,,,,,1,abs17383
1,6,,0,,1,abs17384
1,3,,,,0,abs17385
0,,,,,1,abs17386
0,,,,,1,abs17387
1,2,,,,1,abs17388
1,0,2,0,,1,abs17389
1,2,,,,1,abs17390
0,,,,,1,abs17391
1,1 2,2,9,,1,abs17392
0,,,,,1,abs17393
0,,,,,1,abs17394
0,,,,,1,abs17395
1,,,0,,1,abs17396
0,,,,,1,abs17397
1,6,,0,,0,abs17398
1,3,,,,1,abs17399
1,,,0,,1,abs17400
1,2,,,,1,abs17401
0,,,,,1,abs17402
1,6,,0,,1,abs17403
1,2,,12,,1,abs17404
1,,2,0,,1,abs17405
0,,,,,1,abs17406
0,,,,,1,abs17407
0,,,,,1,abs17408
0,,,,,1,abs17409
1,,,0,,1,abs17410
1,2,,,,1,abs17411
1,,,0,,1,abs17412
1,6,,0,,1,abs17413
1,3,,0,,0,abs17414
1,5,,0,,0,abs17415
1,,2,,,1,abs17416
0,,,,,1,abs17417
0,,,,,1,abs17418
1,2,,12,1,1,abs17419
1,2,,,,1,abs17420
1,,2,0,,0,abs17421
1,3,2,0,1,1,abs17422
1,5 6,,0,,0,abs17423
1,0,2,0,,1,abs17424
0,,,,,1,abs17425
0,,,,,1,abs17426
0,,,,,1,abs17427
1,6,,0,,1,abs17428
1,5,2,0,1,0,abs17429
1,,2,0,,1,abs17430
1,2,,0,,1,abs17431
1,2,,,1,1,abs17432
0,,,,,1,abs17433
1,,2,0,,1,abs17434
1,2,,,1,1,abs17435
1,5,,,,0,abs17436
1,6,2,0,,0,abs17437
1,2,,12,,1,abs17438
1,,2,0,,1,abs17439
0,,,,,1,abs17440
1,6,2,0,,0,abs17441
1,6,2,0,,1,abs17442
0,,,,,1,abs17443
1,2 3,,,,1,abs17444
1,5,,0,,0,abs17445
0,,,,,1,abs17446
0,,,,,1,abs17447
0,,,,,1,abs17448
1,,2,0,,1,abs17449
0,,,,,1,abs17450
0,,,,,1,abs17451
0,,,,,1,abs17452
1,2,,,,1,abs17453
1,,,0,,1,abs17454
1,,,0,,1,abs17455
1,2 3 5 6,2,,,0,abs17456
0,,,,,0,abs17457
1,3,,,1,1,abs17458
1,,,0,,1,abs17459
1,2,,,,1,abs17460
1,1 2,,,,1,abs17461
1,2,,,,1,abs17462
1,,2,0,,1,abs17463
0,,,,,1,abs17464
1,2,,0,,1,abs17465
1,,2,,,1,abs17466
1,2,,7,,0,abs17467
0,,,,,1,abs17468
1,5,,0,,0,abs17469
1,0,2,0,,1,abs17470
1,2,,,1,1,abs17471
1,,2,0,,1,abs17472
0,,,,,1,abs17473
1,6,,0,,1,abs17474
0,,,,,1,abs17475
1,,2,0,,1,abs17476
1,3,,,1,1,abs17477
1,2,,9,,1,abs17478
1,1 2,,,1,0,abs17479
1,5 6,,0,,0,abs17480
1,2,2,,,1,abs17481
0,,,,,1,abs17482
1,6,,0,,1,abs17483
1,3,2,0,,1,abs17484
0,,,,,1,abs17485
0,,,,,1,abs17486
1,,,0,,1,abs17487
0,,,,,1,abs17488
1,2 3 6,,,1,1,abs17489
1,6,,0,,1,abs17490
1,6,2,0,,1,abs17491
0,,,,,1,abs17492
1,,2,0,,1,abs17493
1,,,0,,1,abs17494
1,5,,0,,0,abs17495
1,1 2,2,,,1,abs17496
1,3,2,0,1,0,abs17497
1,2,,,,1,abs17498
1,6,2,0,,1,abs17499
1,,,,,1,abs17500
1,5 6,1,0,,0,abs17501
1,2,,3,,1,abs17502
1,,,,,1,abs17503
1,2,,,,1,abs17504
1,,2,0,,1,abs17505
0,,,,,1,abs17506
0,,,,,1,abs17507
1,6,,,,1,abs17508
1,,2,0,,1,abs17509
1,3,2,0,,1,abs17510
1,2,,12,,1,abs17511
1,1 2,,,,1,abs17512
0,,,,,1,abs17513
1,,,0,,1,abs17514
1,,2,0,,1,abs17515
1,6,,0,,1,abs17516
1,2,,,1,1,abs17517
1,,,0,,1,abs17518
0,,,,,1,abs17519
1,,2,0,,0,abs17520
1,,,,,1,abs17521
1,,,0,,0,abs17522
1,,2,0,,1,abs17523
1,,2,0,,0,abs17524
1,,,0,,1,abs17525
1,5 6,,0,,0,abs17526
1,5,,0,,0,abs17527
1,,2,0,,1,abs17528
1,,,,,1,abs17529
1,2,,0,,1,abs17530
1,6,2,,,1,abs17531
1,2,,12,,1,abs17532
0,,,,,1,abs17533
1,3,,0,,1,abs17534
1,,,,,1,abs17535
1,2,,22,,1,abs17536
0,,,,,1,abs17537
1,2,,0,,1,abs17538
1,3,,0,,0,abs17539
1,0,,0,,1,abs17540
0,,,,,1,abs17541
1,2,,,,1,abs17542
1,3,,,1,1,abs17543
1,6,2,0,,0,abs17544
1,0,,0,,1,abs17545
1,,2,0,,1,abs17546
1,5,,0,,0,abs17547
0,,,,,1,abs17548
1,0,2,0,,1,abs17549
1,2,,,,1,abs17550
0,,,,,1,abs17551
1,3,,0,,1,abs17552
1,2,,,,1,abs17553
1,,,,,1,abs17554
1,,2,,,1,abs17555
0,,,,,1,abs17556
1,2 6,,,1,1,abs17557
1,,,,,1,abs17558
1,2,2,,,1,abs17559
1,6,2,0,,1,abs17560
1,3 4 5 6,,0,,0,abs17561
1,2,,,1,1,abs17562
0,,,,,1,abs17563
0,,,,,1,abs17564
1,2,,,,1,abs17565
1,3 6,,0,,0,abs17566
1,1 2,,,,1,abs17567
1,6,2,0,,1,abs17568
1,,,,,1,abs17569
0,,,,,1,abs17570
1,1 2,,,,1,abs17571
1,0,,0,,0,abs17572
0,,,,,1,abs17573
0,,,,,1,abs17574
1,6,,0,,1,abs17575
1,5,1,0,1,0,abs17576
0,,,,,1,abs17577
1,2,,,,1,abs17578
1,6,,0,,1,abs17579
0,,,,,1,abs17580
0,,,,,1,abs17581
1,2,,,,1,abs17582
0,,,,,1,abs17583
0,,,,,1,abs17584
0,,,,,1,abs17585
1,,2,0,,1,abs17586
1,,,,,1,abs17587
0,,,,,1,abs17588
1,,2,0,,0,abs17589
1,,2,,,1,abs17590
1,1 2,,,1,0,abs17591
1,,,,,1,abs17592
1,2,2,,,1,abs17593
1,,,,1,1,abs17594
1,5,1,0,,0,abs17595
1,5,,0,,0,abs17596
1,5,1,0,,0,abs17597
1,,2,0,,1,abs17598
1,1 2,2,,,0,abs17599
0,,,,,1,abs17600
1,,,,,1,abs17601
1,3,1,,1,1,abs17602
1,2,,,,1,abs17603
0,,,,,1,abs17604
1,,2,0,,0,abs17605
1,1 2 6,,,,0,abs17606
1,2,,,,1,abs17607
1,2,2,0,,1,abs17608
0,,,,,1,abs17609
1,2,,,,1,abs17610
1,,,,,1,abs17611
1,2,,0,,1,abs17612
1,1 2 3,,22,1,0,abs17613
1,1 2,,,,0,abs17614
0,,,,,1,abs17615
0,,,,,1,abs17616
1,,,0,,1,abs17617
1,0,,0,,1,abs17618
1,2,,,,1,abs17619
0,,,,,1,abs17620
1,3,2,0,,1,abs17621
1,6,,,,1,abs17622
1,,2,0,,1,abs17623
1,2,,0,,1,abs17624
1,6,2,0,,0,abs17625
1,,2,0,,1,abs17626
1,,2,,,1,abs17627
1,,,,,1,abs17628
1,,,0,,1,abs17629
1,5,,0,,0,abs17630
1,5 6,,0,,0,abs17631
1,3,,0,,1,abs17632
1,,2,,,1,abs17633
1,1 2,,,,1,abs17634
1,2,,,,1,abs17635
1,1 2,,,,1,abs17636
1,2,,,,1,abs17637
1,2,,9,,1,abs17638
0,,,,,0,abs17639
1,,1,,1,0,abs17640
1,2 5 6,,,,0,abs17641
1,6,,0,,0,abs17642
1,3 6,,,,1,abs17643
1,,2,0,,1,abs17644
1,3,,0,,1,abs17645
1,6,,0,,1,abs17646
1,0,2,0,,1,abs17647
1,3,1,0,1,0,abs17648
1,2,,,,1,abs17649
1,2,,0,,1,abs17650
1,5,,0,1,0,abs17651
1,,2,0,,1,abs17652
0,,,,,1,abs17653
1,2,,,,1,abs17654
0,,,,,1,abs17655
0,,,,,1,abs17656
1,2,2,0,,1,abs17657
1,,,0,,1,abs17658
1,6,,0,,1,abs17659
0,,,,,1,abs17660
1,,,0,,1,abs17661
1,2,,,,0,abs17662
1,2,,0,,1,abs17663
1,5 6,2,,1,1,abs17664
1,,2,,,1,abs17665
0,,,,,1,abs17666
1,,,,,1,abs17667
1,2,,,,1,abs17668
0,,,,,1,abs17669
1,2,,,,1,abs17670
1,5,,,,1,abs17671
0,,,,,1,abs17672
0,,,,,1,abs17673
1,,,,,1,abs17674
1,6,2,0,,1,abs17675
0,,,,,1,abs17676
1,,2,0,,1,abs17677
1,,,0,,1,abs17678
1,3,,0,,0,abs17679
1,2,2,12,,1,abs17680
0,,,,,1,abs17681
0,,,,,1,abs17682
1,,2,,,1,abs17683
1,2,,,,1,abs17684
1,2,,,,1,abs17685
1,2,,,,1,abs17686
1,0,2,0,,1,abs17687
1,,,0,,0,abs17688
1,0,2,0,,1,abs17689
0,,,,,1,abs17690
1,,,0,,1,abs17691
1,,2,0,,1,abs17692
1,,2,0,,1,abs17693
1,,,0,,1,abs17694
1,3,2,0,,1,abs17695
1,2,,,,1,abs17696
1,2,,,,1,abs17697
1,2,,,,0,abs17698
0,,,,,1,abs17699
1,2,,12,,1,abs17700
1,1 2,,,,1,abs17701
1,,,,,1,abs17702
1,,,,,1,abs17703
1,6,,0,,1,abs17704
1,1 2,,,1,0,abs17705
1,3,,0,,1,abs17706
1,3,2,0,,1,abs17707
1,,,,,1,abs17708
1,,2,0,,1,abs17709
1,0,,0,,1,abs17710
1,,2,0,,1,abs17711
1,3,2,0,,0,abs17712
1,,2,0,,1,abs17713
1,2 6,,,1,1,abs17714
1,,2,0,,1,abs17715
1,2,,0,,0,abs17716
0,,,,,1,abs17717
1,,2,0,,1,abs17718
0,,,,,1,abs17719
1,,2,0,,1,abs17720
1,,2,0,,1,abs17721
0,,,,,1,abs17722
1,2 3 6,,,1,1,abs17723
1,2,,,,1,abs17724
0,,,,,1,abs17725
1,2,,,,1,abs17726
1,,,0,,1,abs17727
0,,,,,1,abs17728
1,,2,0,,1,abs17729
1,,,0,,1,abs17730
1,,2,,1,1,abs17731
1,6,,,,1,abs17732
1,1 2,,,,0,abs17733
1,,,0,,1,abs17734
1,2 3,,,1,1,abs17735
1,2,,,,1,abs17736
1,2,,3,,1,abs17737
1,1 2,,,,0,abs17738
1,,,,,1,abs17739
1,5,,,,0,abs17740
1,,2,0,,1,abs17741
0,,,,1,1,abs17742
0,,,,,1,abs17743
0,,,,,1,abs17744
1,6,2,0,,0,abs17745
1,,2,0,,1,abs17746
0,,,,,1,abs17747
1,,2,0,,1,abs17748
1,2,,,,1,abs17749
0,,,,,1,abs17750
1,3,,0,,0,abs17751
1,,,,,1,abs17752
1,,2,,,1,abs17753
1,2 3 6,,,1,1,abs17754
1,2,,,,1,abs17755
1,2,,,,1,abs17756
1,6,,,,1,abs17757
1,6,,,,1,abs17758
1,,,,,1,abs17759
1,,,,,1,abs17760
1,0,2,0,,1,abs17761
0,,,,,1,abs17762
1,0,2,0,,1,abs17763
1,3,,0,,1,abs17764
0,,,,,1,abs17765
1,5,,,1,0,abs17766
1,6,2,0,,0,abs17767
1,2,,0,,1,abs17768
1,2,,,,1,abs17769
1,,2,0,,1,abs17770
1,0,,0,,0,abs17771
1,0,2,0,,1,abs17772
1,,2,0,,1,abs17773
0,,,,,1,abs17774
0,,,,,1,abs17775
0,,,,,1,abs17776
1,2,,18,,1,abs17777
1,2,,,,1,abs17778
1,,,,,1,abs17779
1,2,,0,,1,abs17780
1,6,2,,,1,abs17781
1,,,,,1,abs17782
1,0,2,0,,1,abs17783
0,,,,,1,abs17784
1,,2,0,,1,abs17785
1,5,,0,,0,abs17786
1,2,2,0,,1,abs17787
1,2,,,,1,abs17788
1,,,,,1,abs17789
1,1 2,,,,1,abs17790
1,2,,0,,1,abs17791
1,2,,0,,1,abs17792
1,,,,,1,abs17793
1,3 7,,0,,0,abs17794
1,0,2,0,,1,abs17795
1,2,,3,,1,abs17796
1,2,2,,,1,abs17797
1,0,2,0,,1,abs17798
1,3,,,1,1,abs17799
1,3,,0,1,1,abs17800
1,2,,0,,1,abs17801
1,3,2,0,,1,abs17802
1,,2,0,,1,abs17803
1,,2,0,,1,abs17804
1,2,,,,1,abs17805
0,,,,,1,abs17806
1,,,0,,1,abs17807
1,6,2,0,,1,abs17808
1,4 5,,0,,0,abs17809
1,5,1,0,,0,abs17810
1,4 5,,0,,0,abs17811
1,4,,3,,1,abs17812
1,5,,0,,1,abs17813
1,,,,,0,abs17814
1,2 3,,,1,0,abs17815
1,4 5 6,,0,,0,abs17816
1,3 7,,0,1,1,abs17817
1,4 5 6,2,0,,0,abs17818
1,4 5 6 7,1,0,1,1,abs17819
1,4 5 6,,0,,0,abs17820
1,6,,0,,0,abs17821
1,5 6,,,,0,abs17822
1,4,,0,1,1,abs17823
1,4 7,,0,,1,abs17824
1,4 5,,0,,0,abs17825
1,5,1,0,1,0,abs17826
1,4 5,2,0,,0,abs17827
0,,,,,1,abs17828
1,4,2,,,1,abs17829
1,4 5,,0,1,0,abs17830
1,4 5 6,,0,,0,abs17831
1,5 6,,0,,0,abs17832
1,4 5,,0,,1,abs17833
0,,,,,0,abs17834
1,4 5 6,,0,,0,abs17835
1,4,,0,1,1,abs17836
1,4 5,1,0,,0,abs17837
0,,,,,0,abs17838
1,5,2,0,,0,abs17839
1,4 5,,0,,1,abs17840
1,4,,7,,0,abs17841
1,6,,0,,0,abs17842
0,,,,,1,abs17843
1,4 5,,0,,1,abs17844
1,5 6,,0,,0,abs17845
0,,,,,1,abs17846
1,3 6,,0,,0,abs17847
0,,,,,0,abs17848
1,5,,0,,0,abs17849
1,4 5,2,0,,0,abs17850
1,4 5 6,2,0,,0,abs17851
1,4,,,,0,abs17852
0,,,,,0,abs17853
1,5,2,0,,1,abs17854
1,4 5,2,0,,0,abs17855
1,2,2,0,,1,abs17856
1,4 5,2,0,,1,abs17857
1,6,,0,,0,abs17858
0,,,,,0,abs17859
1,4 5,,0,,0,abs17860
0,,,,1,1,abs17861
1,4 5,,0,,0,abs17862
1,4 5 6,2,0,,1,abs17863
1,5,,,,1,abs17864
0,,,,,0,abs17865
1,4 5,,0,,0,abs17866
1,4 5 6,,,,0,abs17867
1,5,,0,,0,abs17868
1,3 4 5,,0,,0,abs17869
1,4 5,2,0,1,0,abs17870
1,4 5,,,,1,abs17871
1,4 5,,0,,0,abs17872
1,4 5 6,2,0,,1,abs17873
1,4,2,,,1,abs17874
0,,,,,1,abs17875
1,5,2,0,,0,abs17876
1,4 5,1,0,,0,abs17877
0,,,,,1,abs17878
1,4 5 6,,0,,1,abs17879
0,,,,,1,abs17880
1,5,,0,,0,abs17881
1,4 5,2,0,,0,abs17882
1,6,,0,,1,abs17883
1,4,,,,1,abs17884
0,,,,,0,abs17885
1,5,1,0,,0,abs17886
1,3 7,,0,,1,abs17887
0,,,,,0,abs17888
1,4 5,,0,,1,abs17889
0,,,,,0,abs17890
0,,,,,1,abs17891
0,,,,,0,abs17892
1,4 5,,0,,0,abs17893
0,,,,,1,abs17894
0,,,,,0,abs17895
1,4 5,1,0,,1,abs17896
1,6,,0,,0,abs17897
1,2,,,1,0,abs17898
1,4 5 6,,0,,0,abs17899
1,5,2,0,,0,abs17900
0,,,,,0,abs17901
0,,,,,0,abs17902
1,6,1,0,,1,abs17903
1,4 5 6 7,,0,,1,abs17904
0,,,,,1,abs17905
0,,,,,0,abs17906
1,3,,0,,1,abs17907
0,,,,,1,abs17908
1,6,2,0,1,0,abs17909
1,4 5 6,2,0,,0,abs17910
1,4 5,,0,,0,abs17911
1,4 5,2,0,,0,abs17912
1,5,,0,,0,abs17913
1,5 6,1,0,,0,abs17914
1,5 6,,0,,0,abs17915
0,,,,,1,abs17916
1,,,,,0,abs17917
0,,,,,0,abs17918
0,,,,,0,abs17919
1,5,2,0,,0,abs17920
1,3 6,,0,,0,abs17921
1,4 5,1,0,,0,abs17922
1,4 5 6 7,2,0,,0,abs17923
1,5,1,0,,0,abs17924
1,4 5,,0,,0,abs17925
0,,,,,0,abs17926
0,,,,,0,abs17927
1,4 5 6,,0,,1,abs17928
1,4 5,,0,,0,abs17929
1,5,1,0,,0,abs17930
1,4 5,,0,,0,abs17931
1,4 5,,0,,0,abs17932
1,5,,0,,0,abs17933
1,3,,0,,1,abs17934
1,6,,0,,0,abs17935
1,4 5,,0,,0,abs17936
1,6,,,,1,abs17937
1,,,,,1,abs17938
0,,1,,,0,abs17939
1,3 6,,0,,0,abs17940
1,4 5,2,0,,1,abs17941
1,4 5,,,1,1,abs17942
0,,,,,0,abs17943
1,6,,0,1,1,abs17944
1,5 6,1,0,1,1,abs17945
1,4 5,,0,,0,abs17946
1,5,,0,1,0,abs17947
1,4 5,,0,,0,abs17948
1,4,,0,,0,abs17949
1,4,1,0,,1,abs17950
0,,,,,0,abs17951
1,4 5 6,2,0,,0,abs17952
1,4 5,,0,,0,abs17953
1,4 5 6,,0,,0,abs17954
0,,,,,0,abs17955
1,4 5 6,2,0,,0,abs17956
1,4 5 6 7,1,0,,1,abs17957
0,,,,,1,abs17958
1,4 5 6,,0,,0,abs17959
1,4 5,2,0,,0,abs17960
1,5 6,2,0,,0,abs17961
0,,,,,1,abs17962
1,3 4 5 6,,0,,0,abs17963
1,4 5,1,,,1,abs17964
0,,,,,0,abs17965
1,4 5,2,0,,0,abs17966
1,4 5,,0,,0,abs17967
1,5,2,0,,0,abs17968
1,,,,,1,abs17969
1,6,,0,,0,abs17970
1,4 5,,0,,0,abs17971
1,,,,,0,abs17972
0,,,,,0,abs17973
0,,,,,1,abs17974
0,,,,,0,abs17975
1,5,2,0,,0,abs17976
1,4 5 6,1,0,,1,abs17977
1,4 5 6,,0,,0,abs17978
1,4 5,,0,,0,abs17979
1,5,,0,,0,abs17980
1,5,1,0,,0,abs17981
1,1 2,,40,,0,abs17982
1,5,,0,,1,abs17983
1,7,,0,,1,abs17984
1,5,2,0,,0,abs17985
1,4,,25,,1,abs17986
1,4 5 6,,0,,0,abs17987
1,3,,0,,0,abs17988
1,4 5 6,,0,,0,abs17989
1,4,2,0,,1,abs17990
0,,,,,1,abs17991
1,4 5,1,0,,0,abs17992
1,4 5,,0,,1,abs17993
1,3 6,2,0,,1,abs17994
1,4 5,,0,,0,abs17995
1,4 5,,0,,0,abs17996
1,5,,0,,0,abs17997
1,6,,0,,0,abs17998
1,5,,0,,0,abs17999
1,4 6,1,0,,0,abs18000
1,3 7,2,0,,1,abs18001
1,5,,0,,0,abs18002
1,5,,,,0,abs18003
1,5 6,,0,,0,abs18004
1,,2,,,1,abs18005
1,4 5,,0,1,1,abs18006
1,5 6,1,0,,0,abs18007
0,,,,,0,abs18008
1,7,,0,,0,abs18009
1,4 5,,0,,0,abs18010
0,,,,,0,abs18011
1,5,2,0,,0,abs18012
1,2,2,,,1,abs18013
1,4 5,,0,,1,abs18014
1,4 5 6,,0,,1,abs18015
1,6,2,0,,0,abs18016
0,,,,,1,abs18017
1,5,2,0,,0,abs18018
0,,,,,0,abs18019
1,4 5,1,0,1,0,abs18020
1,4 5,1,0,,0,abs18021
0,,,,,0,abs18022
0,,,,,0,abs18023
0,,,,,0,abs18024
1,4 5,,0,1,1,abs18025
1,,2,0,,0,abs18026
1,4 5,,0,,0,abs18027
0,,,,,0,abs18028
0,,,,,0,abs18029
1,5,2,0,,0,abs18030
1,3 5,,0,,0,abs18031
0,,,,,1,abs18032
1,4 5 6,,0,,0,abs18033
0,,,,,1,abs18034
1,5,,,,1,abs18035
1,6,,0,,0,abs18036
1,2 3 4 5 6,,,,0,abs18037
0,,,,,0,abs18038
0,,,,,1,abs18039
1,4,2,0,,0,abs18040
0,,,,,0,abs18041
1,4 5,,0,,0,abs18042
0,,,,,0,abs18043
0,,,,,0,abs18044
1,,,0,,0,abs18045
1,4,,,,1,abs18046
1,6,2,0,,0,abs18047
1,5 6,,0,,0,abs18048
1,6,,0,,0,abs18049
0,,,,,0,abs18050
1,4 5,2,0,,0,abs18051
1,4,,0,,0,abs18052
0,,,,,0,abs18053
1,,2,,,1,abs18054
1,4 5,2,0,1,0,abs18055
1,2,,,,1,abs18056
1,5 6,,0,,0,abs18057
1,5,,0,,0,abs18058
1,3 5,,0,,0,abs18059
1,,,,,0,abs18060
1,2,,,,0,abs18061
1,5,,0,1,0,abs18062
1,6,2,0,,0,abs18063
1,6,,0,,1,abs18064
1,6,,,,0,abs18065
0,,,,,1,abs18066
0,,,,,0,abs18067
1,3,2,0,,0,abs18068
1,4 5,,0,,0,abs18069
1,4 5,,0,,1,abs18070
0,,,,,0,abs18071
0,,,,,1,abs18072
1,4,,,,1,abs18073
1,4 5 6 7,,0,,1,abs18074
1,5 6,2,0,,0,abs18075
0,,,,,1,abs18076
1,6,,0,,1,abs18077
0,,,,,1,abs18078
0,,,,,0,abs18079
1,5,,0,,0,abs18080
1,1 2,,,1,1,abs18081
1,4 5,1,0,,0,abs18082
0,,,,,0,abs18083
1,5,,0,,0,abs18084
1,5,1,0,1,0,abs18085
1,,,,,1,abs18086
1,4 5,,0,,0,abs18087
1,6,,0,,0,abs18088
0,,,,,1,abs18089
0,,,,0,1,abs18090
0,,,,,1,abs18091
0,,,,,0,abs18092
1,,2,0,,0,abs18093
1,4 5 6,2,0,,0,abs18094
1,5 6,,0,,0,abs18095
0,,,,,0,abs18096
1,4 6,,0,,0,abs18097
1,4,,0,,1,abs18098
1,4 5,1,0,,0,abs18099
1,,,0,,0,abs18100
1,5,,0,,0,abs18101
1,3 6,,0,1,0,abs18102
1,6,2,0,,0,abs18103
1,4 5,1,0,,0,abs18104
0,,,,,1,abs18105
1,4 5,,,,1,abs18106
1,4 5,,0,,1,abs18107
1,,,,,1,abs18108
0,,,,,0,abs18109
1,4 5,,0,,1,abs18110
1,4 5,,0,,0,abs18111
1,4 5,,0,,0,abs18112
1,4 5 6,,0,,1,abs18113
0,,,,,0,abs18114
1,4 5,,0,,0,abs18115
1,,,,,0,abs18116
1,5 6,1,,,0,abs18117
1,,2,,,0,abs18118
0,,,,,0,abs18119
1,6,,0,,0,abs18120
1,5 6,,0,,1,abs18121
1,3 5,,0,,0,abs18122
1,5,,0,,1,abs18123
1,4 5,,,,0,abs18124
1,,2,,,1,abs18125
1,6,,0,,0,abs18126
1,4 5,1,0,,0,abs18127
0,,,,,1,abs18128
1,1 2,,,1,0,abs18129
1,5,,0,,0,abs18130
0,,,,,0,abs18131
1,4,2,,,1,abs18132
0,,,,,0,abs18133
0,,,,,0,abs18134
1,7,,,,1,abs18135
1,4 5 6,2,0,,0,abs18136
1,4 5 6,,0,,0,abs18137
1,1 2,1,22,1,0,abs18138
1,3,,0,,0,abs18139
1,5,,,,0,abs18140
1,4 5 6,,0,,0,abs18141
0,,,,,1,abs18142
0,,,,,1,abs18143
0,,,,,1,abs18144
1,4 5,,,,1,abs18145
1,6,,,,1,abs18146
1,4 5,,0,,0,abs18147
1,4 5 6,,0,,1,abs18148
1,4 5 6,,0,,0,abs18149
1,6,,0,,0,abs18150
0,,,,,0,abs18151
1,0,,,,1,abs18152
0,,,,,1,abs18153
1,4 5,,,,1,abs18154
1,6,,0,,1,abs18155
1,5,,0,,1,abs18156
1,5,,0,,1,abs18157
1,,,,,1,abs18158
0,,,,,1,abs18159
1,4 5,,,,1,abs18160
1,4 5,,,,1,abs18161
1,,,0,,1,abs18162
1,,2,,,1,abs18163
0,,,,,1,abs18164
1,4 5,,,,1,abs18165
1,5,,0,,1,abs18166
0,,,,,0,abs18167
1,5,,,,0,abs18168
1,2,,,,0,abs18169
1,2,,,,1,abs18170
1,2,,,,1,abs18171
1,,,0,0,1,abs18172
1,,,0,,1,abs18173
1,,,,,1,abs18174
1,3,2,0,,1,abs18175
1,2,2,0,,1,abs18176
1,0,2,0,,1,abs18177
1,0,2,0,,1,abs18178
1,,2,0,,1,abs18179
1,3,,0,,1,abs18180
1,5,,0,,0,abs18181
1,2,,,,1,abs18182
0,,,,,1,abs18183
0,,,,,1,abs18184
0,,,,,1,abs18185
1,2 3,,,1,0,abs18186
0,,,,,1,abs18187
0,,,,,1,abs18188
1,,,0,,1,abs18189
0,,,,,1,abs18190
0,,,,,1,abs18191
1,1 2,,40,1,1,abs18192
1,,,,,1,abs18193
1,5 6,2,0,,0,abs18194
1,3,,,,1,abs18195
1,,2,,,1,abs18196
1,2,2,0,,1,abs18197
0,,,,,1,abs18198
0,,,,,1,abs18199
0,,,,,1,abs18200
1,0,,0,,1,abs18201
1,6,,0,,1,abs18202
1,,,0,,1,abs18203
0,,,,,1,abs18204
0,,,,,1,abs18205
1,2,,,,1,abs18206
1,2,,0,,1,abs18207
0,,,,,1,abs18208
0,,,,,1,abs18209
1,2,,12,,1,abs18210
1,,,,,1,abs18211
1,3,,0,,0,abs18212
1,2,,0,,1,abs18213
1,2,,,,1,abs18214
1,,,,,1,abs18215
1,,2,0,,1,abs18216
1,2,,,,1,abs18217
0,,,,,1,abs18218
1,2,,,,1,abs18219
1,2,,,,1,abs18220
1,,2,0,,1,abs18221
0,,,,,1,abs18222
1,3,,0,1,1,abs18223
1,2,2,,,1,abs18224
1,3,,0,1,1,abs18225
1,2,,,,1,abs18226
0,,,,,1,abs18227
1,3 6,2,0,1,0,abs18228
1,1 2,,,,1,abs18229
1,3,,,,0,abs18230
0,,,,,0,abs18231
1,2 5,,,,0,abs18232
1,1 2,,,1,0,abs18233
1,3,,,,0,abs18234
1,,2,,,1,abs18235
1,2,2,,,1,abs18236
1,2,2,,,1,abs18237
1,2,,,,1,abs18238
1,,2,0,,1,abs18239
1,3,,,1,1,abs18240
1,6,2,0,,1,abs18241
1,6,2,0,,0,abs18242
1,2,2,0,,1,abs18243
0,,,,,1,abs18244
0,,,,,1,abs18245
0,,,,,1,abs18246
1,2,2,,,1,abs18247
1,,2,0,,1,abs18248
1,1 2,,,,1,abs18249
1,6,2,0,,1,abs18250
1,4 5,,0,1,0,abs18251
0,,,,,1,abs18252
0,,,,,1,abs18253
0,,,,,1,abs18254
1,3,,0,,1,abs18255
1,2,,,,1,abs18256
0,,,,,1,abs18257
1,5 6,1,0,,0,abs18258
0,,,,,1,abs18259
1,,,0,,1,abs18260
1,6,2,0,,0,abs18261
1,,,,,1,abs18262
1,2,,,,1,abs18263
1,,2,0,,1,abs18264
0,,,,,1,abs18265
1,6,2,0,,1,abs18266
1,2,,0,,1,abs18267
1,3,1,,,0,abs18268
0,,,,,1,abs18269
1,,,,,1,abs18270
0,,,,,1,abs18271
1,2,,,,0,abs18272
1,1 2,,,1,0,abs18273
0,,,,,1,abs18274
1,2,,12,,1,abs18275
0,,,,,1,abs18276
1,,2,0,,1,abs18277
1,2,,0,,1,abs18278
1,,,,,1,abs18279
1,,2,0,,1,abs18280
1,2,,,,1,abs18281
1,,2,0,,1,abs18282
1,3,,0,,1,abs18283
0,,,,,1,abs18284
1,,,,,1,abs18285
1,2,,,,1,abs18286
1,6,2,0,,1,abs18287
1,,,,,1,abs18288
1,2,,,,1,abs18289
1,2,2,,1,1,abs18290
1,3,2,0,,1,abs18291
1,,,,,1,abs18292
1,,,,,1,abs18293
1,0,2,0,,1,abs18294
1,,2,0,,1,abs18295
1,6,,,,1,abs18296
1,,,0,,1,abs18297
1,1 2,2,,,1,abs18298
0,,,,,1,abs18299
1,1 2,2,11,,1,abs18300
1,2,2,7,,1,abs18301
1,3,,,,1,abs18302
0,,,,,1,abs18303
0,,,,,1,abs18304
1,2,2,,,1,abs18305
1,2,,0,,1,abs18306
1,,2,0,,1,abs18307
1,2,2,0,,1,abs18308
0,,,,,1,abs18309
1,2,,,,1,abs18310
0,,,,,1,abs18311
0,,,,,1,abs18312
1,2,,,,1,abs18313
1,,,,,0,abs18314
0,,,,,1,abs18315
1,2,,0,,1,abs18316
1,2,,8,,1,abs18317
0,,,,,1,abs18318
1,2,,12,,1,abs18319
1,2,,15,,1,abs18320
1,,,,,1,abs18321
1,1 2,,,,1,abs18322
0,,,,,1,abs18323
1,3,,0,,1,abs18324
1,,,0,,1,abs18325
1,2,,12,,1,abs18326
0,,,,,1,abs18327
1,2,,,,1,abs18328
1,,2,0,,1,abs18329
1,3,,0,,0,abs18330
0,,,,,1,abs18331
0,,,,,1,abs18332
0,,,,,1,abs18333
1,6,,12,,1,abs18334
1,6,2,0,1,0,abs18335
1,,2,,,1,abs18336
0,,,,,1,abs18337
1,,2,0,,1,abs18338
1,2,,,,1,abs18339
0,,,,,1,abs18340
1,,,,,1,abs18341
0,,,,,1,abs18342
0,,,,,1,abs18343
0,,,,,0,abs18344
1,6,,0,,0,abs18345
1,2,,,1,1,abs18346
1,2,2,,,1,abs18347
1,3,2,0,,0,abs18348
1,,2,0,,1,abs18349
0,,,,,1,abs18350
1,5,,0,,0,abs18351
1,2,,,1,1,abs18352
0,,,,,1,abs18353
1,2,,12,1,1,abs18354
0,,,,1,1,abs18355
1,,,0,,1,abs18356
1,0,,0,,1,abs18357
1,3,,,,0,abs18358
1,,2,,,1,abs18359
1,3,2,0,,0,abs18360
0,,,,,1,abs18361
0,,,,,1,abs18362
1,1 2,,40,,1,abs18363
0,,,,,1,abs18364
1,,2,0,,1,abs18365
1,,,0,1,1,abs18366
0,,,,,1,abs18367
0,,,,,1,abs18368
1,,2,,,1,abs18369
1,,,,,1,abs18370
0,,,,,1,abs18371
1,2,,0,,1,abs18372
0,,,,,1,abs18373
0,,,,,1,abs18374
0,,,,,1,abs18375
1,5 6,,,1,1,abs18376
0,,,,,1,abs18377
0,,,,,1,abs18378
0,,,,,1,abs18379
0,,,,,1,abs18380
1,,2,0,,1,abs18381
0,,,,,1,abs18382
1,0,2,0,,1,abs18383
0,,,,,1,abs18384
1,,,0,,1,abs18385
0,,,,,1,abs18386
1,7,1,0,,0,abs18387
1,,2,0,,1,abs18388
1,3,,0,,1,abs18389
0,,,,,1,abs18390
1,2,2,0,,1,abs18391
1,2,,0,,1,abs18392
1,2,2,0,,1,abs18393
1,2,,,,1,abs18394
1,2,,12,,1,abs18395
1,,,,,1,abs18396
0,,,,,1,abs18397
1,0,2,0,,1,abs18398
1,0,2,0,,1,abs18399
0,,,,,1,abs18400
1,3 5,,0,,0,abs18401
1,1 2,,,,0,abs18402
0,,,,,1,abs18403
1,2,,,,1,abs18404
1,,,,,1,abs18405
1,4 5,,,,1,abs18406
1,5 6,,0,,0,abs18407
1,1 2,,7,,1,abs18408
0,,,,,1,abs18409
1,2,,40,,1,abs18410
1,,,0,,1,abs18411
1,3 6,,0,,1,abs18412
1,,,,,1,abs18413
1,,2,0,,1,abs18414
1,2,,,,1,abs18415
1,,,0,,1,abs18416
0,,,,,1,abs18417
1,,2,,,1,abs18418
1,3,2,,1,1,abs18419
1,0,,0,,1,abs18420
0,,,,,1,abs18421
1,3 7,,0,1,1,abs18422
0,,,,,1,abs18423
1,2,,,,1,abs18424
1,2,,12,,1,abs18425
0,,,,,1,abs18426
1,2,,,,1,abs18427
1,2,,,,1,abs18428
1,0,0,0,,1,abs18429
1,2,,12,,1,abs18430
1,5,,0,,0,abs18431
1,3,1,,1,1,abs18432
1,2,2,0,,1,abs18433
1,,,0,,1,abs18434
1,2,,,,1,abs18435
0,,,,,1,abs18436
0,,,,,1,abs18437
1,,,,,1,abs18438
0,,,,,1,abs18439
1,3,,0,,1,abs18440
1,5,,0,,0,abs18441
1,,,0,,1,abs18442
1,,2,0,,1,abs18443
1,2,,,,1,abs18444
0,,,,,1,abs18445
1,1 2,2,9,,1,abs18446
1,2,,0,,1,abs18447
1,2,,,,1,abs18448
1,2,,,,1,abs18449
1,1 2,,26,,1,abs18450
1,,,,,1,abs18451
1,2,,,,1,abs18452
1,,1,,,1,abs18453
1,,,,,1,abs18454
0,,,,,1,abs18455
1,2,,40,,1,abs18456
0,,,,,1,abs18457
0,,,,,1,abs18458
0,,,,,1,abs18459
0,,,,,1,abs18460
1,2,,,,1,abs18461
1,6,,0,,0,abs18462
1,,2,,,1,abs18463
1,0,2,0,,1,abs18464
1,,,0,,1,abs18465
0,,,,,1,abs18466
1,2,,0,,0,abs18467
1,2,,,1,1,abs18468
1,6,2,0,,0,abs18469
1,0,,0,,1,abs18470
1,3 6,,,1,1,abs18471
1,2,1,3,,1,abs18472
1,2,,,,1,abs18473
0,,,,,1,abs18474
0,,,,,1,abs18475
1,1 2,,,,1,abs18476
0,,,,,1,abs18477
1,1 2,,,1,0,abs18478
1,2,2,,,1,abs18479
1,2,,,,1,abs18480
0,,,,,1,abs18481
1,,2,,,1,abs18482
1,5,,0,,1,abs18483
1,2,2,,1,1,abs18484
0,,,12,1,1,abs18485
1,,,0,,1,abs18486
0,,,,,1,abs18487
1,,,,,1,abs18488
1,3,,,1,1,abs18489
0,,,,,1,abs18490
1,2,,,,1,abs18491
1,,2,0,,1,abs18492
1,2,,,,1,abs18493
1,,,0,,1,abs18494
1,2,,12,,1,abs18495
1,2,,,,1,abs18496
1,,2,0,,1,abs18497
0,,,,,1,abs18498
1,0,2,0,,1,abs18499
1,3,,0,,0,abs18500
1,2,,,,1,abs18501
0,,,,,1,abs18502
1,1 2,,,,1,abs18503
1,2,,,,1,abs18504
1,6,,0,,0,abs18505
0,,,,,1,abs18506
1,0,2,0,,1,abs18507
0,,,,,1,abs18508
1,,2,,,1,abs18509
1,2,2,12,,1,abs18510
1,,2,0,,1,abs18511
1,6,,0,,0,abs18512
0,,,,,1,abs18513
1,2,,12,,1,abs18514
1,,,0,,1,abs18515
1,2,2,,1,1,abs18516
1,6,2,0,,1,abs18517
1,3,2,0,,1,abs18518
1,,2,0,,1,abs18519
1,,,0,,1,abs18520
0,,,,,1,abs18521
0,,,,,0,abs18522
1,,,0,,1,abs18523
1,,2,,,1,abs18524
1,5,,0,,0,abs18525
1,6 7,,,,0,abs18526
1,,2,,,1,abs18527
1,2,,,,1,abs18528
1,,2,0,,1,abs18529
1,,,,,1,abs18530
1,2,,0,,1,abs18531
1,2,,,,1,abs18532
1,,2,0,,1,abs18533
0,,,,,1,abs18534
1,1 2,,40,,1,abs18535
1,0,2,0,,1,abs18536
1,2,2,12,,1,abs18537
1,,2,,,1,abs18538
1,,,,,1,abs18539
1,2 3 6,,,1,1,abs18540
1,,,,,1,abs18541
1,1 2,,,,1,abs18542
0,,,,,1,abs18543
1,1 2,2,12,,1,abs18544
1,2,,,,1,abs18545
1,,,0,,1,abs18546
0,,,,,0,abs18547
1,1 2,,40,,1,abs18548
1,2,,0,,1,abs18549
1,2,,,,0,abs18550
1,,,0,,1,abs18551
1,,,0,,1,abs18552
1,2,,,,1,abs18553
0,,,,,0,abs18554
0,,,,,1,abs18555
1,2,,,,1,abs18556
1,2,2,,,1,abs18557
1,,,,,1,abs18558
0,,,,,1,abs18559
1,2,,,,1,abs18560
1,2,,,,1,abs18561
1,2,,,,1,abs18562
1,6,2,0,,1,abs18563
1,2,,0,,1,abs18564
1,6,,0,,1,abs18565
0,,,,,1,abs18566
1,2,2,,,1,abs18567
0,,,,,1,abs18568
1,2,,,,1,abs18569
1,,,,,1,abs18570
1,2,,,,1,abs18571
1,4 5,,,,1,abs18572
1,2,,,1,1,abs18573
0,,,,,0,abs18574
1,,,,,1,abs18575
1,2,2,0,,1,abs18576
1,,2,0,,1,abs18577
1,3,,,1,1,abs18578
1,2,,12,,1,abs18579
1,2,,,,1,abs18580
1,1 2,2,26,,1,abs18581
0,,,,,1,abs18582
1,2,,,,1,abs18583
1,,,,,1,abs18584
1,2,,12,,1,abs18585
1,,2,,,1,abs18586
0,,,,,1,abs18587
0,,,26,,1,abs18588
1,2,,0,,1,abs18589
1,,,,,1,abs18590
1,,2,,,1,abs18591
1,2,2,12,,1,abs18592
0,,,,,1,abs18593
1,2,,,,1,abs18594
1,2,,,,1,abs18595
0,,,,,1,abs18596
1,1 2,,,,0,abs18597
1,,,,,1,abs18598
1,,,,,1,abs18599
0,,,,,1,abs18600
1,,2,,,1,abs18601
0,,,,,1,abs18602
1,6,,0,,1,abs18603
1,2,2,,,1,abs18604
1,,2,,,1,abs18605
1,2,,3,,1,abs18606
1,2,,,,1,abs18607
1,2,,12,,1,abs18608
1,,2,0,,1,abs18609
1,2,,,,1,abs18610
1,1 2,,,,0,abs18611
1,2,,,,1,abs18612
1,2,,,,1,abs18613
1,3 5,,0,,0,abs18614
1,,2,,,1,abs18615
1,6,,,,1,abs18616
1,,2,,,1,abs18617
1,,,,,1,abs18618
1,,2,0,,1,abs18619
1,3,,0,1,1,abs18620
0,,,,,1,abs18621
1,5 6,,0,,0,abs18622
1,1 2 5 6,2,7,,0,abs18623
1,4 5 6,,,,1,abs18624
1,1 2 3,1,,,0,abs18625
1,1 2,,,1,1,abs18626
1,1 2,,22,1,0,abs18627
1,6,,0,,1,abs18628
1,3,,0,1,1,abs18629
1,3,,0,,0,abs18630
1,2 3,1,,1,0,abs18631
1,5,,0,,0,abs18632
1,4 5,,,,1,abs18633
1,4 5 6 7,,0,1,1,abs18634
1,2 3 4 5 6,2,0,,0,abs18635
1,4 5 6,,0,,0,abs18636
1,6,2,0,,0,abs18637
1,4 5 6,2,0,,0,abs18638
1,1 2,,,1,0,abs18639
1,4 5,,0,,1,abs18640
1,5,1,0,1,0,abs18641
1,4 5 6,,0,,0,abs18642
1,4 5 6,,0,,1,abs18643
1,1 2,,26,1,1,abs18644
1,4 5,,0,,0,abs18645
1,4 6,2,0,,1,abs18646
1,3 5 6,,0,,1,abs18647
1,4 5,,0,,0,abs18648
1,3,,0,1,1,abs18649
1,5,,0,,0,abs18650
1,5 6,,0,,0,abs18651
1,4 5 6,1,0,,1,abs18652
1,3 7,,0,,1,abs18653
1,5 6,,0,,1,abs18654
1,3,1,0,1,0,abs18655
1,6,2,0,,0,abs18656
1,1 2,,26,,0,abs18657
1,1 2,,,1,0,abs18658
1,5,,0,,0,abs18659
1,3,,0,1,1,abs18660
1,3,,0,,0,abs18661
1,3,,0,,1,abs18662
1,3 5 6,1,0,,1,abs18663
1,7,,0,1,1,abs18664
1,3,,0,1,1,abs18665
1,3,,0,,0,abs18666
1,3,,0,1,1,abs18667
1,2,,,,0,abs18668
1,6,,0,,1,abs18669
1,1 2,,,1,0,abs18670
1,3 6,,0,1,1,abs18671
1,1 2 5 6,,,,0,abs18672
1,3,,0,,1,abs18673
1,5,1,0,,0,abs18674
1,4 5,,0,,0,abs18675
1,4 5,,0,1,1,abs18676
1,5 6,,0,,1,abs18677
1,3,,0,1,1,abs18678
1,5 6,2,0,,0,abs18679
1,3,,0,,0,abs18680
1,3,,0,1,1,abs18681
1,4 5,,0,,0,abs18682
1,1 2,,14 26,,0,abs18683
1,6,2,0,,1,abs18684
1,1 2,,,1,1,abs18685
1,1 2,,,1,1,abs18686
1,3,,0,1,1,abs18687
1,3,,0,1,1,abs18688
1,3,2,0,1,1,abs18689
1,3,,,1,0,abs18690
1,3 5,,0,,0,abs18691
1,2,,,,1,abs18692
1,6,,0,,0,abs18693
1,3,,0,1,1,abs18694
1,3,,,,0,abs18695
1,3,,0,1,1,abs18696
1,3,1,0,,0,abs18697
1,,,,,0,abs18698
1,6,,0,,0,abs18699
1,6,,0,,1,abs18700
1,3 7,2,0,,0,abs18701
1,3,,0,,1,abs18702
1,5,1,0,,0,abs18703
1,4 5,,0,1,0,abs18704
1,3,,0,,0,abs18705
1,2 3,,,,1,abs18706
1,3,,0,1,0,abs18707
1,3,,0,1,1,abs18708
1,3 6,,0,,0,abs18709
1,4 5 6,2,0,,1,abs18710
1,4 5 6 7,,0,,0,abs18711
1,5,,0,,0,abs18712
1,5,1,0,,0,abs18713
1,5,1,0,,0,abs18714
1,4 5 6,2,0,,0,abs18715
1,6,1,,,0,abs18716
1,3,,0,,0,abs18717
1,6,,0,,0,abs18718
1,5,1,0,1,1,abs18719
1,5 6,,,,0,abs18720
1,5 6,,0,,0,abs18721
1,5 6,,0,,0,abs18722
1,5 6,,0,,0,abs18723
1,4 5 6,,0,,0,abs18724
1,4 5 6,,0,,0,abs18725
1,4 5,,0,,0,abs18726
1,5 6,,0,,0,abs18727
1,4 5,,0,1,1,abs18728
1,5,,0,,0,abs18729
1,5 6,,0,,0,abs18730
1,6,1,0,,0,abs18731
1,4 5 6,,0,,1,abs18732
1,5,,,,1,abs18733
1,3 6,,0,,0,abs18734
1,3 5 6,,0,,0,abs18735
1,3,,0,,0,abs18736
1,3 7,,0,,0,abs18737
1,4 5 6,,0,,0,abs18738
1,4 5,,0,,0,abs18739
1,6,,,,0,abs18740
1,5 6,,0,1,0,abs18741
1,5,,,,1,abs18742
1,4 5 6,,0,,1,abs18743
1,,,,,0,abs18744
1,6,,0,1,1,abs18745
1,6,,,,0,abs18746
1,3 6,1,0,1,0,abs18747
1,5,,0,,0,abs18748
1,3 4 5 6,2,0,,0,abs18749
1,3 4 5 6,1,0,1,1,abs18750
1,3 5,,0,,0,abs18751
1,6 7,,0,,0,abs18752
1,4 5,1,0,,1,abs18753
1,6,,0,,1,abs18754
1,5 6,,,1,0,abs18755
1,3 6,1,0,,0,abs18756
1,1 2,,,1,0,abs18757
1,4 5 6,,0,,0,abs18758
1,,2,,,0,abs18759
1,4 5 6,,,,0,abs18760
1,6,,0,,0,abs18761
1,6,2,0,,1,abs18762
1,0,2,0,,0,abs18763
1,4 5 6,,26,1,0,abs18764
1,5,,0,,0,abs18765
1,5 6 7,1,0,,0,abs18766
1,3 6,,0,1,1,abs18767
1,3 6,,0,,0,abs18768
1,4 5,,0,,0,abs18769
1,4 5 6,,0,,1,abs18770
1,4 6,,0,,1,abs18771
1,3 5,,0,,0,abs18772
1,5 6,1,0,1,1,abs18773
1,3 5 6,,0,,0,abs18774
1,5,,0,,1,abs18775
1,6,2,0,,0,abs18776
1,3 7,,0,1,1,abs18777
1,4 5 6,,0,,0,abs18778
1,6,,0,,1,abs18779
1,3 6,,0,,1,abs18780
1,1 2,,7,,0,abs18781
1,5 6,,0,,1,abs18782
1,5 6,1,0,,0,abs18783
1,4 5,2,0,1,1,abs18784
1,6,,,,1,abs18785
1,6,2,0,,0,abs18786
1,3,,0,1,0,abs18787
1,3 6,,0,,1,abs18788
1,4 5 6,,0,,1,abs18789
1,3 7,2,0,,1,abs18790
1,3 6,,,,1,abs18791
1,6,,0,,0,abs18792
1,1 2,2,,,0,abs18793
1,6,,26,,0,abs18794
1,,,,,1,abs18795
1,6,2,0,,0,abs18796
1,6 7,,0,,0,abs18797
1,6,,0,1,1,abs18798
1,5 6,,0,,0,abs18799
1,4,,0,1,1,abs18800
1,5 6,,0,,0,abs18801
1,6,2,0,,0,abs18802
1,4 5 6 7,2,0,,0,abs18803
1,3,,,,1,abs18804
1,4 5,,,,0,abs18805
1,4 5,2,0,,0,abs18806
1,6,2,0,,0,abs18807
1,3 6,,0,,0,abs18808
1,4 5,2,0,,0,abs18809
1,4 5 6 7,2,0,,0,abs18810
1,6,,0,,0,abs18811
1,4 5,,0,,0,abs18812
1,4 5,,0,,0,abs18813
1,4 5,1,0,,0,abs18814
1,4 5,2,0,,0,abs18815
1,4 5,,0,1,1,abs18816
1,3 6,,0,,1,abs18817
1,6,2,0,,1,abs18818
1,4 5 6,,0,,0,abs18819
1,1 2,1,,,0,abs18820
1,3 4 5 6,,0,,0,abs18821
1,6,,,,0,abs18822
1,1 2,,,1,0,abs18823
1,6,,0,,0,abs18824
1,4 5 6,2,0,,0,abs18825
1,1 2,,26,,0,abs18826
1,2 4,,,,0,abs18827
1,5 6,,0,,0,abs18828
1,4 5 6,,0,,0,abs18829
1,6,,0,,1,abs18830
1,4 5 6,,0,,0,abs18831
1,4 5,,0,,0,abs18832
1,3,,0,,0,abs18833
1,6,1,0,,1,abs18834
1,1 2 3 4 5 6,1,,1,0,abs18835
1,3 7,,0,,0,abs18836
1,3,,0,1,0,abs18837
1,3,,0,,0,abs18838
1,5 6,2,0,,0,abs18839
1,5,,0,1,1,abs18840
1,6,,0,,1,abs18841
1,7,2,,,1,abs18842
1,6,,0,,1,abs18843
1,6,,0,,0,abs18844
1,6,2,0,,1,abs18845
1,,,0,,1,abs18846
1,3,,0,1,1,abs18847
1,6,,0,,1,abs18848
1,6,,0,,0,abs18849
1,6,,,,1,abs18850
1,3,,0,1,1,abs18851
1,2,,12,1,1,abs18852
1,3,,0,,0,abs18853
1,6,,,,1,abs18854
1,5 6,,,,0,abs18855
1,4 5 6,,0,1,1,abs18856
1,3,1,,1,1,abs18857
1,1 2,,24,,0,abs18858
1,1 2,,,,0,abs18859
1,2 3 5 6,,,,0,abs18860
1,5,1,0,,0,abs18861
1,6,2,0,,0,abs18862
1,1 2 3,,,1,0,abs18863
1,3,,0,,0,abs18864
1,3,,0,,1,abs18865
1,7,2,0,,0,abs18866
1,3 6,1,0,,0,abs18867
1,6 7,,0,,0,abs18868
1,6,,0,,0,abs18869
1,3,,0,,0,abs18870
1,6 7,,0,,1,abs18871
1,3,,0,1,1,abs18872
1,,,0,,1,abs18873
1,7,,0,,0,abs18874
1,6,,0,,1,abs18875
1,6,2,0,,1,abs18876
1,3,2,0,,1,abs18877
1,3,1,,1,1,abs18878
1,3,1,0,1,1,abs18879
1,5,,,,1,abs18880
1,6,2,0,,0,abs18881
1,3,2,0,1,1,abs18882
1,3,,0,,1,abs18883
1,1 2,,,,0,abs18884
1,6 7,,0,,0,abs18885
1,3 5,,0,1,0,abs18886
1,7,,0,,0,abs18887
1,6,,0,,1,abs18888
1,6,,0,,1,abs18889
1,1 2,,26,1,1,abs18890
1,6,,0,,0,abs18891
1,4 5 6,,0,1,1,abs18892
1,4 5 6,1,0,,0,abs18893
1,,,,,1,abs18894
1,6,,0,,0,abs18895
1,6,1,0,1,1,abs18896
1,3,,0,,1,abs18897
1,6,,0,,1,abs18898
1,6,,0,,0,abs18899
1,6,,0,,1,abs18900
1,2,1,,1,1,abs18901
1,3,2,0,1,1,abs18902
1,6,,,,1,abs18903
1,1 2,,,,0,abs18904
1,3,,0,,1,abs18905
1,6,2,0,,0,abs18906
1,3,,0,1,1,abs18907
1,3,,0,1,1,abs18908
1,6,,0,,1,abs18909
1,5,1,0,,0,abs18910
1,1 2,,22,,0,abs18911
1,1 2,,,1,0,abs18912
1,2,,,,1,abs18913
1,3,,0,1,1,abs18914
1,6,2,0,,1,abs18915
1,2 3,,,,1,abs18916
1,,,0,,0,abs18917
1,,,,,1,abs18918
1,6,,0,1,1,abs18919
1,3,,0,1,1,abs18920
1,6,,0,,1,abs18921
1,1 2,,,1,1,abs18922
1,,,,,1,abs18923
1,6,,0,1,0,abs18924
1,3,2,0,1,1,abs18925
1,5 6,,0,,0,abs18926
1,3 4 5 6,,0,,1,abs18927
1,5,,0,,0,abs18928
1,3 6,,0,1,1,abs18929
1,7,2,0,,0,abs18930
1,5,,0,,1,abs18931
1,6,2,0,,1,abs18932
1,3,,0,,0,abs18933
1,6,,0,,0,abs18934
1,3,,0,1,0,abs18935
1,3,2,0,,0,abs18936
1,6,,,,1,abs18937
1,1 2,,9,,0,abs18938
1,4 5 6,2,0,,0,abs18939
1,5,1,0,,0,abs18940
1,5 6,,0,,1,abs18941
1,6,2,0,,1,abs18942
1,,,,,1,abs18943
1,2,,,1,1,abs18944
1,5 6,,0,,0,abs18945
1,1 2,1,,1,1,abs18946
1,3,,0,,1,abs18947
1,2,,,,0,abs18948
1,3,,0,,1,abs18949
1,6,2,0,,0,abs18950
1,5,,0,,0,abs18951
1,6,,0,,1,abs18952
1,3,,0,1,0,abs18953
1,5 6,,7,,0,abs18954
1,3,,0,,0,abs18955
1,5,,0,,0,abs18956
1,2,,0,,1,abs18957
1,6,2,0,,0,abs18958
1,3,,0,1,1,abs18959
1,2 3 6,,0,,1,abs18960
1,4 5 6,2,28,,0,abs18961
1,3,1,0,,0,abs18962
1,3 5,,0,1,0,abs18963
1,3,,0,,1,abs18964
1,6 7,2,0,,0,abs18965
1,7,,0,1,0,abs18966
1,2,,0,,1,abs18967
1,5,,0,,1,abs18968
1,6,1,0,,1,abs18969
1,6,,0,,1,abs18970
1,3,,0,,0,abs18971
1,3,,0,,0,abs18972
1,7,2,0,,1,abs18973
1,2,,,,1,abs18974
1,,,0,,0,abs18975
1,6,2,0,,0,abs18976
1,3,,0,,0,abs18977
1,3,,,1,1,abs18978
1,2 3 6,2,,,0,abs18979
1,3,,0,1,1,abs18980
1,3,,0,,0,abs18981
1,1 2,2,,1,0,abs18982
1,6,,0,,1,abs18983
1,3,,0,1,1,abs18984
1,3,,0,1,1,abs18985
1,5 6,,0,,0,abs18986
1,,,0,,1,abs18987
1,4 5 6,2,0,,0,abs18988
1,2,2,,,1,abs18989
1,5,,,,1,abs18990
1,1 2,,,,0,abs18991
1,3,,0,1,1,abs18992
1,,,0,,1,abs18993
1,,,0,,0,abs18994
1,6,,0,,0,abs18995
1,3,1,0,1,1,abs18996
1,3,,0,,1,abs18997
1,6,,0,,0,abs18998
1,5 6,1,,,0,abs18999
1,5 6,1,0,,0,abs19000
1,3,,0,,1,abs19001
1,,2,,,1,abs19002
1,,2,0,,1,abs19003
1,,,0,,1,abs19004
1,5 6,2,0,,0,abs19005
1,6,,0,,1,abs19006
1,6,,,,1,abs19007
1,0,,0,,1,abs19008
1,5 6,,0,,0,abs19009
1,6,2,0,,1,abs19010
1,3 6,,0,,0,abs19011
1,,2,0,,0,abs19012
1,3,,0,1,1,abs19013
1,5,,0,,0,abs19014
1,3,,0,,0,abs19015
1,3,,0,1,1,abs19016
1,3,2,0,,0,abs19017
1,6,,0,,1,abs19018
1,6,,0,,1,abs19019
1,3 7,2,0,,0,abs19020
1,6,,0,,1,abs19021
1,6,2,0,,0,abs19022
0,,,,,1,abs19023
1,4 5,1,0,,0,abs19024
1,3,2,0,,1,abs19025
0,,,,,1,abs19026
1,3,,0,,0,abs19027
1,7,,0,,1,abs19028
1,7,,0,,1,abs19029
1,1 2,,,1,0,abs19030
1,3,,0,,1,abs19031
1,3,,0,,1,abs19032
1,3,2,0,,1,abs19033
1,6,2,0,1,1,abs19034
1,6,,0,,0,abs19035
1,,,0,,0,abs19036
1,6,,0,,0,abs19037
1,1 2,,,1,0,abs19038
1,3,,0,,1,abs19039
1,3,,0,1,1,abs19040
1,3,,0,,0,abs19041
1,6,,0,1,1,abs19042
1,3,,0,,0,abs19043
1,5,,0,,0,abs19044
1,6,2,0,1,1,abs19045
1,3,,0,1,1,abs19046
1,3,,0,,0,abs19047
1,1 2,,14 22,,0,abs19048
1,,2,0,,1,abs19049
1,3,,0,,1,abs19050
1,5,1,0,1,1,abs19051
1,6,,0,1,1,abs19052
1,6,,0,,1,abs19053
1,3,,0,1,1,abs19054
1,6,,0,,0,abs19055
1,6,,0,,1,abs19056
1,3,,0,,1,abs19057
1,1 2,,,,0,abs19058
1,3 6,,0,,1,abs19059
1,6,,0,,0,abs19060
1,3,,0,,0,abs19061
1,5,,0,,0,abs19062
1,1 2,2,40,1,1,abs19063
1,3,,0,1,1,abs19064
1,6,,0,,1,abs19065
1,6,,0,,1,abs19066
1,3,,,,1,abs19067
1,3 7,1,0,1,1,abs19068
1,3,,0,,1,abs19069
1,6,,0,,0,abs19070
1,,2,0,,1,abs19071
1,5,1,0,1,1,abs19072
1,3 5 6,,0,1,1,abs19073
1,1 2,1,22,1,1,abs19074
1,1 2,,22,1,0,abs19075
1,6,1,0,,0,abs19076
1,2 3,1,,1,1,abs19077
1,3,1,,1,1,abs19078
1,6 7,,0,,1,abs19079
1,6,,0,,1,abs19080
1,3 5 6,1,0,,0,abs19081
1,6,,0,,1,abs19082
1,1 2,,22,,1,abs19083
1,3 5 6,,0,,0,abs19084
1,6 7,,0,,1,abs19085
1,6,,0,,0,abs19086
1,1 3,,,1,0,abs19087
1,3,2,0,,0,abs19088
1,3,2,0,,0,abs19089
1,5,,0,,1,abs19090
1,3 7,,0,,1,abs19091
1,2,,,,1,abs19092
1,,,0,,0,abs19093
1,5 6,1,15,,0,abs19094
1,1 2,,,,0,abs19095
1,3,,0,,1,abs19096
1,3,,0,1,1,abs19097
1,6,,0,,0,abs19098
1,5 6,,0,,0,abs19099
1,5 6,,0,,0,abs19100
1,4 5,,0,,0,abs19101
1,3 7,2,0,,0,abs19102
1,,,,,1,abs19103
1,5,2,0,,1,abs19104
1,,2,,,1,abs19105
1,3 7,,0,,1,abs19106
1,3,1,0,,0,abs19107
1,7,,0,,1,abs19108
1,3,,,1,1,abs19109
1,6 7,,0,,0,abs19110
0,,,,,1,abs19111
1,1 2,,7,,0,abs19112
1,3,,0,,0,abs19113
1,3 7,,,,1,abs19114
1,1 2,,,1,1,abs19115
1,6,,0,,0,abs19116
1,6,2,0,,0,abs19117
1,,2,,,1,abs19118
1,3,,0,,1,abs19119
1,3,1,0,,0,abs19120
1,6,2,0,,0,abs19121
1,,,0,,1,abs19122
1,6,,0,,1,abs19123
1,3,,0,1,0,abs19124
1,3 7,,0,,1,abs19125
1,5,,0,1,0,abs19126
1,3,,0,,0,abs19127
1,3,,0,1,1,abs19128
1,3 7,,0,,1,abs19129
1,6,2,0,,0,abs19130
1,3 6,2,0,,0,abs19131
1,1 2,,22 24,,0,abs19132
1,5 6 7,1,0,,0,abs19133
1,6,,0,,1,abs19134
1,0,,0,,1,abs19135
1,7,,0,,1,abs19136
1,,2,0,,1,abs19137
1,,2,0,,1,abs19138
1,3,,0,,0,abs19139
1,,,,,1,abs19140
1,3 6,,0,1,0,abs19141
1,6,,0,,0,abs19142
1,2,,7,,1,abs19143
1,6,,,,0,abs19144
1,6 7,,0,,1,abs19145
1,,,0,1,1,abs19146
1,6 7,,0,,1,abs19147
1,3 5,,,,1,abs19148
1,6,,0,,0,abs19149
1,,,0,,1,abs19150
1,3,,0,1,1,abs19151
1,3,,0,,1,abs19152
1,3 7,,0,,1,abs19153
1,6,,0,,0,abs19154
1,2 3 6,1,16,,0,abs19155
1,3 5 6,2,0,,0,abs19156
1,1 2 3 5 6,1,26,,0,abs19157
1,6,2,0,,0,abs19158
1,3,,0,,0,abs19159
1,4 5,,0,,0,abs19160
1,3,,0,1,1,abs19161
1,6,,,,1,abs19162
1,3,,0,1,1,abs19163
1,3,,0,,1,abs19164
1,3,,0,1,1,abs19165
1,3,1,,,0,abs19166
1,6,,0,,0,abs19167
1,3,,,,0,abs19168
1,2,,24,,1,abs19169
1,6,,0,,0,abs19170
1,2,,,,0,abs19171
1,6,,0,,1,abs19172
1,6,,0,,1,abs19173
1,3,2,0,1,1,abs19174
1,0,,0,,1,abs19175
1,2 3 5 6,,,,1,abs19176
1,1 2,,,,0,abs19177
1,3 5,,0,1,0,abs19178
1,3,2,0,1,1,abs19179
1,6,1,0,,1,abs19180
1,3,,0,,1,abs19181
1,,,0,,1,abs19182
1,3,,0,,0,abs19183
1,6,,0,,1,abs19184
1,5,1,0,,0,abs19185
1,3 6,,0,1,1,abs19186
1,3,,0,1,1,abs19187
1,3,,0,,0,abs19188
1,,2,0,,0,abs19189
1,2 3,2,,1,1,abs19190
1,3,,0,,0,abs19191
1,3,,0,,1,abs19192
0,,,,,1,abs19193
1,6,,0,,1,abs19194
1,3 7,,0,,1,abs19195
1,7,,0,,1,abs19196
1,3,,0,1,1,abs19197
1,3,,0,,1,abs19198
1,3 6,,0,1,1,abs19199
1,5,,0,,0,abs19200
1,3,,0,,1,abs19201
1,1 2,,,1,1,abs19202
1,,,0,,0,abs19203
1,,,,,1,abs19204
1,3,,0,1,1,abs19205
1,3,,0,,1,abs19206
1,5,1,0,1,0,abs19207
1,6,,0,,1,abs19208
1,,2,0,,1,abs19209
1,3,,0,,0,abs19210
1,3,,0,1,1,abs19211
1,2,,,1,1,abs19212
1,3 6,1,0,1,0,abs19213
1,6,,0,,1,abs19214
1,6,,0,,1,abs19215
1,3 7,,0,,1,abs19216
1,7,,0,,0,abs19217
1,3 7,,0,,0,abs19218
1,7,,0,,0,abs19219
1,6,,0,,1,abs19220
1,3 7,,0,,0,abs19221
1,,,0,,1,abs19222
1,3,,0,1,1,abs19223
1,3,,0,1,1,abs19224
1,3 7,,0,,0,abs19225
1,,2,0,,0,abs19226
1,,,0,1,0,abs19227
1,3,,0,,1,abs19228
1,3,,0,,0,abs19229
1,5,,0,,1,abs19230
1,7,,0,,0,abs19231
1,2 3,1,16,1,1,abs19232
1,3,,0,,0,abs19233
1,5 6,,0,,0,abs19234
1,3 7,2,0,,0,abs19235
1,2,,,,1,abs19236
1,3,,0,,1,abs19237
1,3,,0,,0,abs19238
1,2 3,,15 16,,0,abs19239
1,3 7,2,0,,0,abs19240
1,6,,,,0,abs19241
1,5,,0,,0,abs19242
1,3,,0,,1,abs19243
1,,2,0,,1,abs19244
1,3,,0,,1,abs19245
1,3,,0,,1,abs19246
1,3,,0,,1,abs19247
1,6,,0,,1,abs19248
1,3,,0,,0,abs19249
1,3 6,,0,,1,abs19250
1,5,,0,,0,abs19251
1,5 6,1,0,1,0,abs19252
1,3,2,0,,0,abs19253
1,4 5,,0,1,1,abs19254
1,5 6,1,0,,0,abs19255
1,3,,0,,0,abs19256
1,3,,0,1,1,abs19257
1,2,,,,1,abs19258
1,3,,0,1,0,abs19259
1,3,,0,1,0,abs19260
1,3,,0,1,1,abs19261
1,3,,0,,0,abs19262
1,5,,0,,1,abs19263
1,3,,0,,0,abs19264
1,3,,0,,0,abs19265
1,3,,0,,1,abs19266
1,3,2,0,1,0,abs19267
1,6,,0,,1,abs19268
1,6,,0,,0,abs19269
1,7,,0,,1,abs19270
1,3,2,0,,1,abs19271
1,3,2,0,,1,abs19272
1,6,,0,,1,abs19273
1,1 2,2,7,,0,abs19274
1,7,1,0,,1,abs19275
1,1 2 3,,7,,0,abs19276
1,3,,0,1,1,abs19277
1,3,,0,1,1,abs19278
1,6,,0,,1,abs19279
1,5 6,,,,0,abs19280
1,7,,0,,1,abs19281
1,2 4 5 6,1,,1,0,abs19282
1,6 7,2,0,,0,abs19283
1,3 6,,0,,0,abs19284
1,6,,0,,1,abs19285
0,,,,,1,abs19286
1,6,,0,,1,abs19287
1,1 2,2,14 26,,0,abs19288
1,3,,,,1,abs19289
1,4 5 6,,0,,0,abs19290
1,4 5 6,,0,,1,abs19291
1,6,,0,,0,abs19292
1,5 6,1,0,,0,abs19293
1,3 5,,0,,0,abs19294
1,4 5 6,,0,,1,abs19295
1,4 5,,0,,0,abs19296
1,4 5 6,,0,,1,abs19297
1,5,2,,,0,abs19298
1,5 6,2,0,,0,abs19299
1,4 5 6,2,0,,0,abs19300
1,4 5 6,,0,,1,abs19301
1,5,1,0,,0,abs19302
1,6,,0,,0,abs19303
1,5,,0,1,0,abs19304
1,3,,0,1,1,abs19305
1,4 5 6,,,,1,abs19306
1,6,,0,,1,abs19307
1,4 5 6,2,0,,0,abs19308
1,5 6,,0,,0,abs19309
1,5,2,0,,1,abs19310
1,4 5 6,1,0,,0,abs19311
1,4 5 6,,0,,0,abs19312
1,4 5 6,1,0,,1,abs19313
1,4 5 6,,,,0,abs19314
1,4 5 6,,0,,0,abs19315
1,3 5 6,,0,,0,abs19316
1,5 6,,0,,0,abs19317
1,4 5,,0,,1,abs19318
1,5,1,0,,0,abs19319
1,4 5,2,0,,1,abs19320
1,4 5,1,0,,1,abs19321
1,4 5 6,2,0,,0,abs19322
1,5 6,,0,,0,abs19323
1,4 5 6,,0,,0,abs19324
1,3,2,,,0,abs19325
1,6,2,0,,0,abs19326
1,4 5,,0,,1,abs19327
1,5 6,1,0,,0,abs19328
1,4 5 6,,0,,0,abs19329
1,4 5 6,1,0,1,1,abs19330
1,4 5 6 7,,0,1,1,abs19331
1,4 5,,0,,0,abs19332
1,4 6,,0,,0,abs19333
1,6,,0,,1,abs19334
1,3,,0,1,0,abs19335
1,4 5 6,,0,,0,abs19336
1,4 5 6 7,2,0,,0,abs19337
1,5,,0,,0,abs19338
1,5,,0,,0,abs19339
1,5,,0,,1,abs19340
1,3,,0,1,0,abs19341
1,6,,0,,0,abs19342
1,6,,0,1,1,abs19343
1,6,2,0,,0,abs19344
1,3,2,0,,0,abs19345
1,4,,,,0,abs19346
1,4 5 6,,0,,0,abs19347
1,4 5,,0,,1,abs19348
1,6,,0,,0,abs19349
1,5,1,,,0,abs19350
1,6,2,0,,0,abs19351
1,6,,0,,1,abs19352
1,4 5 6,2,0,,0,abs19353
1,4 5 6,,,,0,abs19354
1,4 5,,0,1,1,abs19355
1,5,2,0,,1,abs19356
1,3 5 6,1,,1,0,abs19357
1,4 5,1,0,,0,abs19358
1,3,,0,,0,abs19359
1,6,,0,,0,abs19360
1,,2,0,,1,abs19361
1,5 6,,0,,0,abs19362
1,4 5,,0,,0,abs19363
1,6,,0,,0,abs19364
1,4 5 6,,0,,1,abs19365
1,5,,0,,0,abs19366
1,5,1,0,1,0,abs19367
1,5,,0,,1,abs19368
1,5,,0,,0,abs19369
1,3,,0,1,1,abs19370
1,4 5,,,,0,abs19371
1,4 5,,0,1,1,abs19372
1,6,2,0,,0,abs19373
1,6,2,0,,0,abs19374
1,1 2 3 4 5 6,,0,,0,abs19375
1,1 2 4,,7,1,1,abs19376
1,6,1,0,,0,abs19377
1,3,,,1,1,abs19378
1,6,2,0,,1,abs19379
1,6,,0,,0,abs19380
1,5,,0,,0,abs19381
1,5,2,0,,0,abs19382
1,5 6,,,,1,abs19383
1,4 5 6 7,2,0,,1,abs19384
1,5,,0,,0,abs19385
1,6 7,2,0,,0,abs19386
1,4 5 6,2,0,,1,abs19387
1,5 6,1,0,,0,abs19388
1,3 6,,0,1,1,abs19389
1,3,1,0,1,1,abs19390
1,6,2,0,,1,abs19391
1,5,1,,,0,abs19392
1,3 5,,0,,1,abs19393
1,5,,0,,0,abs19394
1,5,,0,,0,abs19395
1,6,1,0,,1,abs19396
1,2 3 6,,,1,1,abs19397
1,3,,,,0,abs19398
1,4 5,,0,1,0,abs19399
1,4 5,,0,,1,abs19400
1,5,2,0,,1,abs19401
1,3 6,,0,,0,abs19402
1,,1,0,,1,abs19403
1,4 5,,0,1,1,abs19404
1,4 5 6,2,0,,0,abs19405
1,6,2,0,,0,abs19406
1,4 5 6 7,2,0,,0,abs19407
1,4 5,,0,,1,abs19408
1,4 5 6,,0,,1,abs19409
1,3 4 5 6,,0,,0,abs19410
1,,2,0,,1,abs19411
1,4 5,,0,1,1,abs19412
1,4 5,,,1,1,abs19413
1,5 6,2,0,,0,abs19414
1,4 6,2,0,,1,abs19415
1,,2,0,,0,abs19416
1,6,,0,,0,abs19417
1,5 6,1,0,,1,abs19418
1,5,,0,,1,abs19419
1,4 5 6,2,0,,0,abs19420
1,,,0,,0,abs19421
1,7,,0,,1,abs19422
1,4 5 6,,,,0,abs19423
1,4 5,1,0,,0,abs19424
1,5,2,0,,1,abs19425
1,4 5,1,0,,1,abs19426
1,4 5,,0,,0,abs19427
1,4 5 6,,0,,0,abs19428
1,6,2,0,,0,abs19429
1,6,2,0,,0,abs19430
1,5,,0,,0,abs19431
1,6,,0,,1,abs19432
1,4 5 6,,0,,0,abs19433
1,3,,0,1,1,abs19434
1,6 7,,0,,1,abs19435
1,5,,0,,0,abs19436
1,3 6,,0,,0,abs19437
1,4,,0,,1,abs19438
1,3,,0,1,1,abs19439
1,4 5,,0,1,1,abs19440
1,4 5,2,,,1,abs19441
1,4 5 6,,0,,1,abs19442
1,4 5,,,,1,abs19443
1,6,2,0,,0,abs19444
1,4 5,,,,1,abs19445
1,5 6,1,0,1,0,abs19446
1,4 5,,0,,1,abs19447
1,4 5 6,2,0,,0,abs19448
1,5 6,,0,1,0,abs19449
1,6,,0,,0,abs19450
1,3,,0,,0,abs19451
1,6,,0,,0,abs19452
1,4 6,2,,,0,abs19453
1,3,1,0,,0,abs19454
1,6,,0,,1,abs19455
1,4 5,,0,,0,abs19456
1,4 5 6 7,,0,,1,abs19457
1,3,2,0,1,1,abs19458
1,5,2,0,,1,abs19459
1,1 3 5 6,,7,1,1,abs19460
1,5,,0,,0,abs19461
1,4 5,,0,,1,abs19462
1,5 6,2,,,1,abs19463
1,1 4 5,,0,,0,abs19464
1,4 5 6 7,,0,,0,abs19465
1,3 6,,0,,0,abs19466
1,1 2,,,1,0,abs19467
1,5 6,,0,1,0,abs19468
1,3 6,,0,,0,abs19469
1,4 5,2,0,,0,abs19470
1,6,,0,,1,abs19471
1,6,,0,,0,abs19472
1,4 5 6,,0,,0,abs19473
1,5 6,,0,,0,abs19474
1,1 2,,22,,0,abs19475
1,4 5 6,,,,0,abs19476
1,5 6,,0,,0,abs19477
1,6,,0,,0,abs19478
1,2,,22,,0,abs19479
1,5 6,,0,,0,abs19480
1,4 5 6,,0,,1,abs19481
1,7,,0,,0,abs19482
1,3 5,,0,1,0,abs19483
1,,,,,1,abs19484
1,4 5,,0,,0,abs19485
1,4 5,,,,1,abs19486
1,3,,0,1,0,abs19487
1,4 5 6,1,0,,0,abs19488
1,4 5 6,1,0,,1,abs19489
1,6,1,0,1,1,abs19490
1,4 5 6 7,,0,,0,abs19491
1,6,,0,,1,abs19492
1,5,,0,,0,abs19493
1,4 6,2,0,,0,abs19494
1,4 6,2,0,,0,abs19495
1,0,,0,,0,abs19496
1,1 2 6,,9,,0,abs19497
1,6,2,0,,1,abs19498
1,1 2 3 5,1,,,0,abs19499
1,1 2,,,,1,abs19500
1,5,1,0,,0,abs19501
1,5,,,,1,abs19502
1,4 5 6,,0,,0,abs19503
1,6,,0,,0,abs19504
1,5 6,,0,,1,abs19505
1,2,,,,0,abs19506
1,7,,0,,0,abs19507
1,5,,0,,0,abs19508
1,6,2,0,,0,abs19509
1,4 5,,0,,0,abs19510
1,1 2,,,,1,abs19511
1,6,,0,,1,abs19512
1,6,,0,,0,abs19513
1,4 5 6,2,0,,0,abs19514
1,,,0,,0,abs19515
1,3 7,,,,1,abs19516
1,4,,,,1,abs19517
1,5,,0,,0,abs19518
1,,2,,,1,abs19519
1,2 3 6,,,,0,abs19520
1,1 2,,,1,0,abs19521
1,4 5,,0,,0,abs19522
1,5,1,0,,0,abs19523
1,6,2,0,,0,abs19524
1,6,2,0,,0,abs19525
1,3,,0,,1,abs19526
1,,,,,1,abs19527
1,4 5,,0,,0,abs19528
1,3 6,,0,,0,abs19529
1,4 5 6,,0,,1,abs19530
1,7,,0,,1,abs19531
1,1 2,,,1,0,abs19532
1,6,,0,,0,abs19533
1,3,,,,0,abs19534
1,6,,,,1,abs19535
1,6,,,,0,abs19536
1,5,,0,,0,abs19537
1,4 5 6,,0,,1,abs19538
1,4 5 6,2,0,,1,abs19539
1,4 7,,0,,1,abs19540
1,,,,,1,abs19541
1,4 5 6,,0,,1,abs19542
1,1 2,,,1,0,abs19543
1,4 5 6 7,,0,,0,abs19544
1,5 6,,,,0,abs19545
1,3 6,,,,1,abs19546
1,6,2,0,,0,abs19547
1,3 7,,0,1,1,abs19548
1,6,2,0,,0,abs19549
1,6,1,0,1,1,abs19550
1,4 5 6,2,0,,0,abs19551
1,4 5,,,,1,abs19552
1,3,,0,,0,abs19553
1,4 5 6,2,0,,0,abs19554
1,5,1,0,,0,abs19555
1,4 5,,0,,1,abs19556
1,,2,0,,0,abs19557
1,3,2,0,,0,abs19558
1,7,,0,,0,abs19559
1,6,,,,1,abs19560
1,1 2,,,,1,abs19561
1,6,,0,,0,abs19562
1,3,2,0,1,1,abs19563
1,1 2,2,,1,1,abs19564
1,3,,0,,0,abs19565
1,2,2,,,0,abs19566
1,3,1,0,1,0,abs19567
1,6,1,0,,0,abs19568
1,3,,0,,1,abs19569
1,1 2,2,26,1,1,abs19570
1,,,0,,1,abs19571
1,,2,,,1,abs19572
1,6 7,2,0,,0,abs19573
1,2,2,12,,1,abs19574
1,,,,,1,abs19575
1,6,,0,1,1,abs19576
1,2,,,1,0,abs19577
1,,2,,,0,abs19578
1,3,,0,1,1,abs19579
1,3,,0,1,1,abs19580
0,,,,,1,abs19581
1,3,,0,,1,abs19582
1,6,2,0,,1,abs19583
1,6,2,0,,0,abs19584
0,,,,,1,abs19585
1,3,,0,1,1,abs19586
1,3 7,,,1,1,abs19587
1,6,2,0,,0,abs19588
1,6,,,,1,abs19589
1,7,,0,,0,abs19590
1,6,,0,,1,abs19591
1,2,2,,,1,abs19592
1,1 2,,22,,0,abs19593
1,3,2,,,1,abs19594
1,3,,0,1,1,abs19595
1,6,,0,,1,abs19596
1,3,,0,,0,abs19597
1,6,,,,1,abs19598
1,6,,0,,1,abs19599
1,4 5,,0,,0,abs19600
1,6,2,0,,1,abs19601
1,,,,,1,abs19602
1,6,,0,,0,abs19603
1,6,,0,,1,abs19604
1,3 5 6,,0,1,0,abs19605
1,5,,0,,0,abs19606
1,3,,,1,1,abs19607
1,5,,,,1,abs19608
1,,2,,,1,abs19609
1,4 5 6,,0,,0,abs19610
1,1 2,,26,,0,abs19611
1,2 3 6,1,,,0,abs19612
1,6,2,0,,0,abs19613
1,6,2,0,,0,abs19614
1,2,2,,,1,abs19615
1,4 5,,0,1,0,abs19616
1,6,,0,,1,abs19617
1,5,,0,,1,abs19618
1,4 5 6,,15,,0,abs19619
1,,,0,,0,abs19620
1,7,,0,1,1,abs19621
1,3,,,,1,abs19622
1,1 2,,9,,1,abs19623
1,,,0,,1,abs19624
1,6,,0,,1,abs19625
1,5 6,,,,0,abs19626
1,0,,,,1,abs19627
1,6,,,,0,abs19628
1,5,,0,,1,abs19629
1,5 6,,0,,0,abs19630
1,3,,,,1,abs19631
1,5,,,,1,abs19632
1,6,,0,,1,abs19633
1,3,,0,1,1,abs19634
1,,2,0,,1,abs19635
1,,,0,,1,abs19636
1,6,2,0,,0,abs19637
1,6,,0,,1,abs19638
1,,,0,,1,abs19639
1,3,,0,,1,abs19640
1,7,,0,,0,abs19641
1,3,2,0,1,1,abs19642
1,3,2,0,,1,abs19643
1,6,,,,0,abs19644
1,6,,0,,0,abs19645
1,3,,,1,1,abs19646
1,,,,,1,abs19647
1,4,2,0,,1,abs19648
1,3 5 6,,7,,0,abs19649
1,3 7,,0,,1,abs19650
1,3,,0,1,1,abs19651
1,6,,0,,1,abs19652
1,6,,,,0,abs19653
1,3,,0,,0,abs19654
1,5 6,,0,,0,abs19655
1,,,,,1,abs19656
1,6,2,0,,0,abs19657
1,3 6,1,,,0,abs19658
1,3 7,,0,1,1,abs19659
1,3,1,0,,0,abs19660
1,3,,,1,1,abs19661
1,6,,0,,0,abs19662
0,,,,,1,abs19663
1,1 2 3 4 5 6,,,1,0,abs19664
1,5 6,,0,1,1,abs19665
1,3 6,,,,0,abs19666
1,3,,,,1,abs19667
1,5 6,2,0,,0,abs19668
1,3 6,,0,,0,abs19669
1,5,,0,,0,abs19670
1,2,,12,1,1,abs19671
1,,,0,,1,abs19672
1,6,,,,1,abs19673
1,5 6,,0,,0,abs19674
1,3 7,,0,,0,abs19675
1,5 6,,0,1,1,abs19676
1,6,,,,1,abs19677
1,5,2,,,0,abs19678
1,3,,0,1,1,abs19679
1,3,1,,,1,abs19680
1,,2,0,,1,abs19681
1,3,2,0,,1,abs19682
1,1 3,,40,1,1,abs19683
1,3,,,,0,abs19684
1,6,2,0,1,1,abs19685
1,3,,0,1,1,abs19686
1,6,,0,,0,abs19687
1,,2,0,,1,abs19688
1,4 5,,0,1,1,abs19689
1,6,,,1,1,abs19690
1,6,,0,,0,abs19691
1,6,,0,1,1,abs19692
1,6,2,0,,1,abs19693
1,4 5,,0,,0,abs19694
1,3,,0,,0,abs19695
1,6,2,0,,0,abs19696
1,5 6,,0,,0,abs19697
1,6,2,0,,0,abs19698
1,4 5 6,,0,,0,abs19699
1,6,2,0,,0,abs19700
0,,,,,0,abs19701
1,3,,0,,0,abs19702
1,6,1,0,,0,abs19703
1,2,,,1,1,abs19704
1,6,1,0,,0,abs19705
1,3,,0,,1,abs19706
1,5 6,,0,,0,abs19707
1,,2,,,1,abs19708
1,6,,0,,1,abs19709
1,,,,,1,abs19710
1,3 5 6,,,,1,abs19711
1,2,2,0,,1,abs19712
1,3,,,,0,abs19713
1,,,0,,1,abs19714
1,,,,,1,abs19715
1,3,,0,1,1,abs19716
1,1 2 6,,7,,0,abs19717
1,7,2,0,,1,abs19718
1,6,,,,1,abs19719
1,2,,,,1,abs19720
1,3,,0,1,1,abs19721
1,4 5 6 7,,0,,0,abs19722
1,3,,0,,1,abs19723
1,3,2,0,,1,abs19724
1,6,,,,0,abs19725
1,2,,,,1,abs19726
1,3,,0,,0,abs19727
1,3,2,0,,0,abs19728
1,3,,0,,1,abs19729
0,,,,,1,abs19730
1,2,,12,1,1,abs19731
1,3,,0,,1,abs19732
1,1 2,2,,,0,abs19733
1,1 2,,,,0,abs19734
1,6,,0,,0,abs19735
1,6,,0,,1,abs19736
1,3,,0,,1,abs19737
1,,,,,1,abs19738
1,1 2,,7,1,1,abs19739
1,3 6,1,0,1,1,abs19740
1,3,,0,,1,abs19741
1,4 5 6,,0,,1,abs19742
1,3,2,0,1,1,abs19743
1,2 3 5 6,,,,1,abs19744
1,6,2,0,,0,abs19745
1,3,,0,1,1,abs19746
1,1 2 6,,,1,0,abs19747
1,0,2,0,,0,abs19748
1,2,2,,1,1,abs19749
1,6,,,,1,abs19750
1,3,2,,1,0,abs19751
1,5,,0,,0,abs19752
1,5 6,,0,,0,abs19753
1,3 4 5 6,1,,,0,abs19754
1,5 6,,0,,0,abs19755
1,6,,0,,1,abs19756
1,6,,0,,0,abs19757
1,6,2,0,,0,abs19758
1,3 6,1,0,1,0,abs19759
1,5,,0,,0,abs19760
0,,,,,1,abs19761
1,,2,,,1,abs19762
1,5 6,,0,,0,abs19763
1,1 2,,14 22,,0,abs19764
1,5 6,2,0,,0,abs19765
1,6,,0,,0,abs19766
1,6,,0,,1,abs19767
1,7,2,0,1,1,abs19768
1,7,1,0,,1,abs19769
1,2,,12,1,1,abs19770
1,3,,0,,1,abs19771
1,6,2,0,,1,abs19772
1,3,,0,1,1,abs19773
1,3,,0,1,1,abs19774
1,6,,0,,1,abs19775
1,,,0,,1,abs19776
1,3 7,,0,,1,abs19777
1,6,,0,,1,abs19778
1,3,,0,,1,abs19779
1,2,,14,,1,abs19780
0,,,,,1,abs19781
1,6,,0,,0,abs19782
1,3,1,0,,0,abs19783
1,3,2,0,,0,abs19784
1,3 6,,0,1,1,abs19785
1,3 7,,,,0,abs19786
1,1 4 5 6,2,,,1,abs19787
1,3,,0,,0,abs19788
1,,2,0,,1,abs19789
1,3,,0,,1,abs19790
1,3,,0,1,1,abs19791
1,6,,0,1,1,abs19792
1,6,,0,,1,abs19793
1,,2,0,,1,abs19794
1,3,,0,,1,abs19795
1,6,,0,,0,abs19796
1,5,2,0,,0,abs19797
1,6,1,,,0,abs19798
1,6,,0,,1,abs19799
1,6,,0,1,1,abs19800
1,3,,0,,1,abs19801
1,2,,16,,1,abs19802
1,6,,0,,1,abs19803
1,,,,,1,abs19804
1,6,,,,0,abs19805
1,4,,0,,0,abs19806
1,3 4 5 6 7,1,0,1,1,abs19807
1,6,2,0,1,1,abs19808
0,,,,,1,abs19809
1,6,2,0,,1,abs19810
1,3,,0,,1,abs19811
1,6,1,0,,0,abs19812
1,4 5,,,,1,abs19813
1,6,,0,,1,abs19814
1,7,,0,,1,abs19815
1,0,,0,,1,abs19816
1,4 5,,0,1,1,abs19817
1,3,,0,1,1,abs19818
1,,,0,,0,abs19819
1,2,,12,1,1,abs19820
1,6,2,0,,0,abs19821
1,2,,,,0,abs19822
1,6,,0,,0,abs19823
0,,,,,1,abs19824
1,6 7,,0,,0,abs19825
1,5,,0,,0,abs19826
1,6,,0,,1,abs19827
1,,2,,,1,abs19828
1,3,,0,1,1,abs19829
1,3,,0,,0,abs19830
1,3,,0,,1,abs19831
1,3 7,1,0,,0,abs19832
1,6,,0,,1,abs19833
1,3,2,0,,0,abs19834
1,6,,,,0,abs19835
1,6,,0,,1,abs19836
1,,,0,,0,abs19837
1,3,,0,,0,abs19838
1,4 5 6,2,0,,0,abs19839
1,,1,,,1,abs19840
1,4 5,,0,1,1,abs19841
1,3 6,1,,,0,abs19842
1,1 2,,26,,0,abs19843
1,,,,,0,abs19844
1,3 6,2,0,1,1,abs19845
1,3,,0,1,1,abs19846
1,2,1,7,,1,abs19847
1,4 6,,,,0,abs19848
1,6,,0,,0,abs19849
1,3,,0,,0,abs19850
1,2 3 4 5 6,1,,1,0,abs19851
1,2 3,,,1,1,abs19852
1,5 6,2,0,,0,abs19853
1,3,,,,1,abs19854
1,6,,0,,1,abs19855
1,1 2,2,15 22,,0,abs19856
1,6,,,,0,abs19857
1,6,1,0,,1,abs19858
1,6,,0,,1,abs19859
1,,1,,,1,abs19860
1,6,,,,1,abs19861
1,6,,0,,1,abs19862
1,3,,0,1,1,abs19863
1,3,2,0,1,1,abs19864
1,7,,0,,0,abs19865
1,6,,0,,0,abs19866
1,6,,0,,0,abs19867
1,3,,0,1,1,abs19868
1,1 3,2,7,,1,abs19869
1,6,,0,,1,abs19870
0,,,,,1,abs19871
1,6,2,0,,1,abs19872
1,1 2,,22,,0,abs19873
1,5,1,3,,1,abs19874
1,3,,0,,1,abs19875
1,,2,0,,0,abs19876
1,,,0,,1,abs19877
0,,,,,0,abs19878
1,6,,0,,1,abs19879
1,6,,0,,0,abs19880
1,3,,0,1,1,abs19881
1,2,,,,1,abs19882
1,3,,0,1,1,abs19883
1,3,2,0,,0,abs19884
1,2,,,,0,abs19885
1,,,,,1,abs19886
1,6,,0,,1,abs19887
1,2,,0,,1,abs19888
1,3,2,0,,0,abs19889
1,5,1,0,,1,abs19890
1,2 3,,12,,1,abs19891
1,,1,,,0,abs19892
0,,,,,1,abs19893
1,,2,0,,1,abs19894
1,5 6,2,0,,0,abs19895
1,1 2,,26,1,1,abs19896
1,6,,0,,0,abs19897
1,,,,,1,abs19898
1,2,,,,1,abs19899
1,5 6,,0,,0,abs19900
0,,,,,1,abs19901
1,3,,0,,1,abs19902
1,2,,0,,1,abs19903
1,3,,0,,0,abs19904
1,,1,0,,1,abs19905
1,3,,0,,1,abs19906
1,0,,0,,1,abs19907
1,3,,0,1,1,abs19908
1,3,,0,,1,abs19909
1,3,,0,1,1,abs19910
1,3 5,,0,,0,abs19911
1,3,,0,,1,abs19912
1,2,,,,1,abs19913
1,3,,,,1,abs19914
1,,,0,,1,abs19915
1,4 6,2,0,,1,abs19916
1,6,,,,0,abs19917
1,3,,,,0,abs19918
1,3,,,1,1,abs19919
1,3,,,,0,abs19920
1,6,,0,,1,abs19921
1,1 2,,26,1,1,abs19922
1,3,2,0,,0,abs19923
1,6,2,0,1,1,abs19924
1,1 2,2,14,,0,abs19925
1,5 6 7,2,0,,0,abs19926
1,,,,,1,abs19927
1,3 7,,0,,0,abs19928
1,,,,,1,abs19929
1,1 2,,,,0,abs19930
1,3 6,,0,,1,abs19931
1,6,,0,1,1,abs19932
1,3,,,,0,abs19933
1,4 5,,15,,1,abs19934
1,6,,0,,0,abs19935
1,3,,0,,0,abs19936
1,1 2,,40,,0,abs19937
1,1 2 3,,,1,1,abs19938
1,6,,0,,1,abs19939
1,7,2,0,,1,abs19940
1,6,2,0,1,1,abs19941
1,6,,0,,0,abs19942
1,0,,0,,1,abs19943
1,4 5,1,0,,0,abs19944
1,6,,0,,1,abs19945
1,3,,12,1,1,abs19946
1,0,2,0,,1,abs19947
1,3,,0,1,1,abs19948
1,6,2,0,,1,abs19949
1,3 6,2,0,,1,abs19950
1,3,,0,,1,abs19951
1,6,2,0,,1,abs19952
1,3 7,,0,,0,abs19953
1,4 5 6,,,,1,abs19954
1,6,,0,,1,abs19955
1,3,,0,,1,abs19956
1,3,,0,1,1,abs19957
1,3,,0,,0,abs19958
1,3,,0,,1,abs19959
0,,,,,1,abs19960
1,3,,0,,0,abs19961
1,,,,,1,abs19962
1,3,,0,,0,abs19963
1,5,,0,,1,abs19964
1,,,,,1,abs19965
1,2,,,,0,abs19966
1,7,,0,,1,abs19967
1,6,1,0,,0,abs19968
1,2 6,,16,,1,abs19969
1,2,,,,1,abs19970
0,,,,,1,abs19971
1,3,,0,,1,abs19972
1,,,,,1,abs19973
1,2,2,26,,0,abs19974
1,3,2,0,1,1,abs19975
1,5,2,0,,0,abs19976
1,1 2 3 4 5 6 7,,0,,0,abs19977
1,5,,0,,0,abs19978
1,3,,0,,0,abs19979
1,3,,,1,1,abs19980
1,1 2,2,,,0,abs19981
1,2,2,,,0,abs19982
1,7,,0,,1,abs19983
1,3,,,,0,abs19984
1,,,0,,1,abs19985
1,6,2,0,,1,abs19986
1,2 3,,,1,1,abs19987
1,7,1,0,,1,abs19988
1,3,,0,,1,abs19989
1,2,,28,,1,abs19990
1,3,,0,,1,abs19991
1,6,2,0,,1,abs19992
1,2 3 7,,,1,1,abs19993
1,6,,,,1,abs19994
1,6,2,0,,0,abs19995
1,6,,0,,0,abs19996
1,,2,0,,1,abs19997
1,2,,,,1,abs19998
1,,2,0,,1,abs19999
1,5,,0,,0,abs20000
1,3,,0,,0,abs20001
1,3,2,,,0,abs20002
1,2 3 6,2,,,0,abs20003
1,3 6,,0,,1,abs20004
1,,1,,,1,abs20005
1,,2,0,1,1,abs20006
1,6,1,0,,0,abs20007
0,,,,,1,abs20008
1,6,,0,,1,abs20009
1,2,,0,,1,abs20010
1,6,,0,,0,abs20011
1,6,2,0,,1,abs20012
1,3,2,0,,1,abs20013
1,6,,0,,0,abs20014
1,0,,0,,1,abs20015
1,6,,0,,1,abs20016
1,2,,12,,1,abs20017
1,3,,,,1,abs20018
1,6,1,0,,0,abs20019
1,4 5 6,1,0,,1,abs20020
1,2,,0,,1,abs20021
1,5 6,1,0,1,1,abs20022
1,4 5,,0,,0,abs20023
1,3,,,1,1,abs20024
1,5,1,0,1,0,abs20025
1,1 2 3 5 6,2,,,0,abs20026
1,2 6,2,,,1,abs20027
1,5 6,,0,,0,abs20028
1,5,,0,,0,abs20029
1,5 6,1,0,,0,abs20030
1,3,,0,1,1,abs20031
1,3,,,1,1,abs20032
1,,,0,,1,abs20033
1,3,2,0,,1,abs20034
1,6,,0,,0,abs20035
1,6,,0,,0,abs20036
1,3,,0,,1,abs20037
1,,,,1,1,abs20038
0,,,,,0,abs20039
1,6,,0,,0,abs20040
1,3,,0,1,1,abs20041
1,6,,0,,0,abs20042
1,6,,0,,0,abs20043
1,5 6,,0,,0,abs20044
1,2,,,,1,abs20045
1,3,,0,1,1,abs20046
1,,,0,,1,abs20047
0,,,,,0,abs20048
1,5,,0,,0,abs20049
1,4 5 6,,0,1,1,abs20050
1,6,,0,,1,abs20051
1,3,,0,,1,abs20052
1,3,,0,,0,abs20053
1,6,,0,,1,abs20054
1,3,,0,,0,abs20055
1,3,,0,1,1,abs20056
1,1 2,,,,0,abs20057
1,4 5,,0,1,1,abs20058
1,2,,25,,1,abs20059
1,3 6,,0,,1,abs20060
1,6,,0,,1,abs20061
1,3,,0,,1,abs20062
1,3,,0,,0,abs20063
1,2 3 6,1,,,0,abs20064
1,6,,0,,1,abs20065
1,6,,0,1,1,abs20066
1,6,,0,,1,abs20067
1,6,,0,,1,abs20068
1,2,,26,1,1,abs20069
1,6,2,0,,1,abs20070
1,1 2,,22,1,0,abs20071
0,,,,,0,abs20072
1,7,,0,,1,abs20073
1,6,,0,,0,abs20074
1,3,2,0,,0,abs20075
1,3,,0,1,1,abs20076
1,6,,0,,0,abs20077
1,3 6,2,0,,0,abs20078
1,3,,,1,1,abs20079
1,,2,0,,0,abs20080
1,5,,0,,1,abs20081
1,6,,0,,1,abs20082
1,,,0,,1,abs20083
1,,2,0,,0,abs20084
1,6,2,0,,0,abs20085
1,6,,0,,0,abs20086
1,4 5 6,,0,,1,abs20087
1,2 3,,,1,1,abs20088
1,3,,0,,0,abs20089
1,4 5 6,,0,,1,abs20090
1,3,,0,,1,abs20091
1,2,,17,,0,abs20092
1,3,,0,,1,abs20093
1,,,0,,1,abs20094
1,6,,0,,1,abs20095
1,3,2,0,1,1,abs20096
1,3,,0,1,1,abs20097
1,6,,0,,0,abs20098
1,,,,,1,abs20099
1,6,,0,,1,abs20100
1,6,2,0,,0,abs20101
1,6,,0,1,1,abs20102
1,7,,0,,0,abs20103
1,3,,0,,0,abs20104
1,6,,0,,0,abs20105
1,3,,0,,0,abs20106
1,6,2,,,1,abs20107
1,1 2,,,,1,abs20108
1,,,,,1,abs20109
1,3,,0,1,1,abs20110
1,3,,0,,1,abs20111
1,3,,0,,0,abs20112
1,2,,,,1,abs20113
1,2 3,,,,1,abs20114
1,6,,0,,1,abs20115
1,3,1,0,1,0,abs20116
1,5,,0,,0,abs20117
1,3,,0,,0,abs20118
1,3,,0,,0,abs20119
1,3,2,0,1,1,abs20120
1,2,,,,1,abs20121
0,,,,,1,abs20122
1,2,,26,,0,abs20123
1,3 6,,0,,0,abs20124
1,3,,0,,1,abs20125
1,,,0,,1,abs20126
1,3,,0,,1,abs20127
1,3,,0,1,1,abs20128
1,3,,,,1,abs20129
0,,,,,1,abs20130
1,3,,0,1,1,abs20131
1,6,,0,,1,abs20132
1,3,,0,,1,abs20133
1,,,,,1,abs20134
1,7,,0,,1,abs20135
1,6,,0,,1,abs20136
1,3,1,0,1,1,abs20137
1,3,,0,,0,abs20138
1,,,,,0,abs20139
1,6,,0,,0,abs20140
1,6,,0,,1,abs20141
1,,2,0,,0,abs20142
1,3,,0,,0,abs20143
1,1 2,,18,,1,abs20144
1,5,,0,,0,abs20145
1,6,2,0,,1,abs20146
1,3,2,0,1,1,abs20147
1,3,,0,1,1,abs20148
1,,2,0,,1,abs20149
1,3,,0,,1,abs20150
1,,,0,,0,abs20151
1,6,,0,,0,abs20152
1,5,,0,1,1,abs20153
1,2,,0,,1,abs20154
1,3,,0,,0,abs20155
1,3,,0,1,1,abs20156
1,,,0,,0,abs20157
1,6,,0,1,0,abs20158
1,,,0,,1,abs20159
1,5,1,0,,0,abs20160
1,6 7,,0,,1,abs20161
1,2,,0,,1,abs20162
1,3 5 6,,0,,0,abs20163
1,3,,0,,0,abs20164
1,3 4 5 6,,0,1,1,abs20165
1,5,1,0,,0,abs20166
1,5,,0,,1,abs20167
1,,,0,,0,abs20168
0,,,,,0,abs20169
1,6,,0,,0,abs20170
1,5,,0,,0,abs20171
1,3,,,,1,abs20172
1,4 5 6 7,,0,,0,abs20173
1,,,0,,1,abs20174
1,3,,0,1,1,abs20175
1,4 5,1,,,1,abs20176
1,,2,,,1,abs20177
1,3,2,0,,1,abs20178
1,,2,0,,0,abs20179
1,5 6,,,,0,abs20180
1,6,,,,0,abs20181
1,2 3,,16,,1,abs20182
1,,2,0,,0,abs20183
1,6,,0,,1,abs20184
1,6,,0,,1,abs20185
1,2,,0,,1,abs20186
1,4 5 6,1,0,,0,abs20187
1,,,,,1,abs20188
1,1 3,,,1,1,abs20189
1,4 5,,,,1,abs20190
1,6,2,,,1,abs20191
1,,,,,1,abs20192
1,3,,0,1,1,abs20193
1,3,,0,,1,abs20194
1,7,,0,,0,abs20195
1,3,1,0,,0,abs20196
1,6,,0,,1,abs20197
1,3,2,0,1,1,abs20198
1,4 5 6,,0,,0,abs20199
1,3,,0,,1,abs20200
1,6,,0,,1,abs20201
1,1 2,,7 9,,1,abs20202
1,1 2,,,,0,abs20203
1,3,,0,,1,abs20204
1,5,,0,,1,abs20205
1,4 5,1,0,,0,abs20206
1,7,,,,1,abs20207
1,7,,0,,1,abs20208
1,6,,0,,1,abs20209
1,5 6,,0,,0,abs20210
1,2 6,,,,1,abs20211
1,6,,0,,0,abs20212
1,3,,0,,1,abs20213
1,2,,28,0,1,abs20214
1,3,,0,1,1,abs20215
1,,2,0,1,1,abs20216
1,6,,0,,0,abs20217
1,6,1,0,,0,abs20218
1,3,,0,1,0,abs20219
1,6 7,2,0,,1,abs20220
1,6,,0,,0,abs20221
1,5,,0,,0,abs20222
1,3,,,,0,abs20223
1,1 2,,14,,0,abs20224
1,3,,0,1,1,abs20225
1,3,,0,,0,abs20226
1,1 2 3 6,,,,0,abs20227
1,6,2,0,,0,abs20228
1,5,,0,,0,abs20229
1,6,,0,,0,abs20230
1,3,,0,,0,abs20231
1,6,,0,,1,abs20232
1,6,,,,1,abs20233
1,3,,0,,0,abs20234
1,4 5,,0,,1,abs20235
1,6,,0,,0,abs20236
1,2,,,,1,abs20237
1,6,2,0,,0,abs20238
1,1 2,,22,1,1,abs20239
1,5,1,0,1,1,abs20240
1,3,,0,,0,abs20241
1,3,,0,1,1,abs20242
1,3 7,2,0,,0,abs20243
1,6,2,0,,0,abs20244
1,6,2,0,,0,abs20245
1,5 6,,0,,1,abs20246
1,6,,0,,1,abs20247
1,6,,0,,1,abs20248
1,3,,0,1,1,abs20249
1,3,2,0,1,1,abs20250
0,,,,,1,abs20251
1,6,,0,,0,abs20252
1,3,2,0,1,1,abs20253
1,3,,0,1,1,abs20254
1,,1,,,1,abs20255
1,6,2,0,,0,abs20256
1,3,,0,,1,abs20257
1,,,0,,1,abs20258
1,6,,0,,1,abs20259
1,1 2 3,,22,,0,abs20260
1,6,,0,,1,abs20261
1,6,,0,,1,abs20262
1,6,2,0,,0,abs20263
1,1 2 3 4 5 6,,,1,0,abs20264
1,6,2,,,0,abs20265
1,3,,0,,0,abs20266
1,,,,,0,abs20267
1,5,,0,,0,abs20268
1,6,,0,,1,abs20269
1,3,,0,,1,abs20270
1,6,,,,1,abs20271
1,5,,0,1,1,abs20272
1,6,,0,,0,abs20273
1,3,,0,1,1,abs20274
1,,1,,,1,abs20275
1,5 6,,0,1,1,abs20276
1,5,2,0,,0,abs20277
1,,2,0,,0,abs20278
1,2,2,12,,1,abs20279
1,2,,,1,1,abs20280
1,3,,0,1,0,abs20281
1,6,,,,0,abs20282
1,5 6,2,0,,0,abs20283
1,6,2,0,,0,abs20284
1,6,,0,1,1,abs20285
1,3,,0,,0,abs20286
1,,,0,,1,abs20287
1,3,1,0,1,1,abs20288
1,6,,0,,1,abs20289
1,6,2,0,,0,abs20290
1,6,,0,1,1,abs20291
1,3,,0,1,0,abs20292
1,3,,0,1,1,abs20293
1,3,,0,,0,abs20294
1,6,1,,1,0,abs20295
1,3,2,0,,0,abs20296
1,5,,0,,0,abs20297
1,6,,0,,1,abs20298
1,6,,,,0,abs20299
1,3,,0,,0,abs20300
0,,,,,1,abs20301
1,3,,0,,0,abs20302
1,,2,,,1,abs20303
1,3,,0,,0,abs20304
1,3,1,0,1,0,abs20305
1,6,,0,,0,abs20306
1,3 5 6,,0,1,0,abs20307
1,3,,0,1,1,abs20308
1,5 7,,0,,0,abs20309
1,,,0,,1,abs20310
1,3,2,0,,0,abs20311
1,3,,0,1,1,abs20312
1,6,,0,,1,abs20313
1,2 3,,,1,0,abs20314
0,,,,,1,abs20315
1,3 6,,0,1,1,abs20316
1,4 5 6,,0,,0,abs20317
1,3,,0,1,1,abs20318
1,,,,,1,abs20319
1,1 2,,34,,1,abs20320
1,3,,0,,0,abs20321
1,6,,0,1,1,abs20322
1,5,,0,,1,abs20323
1,1 2 3,,,1,1,abs20324
1,2,2,0,,1,abs20325
1,6,,0,,1,abs20326
1,4 5,,,,0,abs20327
1,6,,0,,0,abs20328
1,1 2,,26,,1,abs20329
1,1 2,,,,1,abs20330
1,3,,0,,0,abs20331
1,6,2,0,,0,abs20332
1,5,2,0,,0,abs20333
1,6,,0,,1,abs20334
1,,,0,,1,abs20335
1,,2,,,1,abs20336
1,1 2,1,,1,0,abs20337
1,3 6,,0,,0,abs20338
1,2,,0,,1,abs20339
1,6,,,,1,abs20340
1,3,,12,,0,abs20341
1,6,2,,,0,abs20342
1,3,,0,1,1,abs20343
1,3,2,0,,0,abs20344
1,3,,0,,0,abs20345
1,3,2,0,1,1,abs20346
1,5,1,,,0,abs20347
1,5,1,0,,0,abs20348
1,6,2,0,,0,abs20349
1,3,,0,,0,abs20350
1,3,,0,,1,abs20351
1,,2,0,,1,abs20352
1,6,,0,,0,abs20353
1,6,,0,,0,abs20354
1,2,,41,,0,abs20355
1,6,2,0,,0,abs20356
1,2 3 6,,,,0,abs20357
1,5 6,,0,,0,abs20358
1,3,,0,,1,abs20359
1,,2,0,,1,abs20360
1,2,,18,,1,abs20361
1,6,,0,,0,abs20362
1,6,,0,,0,abs20363
1,3,,0,,0,abs20364
1,2,,5,,0,abs20365
1,3,2,0,,0,abs20366
0,,,,,0,abs20367
1,0,,0,,1,abs20368
1,6,,0,,0,abs20369
1,1 2 3 5 6,2,,,1,abs20370
1,1 2,,,1,0,abs20371
1,6,,0,,0,abs20372
1,3,,0,1,1,abs20373
1,3,,,,1,abs20374
1,3,,0,,1,abs20375
1,6,,,,1,abs20376
1,,,,,1,abs20377
1,0,,0,,1,abs20378
1,2,,,,1,abs20379
1,6,,0,,0,abs20380
1,,2,0,,1,abs20381
1,6,,0,,1,abs20382
1,5,1,0,,0,abs20383
1,3,,0,,0,abs20384
1,,2,,,1,abs20385
1,3,,,,1,abs20386
1,7,,0,,0,abs20387
1,3 4 5 6,1,0,1,1,abs20388
1,3,,0,,1,abs20389
1,,2,,,1,abs20390
1,1 2,,7 26,,0,abs20391
1,3,,,,1,abs20392
1,1 2,,22,1,1,abs20393
1,2,,,,1,abs20394
1,,,0,,1,abs20395
1,2,,,,0,abs20396
1,3 5 6,,0,1,1,abs20397
1,3,,0,,1,abs20398
1,1 5 6,,,,0,abs20399
1,3,,0,1,1,abs20400
1,2,,,,1,abs20401
1,2,,,,1,abs20402
1,1 2,,,1,1,abs20403
1,6,1,0,,0,abs20404
1,3 7,,0,1,1,abs20405
1,3,,,,1,abs20406
1,2,,,,1,abs20407
1,6,1,0,,0,abs20408
1,6,,0,,0,abs20409
1,3,,0,,1,abs20410
1,6 7,2,0,,1,abs20411
1,3,1,0,,0,abs20412
1,3,,0,1,1,abs20413
1,3,,0,,0,abs20414
1,7,2,0,,0,abs20415
1,3 6,2,0,,0,abs20416
1,1 2,,22,1,1,abs20417
1,6,,0,,1,abs20418
1,2,,,,1,abs20419
1,6,,12,,0,abs20420
1,3,,0,1,1,abs20421
1,1 2,,22,,0,abs20422
1,3,,0,,1,abs20423
1,,,,,1,abs20424
1,3,1,0,1,1,abs20425
1,6,,0,,1,abs20426
1,2,,23,,0,abs20427
1,3,,0,1,1,abs20428
1,6,,0,,0,abs20429
1,,,0,,0,abs20430
1,5,,0,,0,abs20431
1,3,,0,,0,abs20432
0,,,,,1,abs20433
1,3,,0,,0,abs20434
1,3,1,0,,1,abs20435
1,3,,0,,1,abs20436
1,3,,0,,0,abs20437
1,3,,0,1,1,abs20438
1,5 6,,0,,0,abs20439
1,5,,0,,1,abs20440
1,5 6,1,,,0,abs20441
1,3,2,0,,0,abs20442
1,3,,0,,0,abs20443
0,,,,,0,abs20444
1,3,2,0,,1,abs20445
1,3,,0,1,1,abs20446
1,,,0,,1,abs20447
1,6,1,0,,0,abs20448
1,5,,0,,0,abs20449
1,3,,0,,0,abs20450
1,,2,0,,1,abs20451
1,3,,0,,0,abs20452
1,3,,,,1,abs20453
1,3,,0,,1,abs20454
1,3,,0,,1,abs20455
1,6,,0,,1,abs20456
1,6,,,,1,abs20457
1,2,,,,1,abs20458
1,6,,0,,0,abs20459
1,3 6,1,0,,1,abs20460
0,,,,,1,abs20461
1,6,,0,,0,abs20462
1,1 2,2,,1,0,abs20463
1,3 7,1,0,,0,abs20464
1,3,,0,1,0,abs20465
1,3,,0,,1,abs20466
1,,,0,,1,abs20467
1,,2,0,,1,abs20468
1,,2,0,,0,abs20469
1,6,,,,1,abs20470
1,3,,0,,1,abs20471
1,6 7,,0,,0,abs20472
1,3,,0,,1,abs20473
1,1 2,,,,0,abs20474
1,3,2,0,1,0,abs20475
1,5 6,,,,0,abs20476
0,,,,,0,abs20477
1,2,2,25,,0,abs20478
1,3,1,0,1,1,abs20479
1,6,,0,,0,abs20480
1,2,,12,,1,abs20481
1,,1,,,1,abs20482
1,5 6,,0,,0,abs20483
1,3,,0,1,1,abs20484
0,,,,,1,abs20485
1,,,0,,1,abs20486
1,3,,0,,1,abs20487
1,6 7,,0,,1,abs20488
1,3,2,0,,0,abs20489
1,3 7,,0,,1,abs20490
1,3,,0,1,1,abs20491
1,3,,0,1,1,abs20492
1,1 3,,,,0,abs20493
1,5,,0,,0,abs20494
1,4 6,,,,1,abs20495
1,4,,,,1,abs20496
1,4 5 6,1,0,,0,abs20497
1,3 6 7,,0,,0,abs20498
1,4 7,2,0,1,1,abs20499
1,5 6,,0,,0,abs20500
1,,,,,1,abs20501
1,5,,0,,0,abs20502
1,6,,0,,0,abs20503
1,3,2,0,,0,abs20504
1,6,,0,,0,abs20505
1,,2,0,,0,abs20506
1,3,,0,,1,abs20507
0,,,,,0,abs20508
1,4 5,,0,,1,abs20509
1,,2,0,,0,abs20510
1,6,2,0,,0,abs20511
1,6,,,,0,abs20512
1,3,,0,,0,abs20513
1,3,,0,,0,abs20514
1,3,,0,,0,abs20515
1,,,,,1,abs20516
1,3,,,,1,abs20517
1,3,,0,1,1,abs20518
1,3 7,,0,,0,abs20519
1,6,,0,1,1,abs20520
1,3,,0,,1,abs20521
1,3,,,1,1,abs20522
1,3,2,0,1,1,abs20523
1,6,,,,1,abs20524
0,,,,,0,abs20525
1,3,1,0,1,1,abs20526
0,,,,,1,abs20527
1,3,,0,,0,abs20528
1,6,,,,1,abs20529
1,3,,0,1,1,abs20530
1,,,,,1,abs20531
1,6,1,0,,0,abs20532
1,6,,0,,0,abs20533
1,3,,0,,0,abs20534
1,7,,0,,1,abs20535
1,3,,0,,1,abs20536
1,6,,0,,1,abs20537
1,3,,0,,0,abs20538
1,6,,0,,1,abs20539
1,2,,,,0,abs20540
1,3 6,,0,,0,abs20541
1,3,,0,1,1,abs20542
1,7,,0,,1,abs20543
1,,2,0,,1,abs20544
1,3,,0,1,1,abs20545
1,6,,0,,0,abs20546
1,6,2,0,,0,abs20547
1,3,,0,1,1,abs20548
1,3,,0,1,1,abs20549
1,,,0,,1,abs20550
1,4 5,,0,,0,abs20551
1,,,0,,1,abs20552
1,4,,0,,1,abs20553
1,,,,,1,abs20554
1,3,,0,1,1,abs20555
1,2,,,,0,abs20556
1,,,0,,1,abs20557
1,4 5 6,,0,,0,abs20558
1,2 3,,,1,1,abs20559
1,6,,0,,1,abs20560
1,2,,,,1,abs20561
1,3,,0,1,1,abs20562
1,,,,,1,abs20563
1,5,,0,,0,abs20564
1,,2,,,1,abs20565
1,3,,0,1,0,abs20566
1,3,,,,1,abs20567
1,3,,0,,0,abs20568
1,2,,,,1,abs20569
1,3,2,0,1,0,abs20570
1,3,,0,1,1,abs20571
1,3 5 6,,0,1,0,abs20572
1,3,,0,,0,abs20573
1,3,2,0,,0,abs20574
1,6,,0,,1,abs20575
1,3,,0,1,1,abs20576
1,3 7,,0,1,1,abs20577
1,6,,41,,0,abs20578
1,6,2,0,,1,abs20579
1,2,,,,1,abs20580
1,0,,0,,0,abs20581
1,3 6,,0,,0,abs20582
1,,,,,1,abs20583
1,3,,0,,1,abs20584
0,,,,,0,abs20585
1,7,,,,1,abs20586
1,6,,0,,1,abs20587
1,,2,0,,0,abs20588
1,6 7,2,0,1,0,abs20589
1,3,,0,,0,abs20590
1,,2,,,1,abs20591
1,6,,0,,1,abs20592
1,6,,0,,1,abs20593
1,6,,0,,0,abs20594
1,6,,,,1,abs20595
1,6,2,0,,0,abs20596
1,6,,0,,0,abs20597
1,,,0,,1,abs20598
1,5 6,1,0,,0,abs20599
1,,,0,,1,abs20600
1,,,,,1,abs20601
1,6,2,0,,1,abs20602
1,1 2,2,40,,1,abs20603
1,6,,0,,1,abs20604
1,3,,0,1,0,abs20605
1,,,0,,1,abs20606
1,6,,0,,0,abs20607
1,3 6,,0,1,1,abs20608
1,7,,0,,1,abs20609
1,1 2,,,,0,abs20610
1,6,,0,,0,abs20611
1,3,2,0,,0,abs20612
1,6,,0,,0,abs20613
1,5,,14,,0,abs20614
1,6 7,,0,,0,abs20615
1,,,0,,0,abs20616
1,3,,0,,0,abs20617
1,6,,,,1,abs20618
1,3,,0,,0,abs20619
1,6,,0,,0,abs20620
1,,2,0,,0,abs20621
1,3,2,0,,1,abs20622
1,6,,0,,0,abs20623
1,5 6,,15,,0,abs20624
1,3,,0,,0,abs20625
1,6,,0,,0,abs20626
1,3,,0,,0,abs20627
1,6,2,0,,0,abs20628
1,1 2,,14 26,,1,abs20629
1,3,,0,,0,abs20630
1,3,,,1,1,abs20631
1,7,,0,,0,abs20632
1,1 2,,41,,1,abs20633
1,0,,,,1,abs20634
1,3,,0,,1,abs20635
1,,,,,1,abs20636
1,,,,,1,abs20637
1,3,,0,,0,abs20638
1,0,,0,,1,abs20639
1,6,,,,1,abs20640
1,3,,0,,0,abs20641
1,3,,0,1,1,abs20642
1,3,,0,1,0,abs20643
1,0,,0,,1,abs20644
1,6,,0,,1,abs20645
0,,,,,1,abs20646
1,3,,0,1,1,abs20647
1,2,,23,,1,abs20648
1,,2,0,,1,abs20649
1,3,,0,1,1,abs20650
1,5 6,,0,,0,abs20651
1,,,,,1,abs20652
1,3,,0,,1,abs20653
1,5,,0,,0,abs20654
1,,,0,,1,abs20655
1,3,,0,1,1,abs20656
1,6,,0,,0,abs20657
1,3,,,,1,abs20658
1,3,,,,1,abs20659
1,6,2,0,,0,abs20660
1,,,,,1,abs20661
1,2 3 6,,0,,1,abs20662
1,3,,0,,0,abs20663
0,,,,,0,abs20664
1,1 2,,22,,0,abs20665
1,3,2,0,1,1,abs20666
1,3,,0,,0,abs20667
1,6,2,0,,0,abs20668
1,2,,0,,1,abs20669
1,3,,0,1,1,abs20670
1,1 2,,14 22,,0,abs20671
1,3,,0,,0,abs20672
1,3,,,,0,abs20673
1,3,,,,0,abs20674
1,3,,0,,1,abs20675
1,5,,0,,0,abs20676
1,3,,0,,0,abs20677
1,0,,0,,1,abs20678
1,2,,7,,1,abs20679
1,6,,0,,0,abs20680
1,6,2,0,1,0,abs20681
1,,,,,1,abs20682
1,6,,0,,1,abs20683
1,,2,,,1,abs20684
1,6,,0,,1,abs20685
1,,,,,1,abs20686
1,3,,,,0,abs20687
1,3,,0,,0,abs20688
1,3,,0,,1,abs20689
1,,,,,1,abs20690
1,3 7,,0,,1,abs20691
1,6,1,0,,0,abs20692
1,6,,0,,0,abs20693
1,6,,0,,0,abs20694
1,2,2,,1,1,abs20695
1,,,0,,1,abs20696
1,3,,0,,0,abs20697
1,3,,0,,1,abs20698
1,3,,0,,0,abs20699
1,2,,0,,1,abs20700
1,0,,0,,1,abs20701
1,3,,0,,1,abs20702
1,6,,0,,1,abs20703
1,3,,0,,0,abs20704
1,6,1,0,,1,abs20705
1,6,1,0,,0,abs20706
1,,,0,,1,abs20707
1,,,,,1,abs20708
1,6,,0,,0,abs20709
1,3,,0,1,1,abs20710
1,6,1,0,,0,abs20711
1,6,,0,,1,abs20712
1,6,,0,,0,abs20713
1,3,,0,1,1,abs20714
1,3,,0,,0,abs20715
1,3,1,0,,0,abs20716
1,3,1,0,,0,abs20717
1,6,,0,,1,abs20718
1,3,1,0,1,1,abs20719
1,,,0,,0,abs20720
1,6,,0,,1,abs20721
1,6,,0,,0,abs20722
1,6,,0,,0,abs20723
1,6,2,0,,0,abs20724
1,3,,0,,0,abs20725
1,5,,0,,1,abs20726
1,3,,,,0,abs20727
1,6,,,,1,abs20728
1,7,,0,,1,abs20729
1,7,,0,,1,abs20730
1,5 6,,0,,1,abs20731
1,3 6,,,,0,abs20732
1,3 6,,0,1,1,abs20733
1,3,,0,,1,abs20734
1,3,,,,1,abs20735
1,,,,,1,abs20736
1,3,2,0,,0,abs20737
1,2,,,,0,abs20738
1,3,,0,1,1,abs20739
1,3,,0,1,1,abs20740
1,3,,0,1,1,abs20741
1,,,,,1,abs20742
1,6,2,0,,0,abs20743
1,4 5 6 7,,0,,1,abs20744
1,5 6,1,0,1,0,abs20745
1,3 6,,0,1,1,abs20746
1,2,1,,,1,abs20747
1,3 5 6,1,0,,0,abs20748
1,6,,0,,1,abs20749
1,6,,0,,1,abs20750
1,6,,0,,1,abs20751
1,2,,,,1,abs20752
1,3 6,1,,,1,abs20753
1,3,,0,,1,abs20754
1,,,,,1,abs20755
1,3,,0,,1,abs20756
1,6,,0,,1,abs20757
1,3,,0,,1,abs20758
1,3,,0,,1,abs20759
1,6,,0,,1,abs20760
1,3,,0,1,1,abs20761
1,5,,0,,0,abs20762
1,6,2,0,,0,abs20763
1,6,,0,,0,abs20764
1,3,2,0,,0,abs20765
1,3,,0,,1,abs20766
1,3,,0,1,1,abs20767
1,6,,0,,0,abs20768
1,3,,0,1,0,abs20769
1,2 3 6,,0,1,0,abs20770
1,3,,0,1,0,abs20771
1,6,,0,,0,abs20772
1,,,34,,0,abs20773
1,,,,,1,abs20774
1,3,,0,1,0,abs20775
1,0,2,,,1,abs20776
1,3,2,0,,1,abs20777
1,7,,0,,1,abs20778
1,6,,0,,1,abs20779
1,6 7,1,0,,1,abs20780
1,3,,,1,0,abs20781
1,6,,,,1,abs20782
0,,,,,1,abs20783
1,3,,0,1,1,abs20784
1,5 6,,0,,1,abs20785
1,,,0,,1,abs20786
1,3,,0,,1,abs20787
1,5,,0,,0,abs20788
1,3,,0,1,0,abs20789
1,,2,0,,0,abs20790
1,3,,0,,1,abs20791
1,4 5,,0,,0,abs20792
1,5,1,0,,0,abs20793
1,6,,0,,1,abs20794
1,3,,0,1,1,abs20795
1,6,1,0,,0,abs20796
1,3,,0,,0,abs20797
1,5 6,,0,,0,abs20798
1,6,2,0,,0,abs20799
1,3,,0,1,1,abs20800
1,6,2,0,,0,abs20801
1,3 6,1,0,,0,abs20802
1,3,1,0,,1,abs20803
1,,2,0,,1,abs20804
1,6,,,,1,abs20805
1,3,,0,,0,abs20806
1,7,,0,,0,abs20807
1,3,,0,,1,abs20808
1,6,,0,,0,abs20809
1,3 6,,0,,1,abs20810
1,3 7,,0,1,0,abs20811
1,3,,0,1,1,abs20812
1,6,1,0,,0,abs20813
1,6,,0,,1,abs20814
1,,,0,,0,abs20815
1,2 3 4 5 6,,13,,0,abs20816
1,3,,0,1,1,abs20817
1,3,,0,,0,abs20818
1,1 2,,8 9,,1,abs20819
1,6,,0,,0,abs20820
1,7,2,0,,0,abs20821
1,3,,0,,0,abs20822
1,3,,0,,1,abs20823
1,,,0,,0,abs20824
1,6,,,,1,abs20825
1,6,,0,,1,abs20826
1,2,,,,1,abs20827
1,3 6,1,0,,0,abs20828
1,3,,0,1,1,abs20829
1,3,2,0,,0,abs20830
1,3 6,,,,0,abs20831
0,,,,,1,abs20832
1,4 5,,0,1,0,abs20833
1,3,,0,1,1,abs20834
1,2 3 6,,,,1,abs20835
1,3,2,0,1,1,abs20836
1,6,,0,,1,abs20837
1,3 7,,,,1,abs20838
1,3 7,,,,1,abs20839
1,6 7,,0,,1,abs20840
1,3,2,0,1,1,abs20841
1,3,,0,,0,abs20842
1,3,,0,1,1,abs20843
1,3,,0,,0,abs20844
1,6,,,,1,abs20845
1,,,0,,1,abs20846
1,5 6,,0,,0,abs20847
1,6,,0,,0,abs20848
1,6,,0,,1,abs20849
1,2,,,1,0,abs20850
1,,2,0,,1,abs20851
1,3 5 6,,0,,0,abs20852
0,,,,,1,abs20853
1,6,,0,,0,abs20854
1,3,,0,,1,abs20855
1,3,,0,,0,abs20856
1,3 7,,0,1,1,abs20857
0,,,,,1,abs20858
1,3,,0,,1,abs20859
1,1 2,,7,,1,abs20860
1,2,,24,,0,abs20861
1,,,,,0,abs20862
1,3 6,,,,1,abs20863
1,,,0,,1,abs20864
1,7,,,,1,abs20865
1,,,0,,1,abs20866
1,2,2,25,,0,abs20867
1,6 7,2,0,,0,abs20868
1,1 2 3 6,,7,,0,abs20869
1,4 5,2,0,,0,abs20870
1,3,,0,1,1,abs20871
1,3,,0,,0,abs20872
1,3,,0,,0,abs20873
1,2,,15,,1,abs20874
1,3,2,0,,0,abs20875
1,7,,0,,1,abs20876
1,2,,0,,1,abs20877
1,3 7,,0,1,1,abs20878
1,3,,0,,0,abs20879
1,,,0,,1,abs20880
1,7,,0,,0,abs20881
1,2,,0,,1,abs20882
1,6,,0,,0,abs20883
1,3,,0,,0,abs20884
1,,,0,,1,abs20885
1,,,0,,1,abs20886
1,6,,0,,0,abs20887
1,2,2,,,0,abs20888
1,6,,0,,1,abs20889
1,3,,0,,1,abs20890
1,3,,,,1,abs20891
1,5 6,,0,,0,abs20892
1,3,,0,1,1,abs20893
1,3,,0,1,1,abs20894
1,3,,0,,1,abs20895
1,6,2,0,,1,abs20896
1,,2,0,,1,abs20897
0,,,,,0,abs20898
1,3,,0,1,0,abs20899
1,3,,0,1,1,abs20900
1,3,,,,0,abs20901
1,2,,,,0,abs20902
1,6,,0,,1,abs20903
1,6,,0,,1,abs20904
1,3,,0,,1,abs20905
1,3 5,1,0,,0,abs20906
1,2,,,,1,abs20907
1,,2,,,0,abs20908
1,,,0,,1,abs20909
1,,,0,,1,abs20910
1,,,0,,1,abs20911
1,6,,0,,1,abs20912
1,3,1,0,1,0,abs20913
1,3,1,0,1,1,abs20914
1,,,0,,1,abs20915
1,,2,0,,1,abs20916
1,2,,5 6,,0,abs20917
1,3,,0,,1,abs20918
1,3 7,2,0,,0,abs20919
1,3,,0,,1,abs20920
0,,,,,1,abs20921
1,3,,0,,1,abs20922
1,2,,,,0,abs20923
0,,,,,1,abs20924
1,6,,,,0,abs20925
1,3,1,0,1,0,abs20926
1,3,,0,1,1,abs20927
1,2,,,,1,abs20928
1,6,,0,,1,abs20929
1,3,2,0,1,1,abs20930
1,1 2,,,,0,abs20931
1,3 6,,0,,0,abs20932
1,6,,,,0,abs20933
1,,,0,,1,abs20934
1,,,0,,1,abs20935
1,6,,0,,1,abs20936
1,5 6,,0,,0,abs20937
1,4,,,,1,abs20938
1,2,,,,1,abs20939
1,6,,,,0,abs20940
1,3,,0,,1,abs20941
1,2,,0,,1,abs20942
1,,,0,,1,abs20943
1,3,,0,1,0,abs20944
0,,,,,1,abs20945
1,3,,0,1,1,abs20946
1,,,0,,0,abs20947
1,6,,,,0,abs20948
1,3,,0,1,0,abs20949
1,2,,,,0,abs20950
1,1 2 3,1,,1,0,abs20951
1,3,,0,1,1,abs20952
1,3,,0,,0,abs20953
1,,,0,,1,abs20954
1,2,,0,,1,abs20955
1,,,0,,1,abs20956
1,4 5,,,,0,abs20957
1,3 6,2,0,,1,abs20958
0,,,,,0,abs20959
1,,,,,1,abs20960
1,6,,0,,1,abs20961
1,6,,0,,1,abs20962
1,0,,0,,1,abs20963
1,3,,0,1,1,abs20964
1,3,,0,1,1,abs20965
1,3,,0,,1,abs20966
1,,1,0,,1,abs20967
1,5 6,1,0,,0,abs20968
1,3,,0,,1,abs20969
1,3,,0,,0,abs20970
1,3 5,,0,,1,abs20971
1,6,,0,,1,abs20972
1,5,2,,,0,abs20973
1,,2,0,,1,abs20974
1,4 5 6,,0,,1,abs20975
1,,,,,1,abs20976
1,5 6,,0,,1,abs20977
1,,2,0,,0,abs20978
1,4 5,2,0,,0,abs20979
1,6,2,0,,0,abs20980
1,4 5 6,,0,1,1,abs20981
1,5,,,,1,abs20982
1,4 5 6,,0,,1,abs20983
1,4 5 6,,0,,0,abs20984
1,4 5 6,,0,,0,abs20985
1,4 5 6,2,0,,0,abs20986
1,6,,0,,0,abs20987
1,4 5 6,,0,,1,abs20988
1,6,2,0,,1,abs20989
1,4 5,,,,1,abs20990
1,5,,0,,0,abs20991
1,6,2,0,,1,abs20992
1,6,,0,,1,abs20993
1,4,,0,1,1,abs20994
1,5,2,0,,1,abs20995
1,4 5,2,0,,0,abs20996
1,5 6,1,0,,0,abs20997
1,6,2,0,,0,abs20998
1,4 5 6 7,2,0,,0,abs20999
1,5 6,1,0,1,1,abs21000
1,4 5 6,2,0,,0,abs21001
1,5,1,0,,0,abs21002
1,4 6,2,0,,1,abs21003
1,6,2,0,,0,abs21004
1,5 6,,0,,0,abs21005
1,4 5,,0,,0,abs21006
1,5,1,,1,0,abs21007
1,4 5,2,0,,1,abs21008
1,5,,0,,1,abs21009
1,4 5 6,,16,1,1,abs21010
1,6,,0,,0,abs21011
1,4 5 6,,0,,0,abs21012
1,5,,0,,0,abs21013
1,4 5,,0,,0,abs21014
1,5,,0,,1,abs21015
1,4 5 6,,0,,0,abs21016
1,4 5 6,2,0,,0,abs21017
1,6,,0,,0,abs21018
1,4 5,,0,,0,abs21019
1,4 5,,0,,0,abs21020
1,4 5 6,,0,,0,abs21021
1,5,,0,,1,abs21022
1,5,,0,,1,abs21023
1,6,,0,,0,abs21024
1,4 5,,,,1,abs21025
1,5,,0,,0,abs21026
1,5 6,1,0,,1,abs21027
1,4 5,,0,,1,abs21028
1,4 5 6,2,0,,0,abs21029
1,5,1,0,,1,abs21030
1,6,2,0,,0,abs21031
1,4 5,,0,,1,abs21032
1,5,,0,,0,abs21033
1,6,2,0,,0,abs21034
1,4 5,,0,1,1,abs21035
1,4 5,,0,,1,abs21036
1,5,,0,,0,abs21037
1,6,,0,,0,abs21038
1,6,,0,,0,abs21039
1,4 5,,0,,1,abs21040
1,6,,0,,0,abs21041
1,6,,0,,0,abs21042
1,4 7,2,0,,0,abs21043
1,6,2,0,,0,abs21044
1,4 5 6,,0,,1,abs21045
1,5,,0,,0,abs21046
1,4 5 6,,0,,1,abs21047
1,4 5 6,,0,,1,abs21048
1,4 5,,0,,0,abs21049
1,4 5,,0,,0,abs21050
1,4 5,2,0,,0,abs21051
1,4 5,,0,1,0,abs21052
1,4 5 6,,0,,0,abs21053
1,5 6,,0,,0,abs21054
1,4 5,,0,,1,abs21055
1,4 6,,0,,1,abs21056
1,6,2,0,,1,abs21057
1,4 5,,0,,0,abs21058
1,2,,,,0,abs21059
1,4 5 6,,0,,1,abs21060
1,4 5,2,0,,0,abs21061
1,,2,,,1,abs21062
1,4 5 6,1,0,,1,abs21063
1,4,,0,,1,abs21064
1,3 7,,,,1,abs21065
1,6,2,0,,0,abs21066
1,4 6,2,0,,0,abs21067
1,4 5 6,,0,,1,abs21068
1,3,,0,,0,abs21069
1,4 5,2,0,,0,abs21070
1,4,,0,,0,abs21071
1,4 5,,16,,1,abs21072
1,4,,,,1,abs21073
1,6 7,,0,,1,abs21074
1,4,1,0,,1,abs21075
1,6,,0,,0,abs21076
1,4 5 6,,0,,1,abs21077
1,,,,,0,abs21078
1,,2,0,,1,abs21079
1,1 2,,22 26,,1,abs21080
1,4 5 6,2,0,,0,abs21081
1,6,2,0,,1,abs21082
1,4 5,,,,1,abs21083
1,6,,,,0,abs21084
1,4 5,,0,,0,abs21085
1,4 5 6,,,,1,abs21086
1,4 5,,0,,0,abs21087
1,6,2,0,,1,abs21088
1,6,2,0,,0,abs21089
1,6,,0,,1,abs21090
1,6,2,0,,0,abs21091
1,4,1,,1,1,abs21092
1,4 6,,,,0,abs21093
1,4 5,,0,,0,abs21094
1,4 5,,0,,0,abs21095
1,1 2,,,,0,abs21096
1,4 5 6,,,,0,abs21097
1,4 5 6,,0,,0,abs21098
1,4 5 6,2,0,,0,abs21099
1,4 6,,0,,0,abs21100
1,6,,0,,0,abs21101
1,6,,0,,0,abs21102
1,4,,0,,1,abs21103
1,4 5,,,,0,abs21104
1,5,2,0,,0,abs21105
1,4 5 6,,0,,1,abs21106
1,6,,0,,0,abs21107
1,4,2,0,,1,abs21108
1,4 5 6,,0,,0,abs21109
1,4 5 6,,0,,0,abs21110
1,4 5,1,0,,0,abs21111
1,4,,0,,0,abs21112
1,4,2,0,,1,abs21113
1,5,,0,,1,abs21114
1,,,,,1,abs21115
1,,,,,1,abs21116
1,1 2 3 5 6,,,,0,abs21117
1,4 5,2,,,0,abs21118
1,4 5,1,0,,0,abs21119
1,4 5 6,,,,0,abs21120
1,4 5 6,2,0,,1,abs21121
1,5 6,2,0,,1,abs21122
1,4 6,,,,0,abs21123
1,4,,0,1,1,abs21124
1,6,1,0,,0,abs21125
1,4,,0,,1,abs21126
1,5,,0,,0,abs21127
1,4 5,,,,1,abs21128
1,3 5 6,,0,,0,abs21129
1,5,2,0,,0,abs21130
1,5 6,,,,0,abs21131
1,4 5,2,0,,1,abs21132
1,6,2,0,,0,abs21133
1,6,,0,,1,abs21134
1,4 5 6,,0,,0,abs21135
1,4 6,2,0,,0,abs21136
1,,2,,,0,abs21137
1,4 5,,0,,0,abs21138
1,4,,0,,1,abs21139
1,4,1,,,1,abs21140
1,6,,0,,1,abs21141
1,6,,,,1,abs21142
1,4 5,,0,1,1,abs21143
1,5,,0,,0,abs21144
1,4 5 6,,0,,0,abs21145
1,,,,,1,abs21146
1,4 5 6,2,0,,0,abs21147
1,3,,,,1,abs21148
1,6,2,0,,0,abs21149
1,4 5,,,,1,abs21150
1,2,,,,1,abs21151
0,,,,,1,abs21152
1,4 5,,0,,1,abs21153
1,6,2,0,,1,abs21154
1,6,2,0,,1,abs21155
1,,,,,1,abs21156
1,4 5,,,,1,abs21157
1,4,,,,1,abs21158
1,4 5 6,,0,,0,abs21159
1,4 5,1,0,1,0,abs21160
1,4 5,1,,,1,abs21161
1,5 6,,,,0,abs21162
1,6,2,0,,1,abs21163
1,1 2 4 5 6,,,,1,abs21164
1,6,2,0,,0,abs21165
1,6,,0,,0,abs21166
1,4 6,2,0,,1,abs21167
1,6,,0,,0,abs21168
1,2,2,26,,0,abs21169
1,,,0,,0,abs21170
1,6,2,0,,0,abs21171
1,4,,,,1,abs21172
1,5,1,0,,0,abs21173
1,5,,0,,0,abs21174
1,6,2,0,,0,abs21175
0,,,,,0,abs21176
1,6,2,0,,1,abs21177
1,4 5 6,,,,1,abs21178
1,1 2,,22,1,1,abs21179
1,4 5 6,,0,1,1,abs21180
1,4 5 6,2,0,,0,abs21181
1,6,2,0,,0,abs21182
1,5 6,1,0,,0,abs21183
1,4,2,0,,0,abs21184
1,6,,,,1,abs21185
1,4 5 6,,0,,0,abs21186
1,5,1,0,,0,abs21187
1,3,,0,,0,abs21188
1,4 5 6,,0,1,1,abs21189
1,6,2,0,,0,abs21190
1,4 5 6,,0,,1,abs21191
1,4 5 6,,0,,0,abs21192
1,2,,12,,1,abs21193
1,4 5 6,,0,,0,abs21194
1,5 6,,0,,0,abs21195
1,6,,,,0,abs21196
1,5,1,0,,1,abs21197
1,5 6,,0,,0,abs21198
1,6,,,,0,abs21199
1,5 6,,0,,1,abs21200
1,5,,0,,0,abs21201
1,3,,,,0,abs21202
1,4 5 6,,0,,0,abs21203
1,4 5 6,2,0,,0,abs21204
1,4 5 6,,0,,0,abs21205
1,6,2,0,,1,abs21206
1,4 5 6,2,0,,1,abs21207
1,4 5 6,2,0,,0,abs21208
1,5 6,1,0,,1,abs21209
1,5,,0,,0,abs21210
1,4 5 6,,0,1,1,abs21211
1,4 5,,0,,0,abs21212
1,4 5 6,1,0,,1,abs21213
1,4 5,,0,,1,abs21214
1,6,2,0,,0,abs21215
1,3,,0,,0,abs21216
1,4 5,,28,,1,abs21217
1,4 5 6,1,0,,0,abs21218
1,6,,0,,0,abs21219
1,5,,0,,1,abs21220
1,4 5 6,,0,,0,abs21221
1,4 5 6,1,0,,0,abs21222
1,4 5 6 7,2,0,,0,abs21223
1,6,,0,,0,abs21224
1,6,1,0,,0,abs21225
1,4,,,,1,abs21226
1,6,,0,,1,abs21227
1,4 5,2,0,,1,abs21228
1,3,1,0,,0,abs21229
1,3 4 5 6,2,0,,1,abs21230
1,2,2,,,1,abs21231
1,6,2,0,,0,abs21232
1,4 5,,0,,1,abs21233
1,4 5,1,0,,0,abs21234
0,,,,,0,abs21235
1,2,,12,,0,abs21236
1,4 5,,0,,0,abs21237
1,4 5 6,2,0,,0,abs21238
1,,1,0,,1,abs21239
1,6,,0,,1,abs21240
1,6,,0,,0,abs21241
1,6,2,0,,0,abs21242
1,6,2,0,,0,abs21243
1,4 5,2,0,,1,abs21244
1,6,,0,,0,abs21245
0,,,,,1,abs21246
1,6,2,0,,0,abs21247
1,6,,0,,0,abs21248
1,1 2,,,,0,abs21249
1,4 5,1,0,,1,abs21250
1,4 5,,0,,0,abs21251
1,4 5,2,,,1,abs21252
1,4 5,,0,,0,abs21253
1,5,,0,,1,abs21254
1,5 6,,0,,1,abs21255
1,4 5 6,,0,,0,abs21256
1,6,1,0,1,0,abs21257
1,6 7,,0,,1,abs21258
1,5 6,,0,,0,abs21259
0,,,,,0,abs21260
1,6,,0,,1,abs21261
1,0,,0,,1,abs21262
1,4 5,,,,1,abs21263
0,,,,,0,abs21264
1,6,2,12,,0,abs21265
1,4 5,2,0,,1,abs21266
1,5 6,,0,,1,abs21267
1,5,,0,,1,abs21268
1,4 5 6,2,0,,0,abs21269
1,4,2,,,1,abs21270
1,4 5 6,2,0,,0,abs21271
1,4 5,,0,,0,abs21272
1,5 6,,,,0,abs21273
1,4 5,2,0,,1,abs21274
1,4 6,2,0,,0,abs21275
1,4,,0,,0,abs21276
1,4 5,2,0,,0,abs21277
1,4 5 6 7,2,0,,0,abs21278
1,5,1,0,,1,abs21279
1,4 5,,,,0,abs21280
1,,2,0,,0,abs21281
1,4 5 6,,0,,1,abs21282
1,4 5 6,2,0,,0,abs21283
1,6,2,0,,0,abs21284
1,6,2,0,,0,abs21285
1,1 2,,,,1,abs21286
1,3,,0,,0,abs21287
1,3 5 6,,0,,0,abs21288
1,3,,0,,1,abs21289
1,6,,0,,0,abs21290
1,6,,0,,0,abs21291
1,4 5 6,,0,,0,abs21292
1,6,2,0,,1,abs21293
1,4 6,2,,,0,abs21294
1,6,2,0,,0,abs21295
1,,2,0,,1,abs21296
1,4 5,,0,,1,abs21297
1,5,,0,,0,abs21298
1,4 5 6,2,0,,0,abs21299
1,4,2,0,,0,abs21300
1,6,2,0,,0,abs21301
0,,,,,0,abs21302
1,4 5,2,0,,0,abs21303
1,4 5 6,,0,,1,abs21304
1,4 5,,,,0,abs21305
1,5,,,,0,abs21306
1,5,1,0,,0,abs21307
1,6,2,0,,0,abs21308
1,5,2,0,,0,abs21309
1,4 6,,0,1,1,abs21310
1,5,,0,,0,abs21311
1,4,,0,,0,abs21312
1,1 2,,,,0,abs21313
1,4 5,,0,,0,abs21314
0,,,,,1,abs21315
1,4 5,1,0,,1,abs21316
1,6 7,,0,,0,abs21317
1,6,2,0,,0,abs21318
1,5 6 7,1,0,,1,abs21319
1,4 5 6,,0,,0,abs21320
1,4,2,0,1,1,abs21321
1,4 5 6,2,,,0,abs21322
1,3,,0,,1,abs21323
1,5,,0,,0,abs21324
1,6,,0,,0,abs21325
1,6,2,0,,1,abs21326
1,4 5 6,1,0,1,1,abs21327
1,1 3 5 6,1,,1,1,abs21328
1,6,1,0,,0,abs21329
1,4,,,,1,abs21330
1,4 5,1,0,,0,abs21331
1,5,,0,1,1,abs21332
1,6,,0,,0,abs21333
1,4 5 6,,0,,0,abs21334
1,2 5,2,,,0,abs21335
1,5,,0,,0,abs21336
1,4 5,2,0,,0,abs21337
1,4 5 6,2,0,,1,abs21338
1,6,,0,,0,abs21339
1,4 5,1,0,,0,abs21340
1,6,,0,,1,abs21341
1,5,,0,,0,abs21342
1,6,,0,,0,abs21343
1,4,,0,,1,abs21344
1,3,,0,,0,abs21345
1,2 6,1,,,1,abs21346
1,3 4 5,,0,,0,abs21347
1,4 5,,0,,1,abs21348
1,6,2,0,,1,abs21349
1,1 2,2,22,,0,abs21350
1,4 7,2,0,,1,abs21351
1,4 5,,0,,0,abs21352
1,5 6,2,0,,0,abs21353
1,6,,0,,1,abs21354
1,4 6,,,,1,abs21355
1,3 5,,0,,0,abs21356
1,4 5,,,,0,abs21357
1,6,,0,,0,abs21358
1,6,2,0,,0,abs21359
1,2,2,,,0,abs21360
0,,,,,1,abs21361
1,4 5 6,,0,,0,abs21362
1,6,,0,,0,abs21363
1,,,,,1,abs21364
1,4 5,1,0,,0,abs21365
1,4 6,,0,,0,abs21366
1,6,,0,,0,abs21367
1,4 5,,0,,0,abs21368
1,4 5,2,0,,0,abs21369
1,0,0,0,,1,abs21370
1,4 5,,0,,0,abs21371
1,5,,0,,0,abs21372
1,4 5,2,0,,0,abs21373
1,6,,,,1,abs21374
1,4 5,,0,,1,abs21375
1,4 5,,0,,1,abs21376
1,4 5,,0,,1,abs21377
1,3 6,2,0,,0,abs21378
1,4 6,,0,1,1,abs21379
1,3 4 5 6,,0,1,0,abs21380
1,6,,0,,0,abs21381
1,4 5 6,,7,,1,abs21382
1,6,2,0,,0,abs21383
1,5,2,0,,0,abs21384
1,3,,0,,0,abs21385
1,4 5 6 7,2,0,,1,abs21386
1,5,,0,,0,abs21387
1,4,,0,1,1,abs21388
1,4 5,,0,,0,abs21389
1,7,,0,,0,abs21390
1,4,,0,,1,abs21391
1,,,0,,0,abs21392
1,4 5,,0,,0,abs21393
1,6,2,,,1,abs21394
1,4 5 6,,,,0,abs21395
1,4 5,,0,,0,abs21396
1,6 7,2,0,,1,abs21397
1,6,,0,,0,abs21398
1,4,,,,0,abs21399
1,5,,0,,0,abs21400
1,1 2,,,1,0,abs21401
1,5 6,2,0,,0,abs21402
1,3 4,1,0,1,1,abs21403
1,,,,,1,abs21404
1,6,,0,,0,abs21405
1,6,2,0,,1,abs21406
1,4 5 6,2,0,,0,abs21407
1,5,,0,,1,abs21408
1,6,2,0,,0,abs21409
1,4 5 6,,0,,0,abs21410
1,4 5,,0,,0,abs21411
1,7,,0,,0,abs21412
1,5,,0,,0,abs21413
1,2,,24,,1,abs21414
1,5,,0,,0,abs21415
1,4 5,2,0,,0,abs21416
1,4 5,,0,,0,abs21417
1,4 6,,0,,0,abs21418
1,6,1,0,,0,abs21419
1,4 5 6,1,0,,1,abs21420
1,5,,0,,0,abs21421
1,6,1,0,,1,abs21422
1,4,,,,0,abs21423
1,4 5,,0,,1,abs21424
1,6,,0,,0,abs21425
1,4 5 6,,,,1,abs21426
1,0,,0,,1,abs21427
1,6,,0,,0,abs21428
1,2 3 4 5 6,,,,1,abs21429
1,5 6,,0,,0,abs21430
1,4 5,,0,,0,abs21431
1,6,2,0,,0,abs21432
1,,,,,0,abs21433
1,6,2,0,,0,abs21434
1,5,,0,,1,abs21435
1,6,2,0,,0,abs21436
1,4,2,,,1,abs21437
1,4 5,,0,,0,abs21438
1,4 5,,0,,0,abs21439
1,6,,0,,1,abs21440
1,6,,0,,1,abs21441
0,,,,,1,abs21442
1,4 5 6,,0,,0,abs21443
1,6,2,0,,0,abs21444
1,6,,0,,1,abs21445
1,4 5 6,2,,,1,abs21446
1,3,,0,,1,abs21447
1,3 7,,0,,1,abs21448
1,4 5,,,,1,abs21449
1,4,,0,,1,abs21450
0,,,,,0,abs21451
1,6,,0,,1,abs21452
0,,,,,1,abs21453
0,,,,,1,abs21454
1,4 5,,0,,1,abs21455
1,3 6,,0,,1,abs21456
1,4 5,2,0,,0,abs21457
1,,,0,,1,abs21458
1,4 5,2,,,1,abs21459
1,,,0,,1,abs21460
1,,,0,,1,abs21461
1,5 6,,0,,0,abs21462
1,,1,,,1,abs21463
1,4 5,,,,1,abs21464
1,3,,0,,1,abs21465
1,4 5 6,,0,,1,abs21466
1,2,,,1,1,abs21467
1,4 5,,0,,1,abs21468
1,6,,,,1,abs21469
1,5,1,,,0,abs21470
1,4 5,,,,1,abs21471
1,4 5 6,,0,,0,abs21472
1,6,2,0,,0,abs21473
1,3,,,1,1,abs21474
1,3 6,,0,,0,abs21475
1,1 2,1,,,1,abs21476
1,6,,0,,0,abs21477
1,3,,0,1,1,abs21478
1,3,,0,,0,abs21479
1,4 6,,,,1,abs21480
0,,,,,0,abs21481
1,6 7,,0,,1,abs21482
1,4 5,2,,,1,abs21483
0,,,,,0,abs21484
1,6,2,0,,0,abs21485
0,,,,,0,abs21486
0,,,,,1,abs21487
1,2 3 6,,,,1,abs21488
1,,2,,,1,abs21489
1,3,,0,1,1,abs21490
0,,,,,1,abs21491
1,6,2,0,,0,abs21492
1,6,,,,1,abs21493
0,,,,,1,abs21494
1,1 2,,,,0,abs21495
0,,,,,1,abs21496
0,,,,,1,abs21497
1,,,,,0,abs21498
1,,2,,,0,abs21499
1,4 5,2,0,,1,abs21500
1,,,0,,1,abs21501
0,,,,,1,abs21502
1,6,,,,1,abs21503
0,,,,,1,abs21504
1,2,,0,,1,abs21505
1,4,2,0,,1,abs21506
1,6,,,,0,abs21507
1,6,2,0,,0,abs21508
1,2 3 6,,26,,0,abs21509
0,,,,,1,abs21510
1,1 2,2,26,,1,abs21511
1,,,,,1,abs21512
1,4 5 6,,0,,0,abs21513
1,6,,0,,1,abs21514
1,6,,0,,0,abs21515
0,,,,,0,abs21516
1,2,,,,0,abs21517
1,2,,,,1,abs21518
0,,,,,0,abs21519
1,,2,,,1,abs21520
1,3,,,,0,abs21521
0,,,,,1,abs21522
0,,,,,1,abs21523
1,2,,23,,1,abs21524
1,7,2,0,,1,abs21525
1,6,,,,0,abs21526
1,6,2,,1,1,abs21527
1,,,,,1,abs21528
0,,,,,1,abs21529
1,5,2,0,,0,abs21530
1,1 2,,14 22,,0,abs21531
0,,,,,1,abs21532
1,6,,,,1,abs21533
1,6,,0,,0,abs21534
0,,,,,0,abs21535
1,3 5,2,0,,0,abs21536
1,,1,,,1,abs21537
0,,,,,1,abs21538
1,3,1,0,1,1,abs21539
0,,,,,1,abs21540
0,,,,0,1,abs21541
1,6,1,0,,1,abs21542
1,6,,0,,1,abs21543
1,3,,0,,0,abs21544
1,3,,0,,1,abs21545
1,,,,,1,abs21546
0,,,,,1,abs21547
1,6,,0,,1,abs21548
0,,,,,1,abs21549
1,,2,0,,1,abs21550
1,3,1,15,,0,abs21551
1,3,,0,,1,abs21552
1,6,,0,,1,abs21553
1,6,,0,,0,abs21554
1,6,,0,,0,abs21555
1,6,2,0,,0,abs21556
0,,,,,0,abs21557
1,1 2,,14,,0,abs21558
0,,,,,1,abs21559
1,6,,0,,0,abs21560
1,0,,0,,1,abs21561
1,2,,0,,1,abs21562
0,,,,,1,abs21563
1,5 6,2,0,,0,abs21564
1,5 6,2,0,,0,abs21565
1,3,,0,,1,abs21566
1,3 5 6,1,0,,0,abs21567
0,,,,,1,abs21568
1,1 2,,,1,1,abs21569
1,3,,0,1,1,abs21570
1,2,1,,,0,abs21571
1,6,0,0,,0,abs21572
1,6,,,,1,abs21573
1,6,,0,,0,abs21574
1,3,2,0,,1,abs21575
1,6,2,,,1,abs21576
1,2,,0,,1,abs21577
1,,,0,,1,abs21578
1,1 2,,9,,0,abs21579
0,,,,,1,abs21580
1,6,,,,0,abs21581
0,,,,,1,abs21582
0,,,,,1,abs21583
1,6,2,0,,0,abs21584
1,6,2,,,0,abs21585
1,3,,0,1,1,abs21586
1,3,,0,1,1,abs21587
1,3,2,0,,1,abs21588
1,,2,0,,1,abs21589
1,,2,0,,1,abs21590
1,1 2,,,,1,abs21591
1,1 2,2,,1,1,abs21592
1,6,,,1,1,abs21593
1,3,,,1,1,abs21594
1,3,,0,1,1,abs21595
1,1 2,2,7,,1,abs21596
1,2,2,0,,1,abs21597
1,,,,,0,abs21598
1,,,0,,1,abs21599
1,6,2,0,1,0,abs21600
1,3,,0,1,1,abs21601
1,,,,,1,abs21602
1,3,2,0,1,1,abs21603
1,3,,0,1,1,abs21604
1,,2,0,,1,abs21605
1,1 2,,,,1,abs21606
1,,,0,1,1,abs21607
1,6,,0,,0,abs21608
1,,,0,,1,abs21609
1,6,1,0,,0,abs21610
1,1 2,,,1,0,abs21611
1,2,,,,1,abs21612
1,1 2,,7,,0,abs21613
1,7,,0,1,1,abs21614
1,2,,12,,1,abs21615
1,5,2,0,,1,abs21616
1,3 6,,0,1,0,abs21617
1,6,,,,1,abs21618
1,2,,,,1,abs21619
1,,,0,1,1,abs21620
1,3,,0,1,1,abs21621
1,,,0,,1,abs21622
1,1 2,,,1,1,abs21623
1,1 2 6,,,1,0,abs21624
1,,2,0,,1,abs21625
1,3,,0,,1,abs21626
1,2,2,,,1,abs21627
1,3 6,2,0,1,1,abs21628
1,1 2 3 4 5 6,,,,1,abs21629
1,1 2,,9,1,1,abs21630
1,1 2,,,1,0,abs21631
1,2,,22,,1,abs21632
1,3 7,,,,1,abs21633
1,1 2 3 5 6,,,,0,abs21634
1,2,,,,0,abs21635
1,2,,,1,1,abs21636
1,1 2,,22,1,1,abs21637
1,2,,,,0,abs21638
1,1 2 3 4 5 6,,,,1,abs21639
1,2,,12,,1,abs21640
1,5,,0,,1,abs21641
1,1 2,,7 15,1,1,abs21642
1,,,0,,1,abs21643
1,2,,8,,1,abs21644
1,2,,,,0,abs21645
1,2,,,,1,abs21646
1,1 2,,,1,1,abs21647
1,2,2,0,,1,abs21648
1,1 2,,,,1,abs21649
1,1 2,,22,1,1,abs21650
1,2,,,,0,abs21651
1,,,,,1,abs21652
1,1 2,,,1,0,abs21653
1,,2,0,,1,abs21654
1,,,0,1,1,abs21655
1,,,0,,1,abs21656
1,,,0,,1,abs21657
1,,,,,1,abs21658
1,,,0,,1,abs21659
1,2,,0,,1,abs21660
1,,2,0,,1,abs21661
1,3,,0,,1,abs21662
1,,2,0,,1,abs21663
1,,2,0,,1,abs21664
1,1 2,,,,0,abs21665
1,2 6,,,,0,abs21666
1,6,2,0,,1,abs21667
1,,,0,,1,abs21668
1,,2,0,,1,abs21669
1,4 5,1,0,,0,abs21670
1,6,,0,,0,abs21671
1,1 2,,22,1,1,abs21672
1,6,,,,0,abs21673
1,5 6,2,0,,0,abs21674
1,,,0,,1,abs21675
1,1 2,,,1,1,abs21676
1,2,2,,,1,abs21677
1,2,2,,,1,abs21678
1,1 2,2,34,,1,abs21679
1,,,0,,1,abs21680
1,2,,0,1,1,abs21681
1,,,,,1,abs21682
1,,,,,1,abs21683
1,,,0,,1,abs21684
1,1 2,2,,,1,abs21685
1,,2,,,1,abs21686
0,,,,,1,abs21687
1,3,,0,,1,abs21688
1,,2,0,,1,abs21689
1,,2,0,,1,abs21690
1,1 2,,,,0,abs21691
1,1 2,,,,1,abs21692
1,1 2,,,1,1,abs21693
1,7,2,0,1,1,abs21694
1,,2,0,1,1,abs21695
1,3 6,2,0,1,1,abs21696
1,6,,0,,1,abs21697
1,3 6,,,1,1,abs21698
1,2,,22,,1,abs21699
1,2,,,1,1,abs21700
1,2,2,,,1,abs21701
1,3,,0,,1,abs21702
1,3,2,0,1,1,abs21703
1,4 5,1,0,,0,abs21704
1,,1,,,1,abs21705
1,2,,,,0,abs21706
0,,,,,1,abs21707
1,5 6,,0,,0,abs21708
1,2,,,,1,abs21709
1,3,,0,1,1,abs21710
1,2,,0,,1,abs21711
1,3,,,,1,abs21712
1,3,,0,1,1,abs21713
1,1 2,,,1,1,abs21714
1,2,2,0,,1,abs21715
1,1 2,,,,1,abs21716
1,7,2,0,,1,abs21717
1,0,2,0,,1,abs21718
1,1 2,,7,,1,abs21719
1,2,,,,0,abs21720
1,3,1,,1,1,abs21721
1,1 2,,22,,1,abs21722
0,,,,,1,abs21723
1,0,2,0,,1,abs21724
1,2,,,1,1,abs21725
1,1 2,,,1,0,abs21726
1,,,,,1,abs21727
1,1 2,,,,0,abs21728
1,6,,0,,0,abs21729
1,,2,0,,1,abs21730
1,,2,0,,1,abs21731
1,2,,,,1,abs21732
1,1 2,,40,,0,abs21733
1,,,,,1,abs21734
1,2,,,,1,abs21735
0,,,,,1,abs21736
1,2,,,,1,abs21737
1,,,,,0,abs21738
1,,2,0,,1,abs21739
1,3,,0,,1,abs21740
1,,1,,,0,abs21741
1,1 2,,,,1,abs21742
1,,,0,,0,abs21743
1,,,,,1,abs21744
1,1 2,,,1,1,abs21745
0,,,,,0,abs21746
1,5 6,1,0,,0,abs21747
1,,2,0,,1,abs21748
1,3 6,2,,1,1,abs21749
1,5 6,,0,,1,abs21750
1,2,2,,,1,abs21751
1,0,,0,,0,abs21752
1,6,,0,,1,abs21753
0,,,,,1,abs21754
1,1 2,,22,,0,abs21755
1,2,,,,1,abs21756
1,,2,,,1,abs21757
1,6,,0,,1,abs21758
1,,,0,,1,abs21759
1,,,0,,1,abs21760
1,2,2,0,,0,abs21761
1,1 2,,,1,0,abs21762
1,,,0,,1,abs21763
1,2,,3,,1,abs21764
1,1 2,1,,1,1,abs21765
1,,,,,0,abs21766
1,2,,,,0,abs21767
1,6,,0,,0,abs21768
0,,,,,0,abs21769
1,1 2,,,,0,abs21770
0,,,,,0,abs21771
1,1 2,2,8,1,1,abs21772
1,,2,0,,1,abs21773
1,,,0,,0,abs21774
1,1 2,,,1,0,abs21775
1,3,,0,,1,abs21776
1,3,,0,1,1,abs21777
1,2,,0,,1,abs21778
1,5,,0,,0,abs21779
1,1 2,,,,1,abs21780
1,2,,,,1,abs21781
1,,2,0,,1,abs21782
1,6,2,0,,0,abs21783
1,2,,0,,0,abs21784
1,2,,0,,1,abs21785
1,,2,0,,0,abs21786
1,3 6,,,1,0,abs21787
1,,,0,,1,abs21788
1,1 2 3 6,,7,,0,abs21789
1,2,,,,1,abs21790
1,2,2,0,,1,abs21791
1,2,,,,1,abs21792
1,1 2 3,,,1,1,abs21793
1,1 2,,8,,1,abs21794
1,,,0,,1,abs21795
1,3,,0,1,1,abs21796
1,,2,0,,1,abs21797
1,,,,,1,abs21798
1,,2,0,,1,abs21799
1,3,,0,,1,abs21800
1,1 2,,8 30,,1,abs21801
1,5,,0,,0,abs21802
1,1 2,,,,0,abs21803
1,2 3,,,1,1,abs21804
1,2,,0,,1,abs21805
1,,2,0,,1,abs21806
1,5 6,1,0,,0,abs21807
1,1 2,,10,,0,abs21808
1,5,,0,,0,abs21809
1,2,2,0,,1,abs21810
1,6,2,0,,1,abs21811
1,2,,12,1,1,abs21812
1,3,2,0,1,1,abs21813
1,,2,0,,1,abs21814
1,1 2,,7,1,1,abs21815
1,3,,0,,0,abs21816
1,,,,,1,abs21817
1,1 2,2,,,1,abs21818
1,1 3 5 6,,,,0,abs21819
1,3,,0,1,1,abs21820
1,,2,0,,1,abs21821
1,2,,,1,0,abs21822
1,6,2,0,,0,abs21823
0,,,,,0,abs21824
1,2 3,,,,0,abs21825
1,1 2,,14 26,,1,abs21826
1,,,,,1,abs21827
1,,2,0,,1,abs21828
1,1 2,,,1,1,abs21829
0,,,,,1,abs21830
1,1 2 6 7,,7 26,1,0,abs21831
1,2,,0,,1,abs21832
1,,2,0,,1,abs21833
1,,,0,,1,abs21834
1,,2,,,1,abs21835
1,2,,0,,1,abs21836
1,1 2,,,,1,abs21837
1,1 2,2,7,,1,abs21838
1,1 2,,,1,1,abs21839
1,2,,0,,1,abs21840
1,1 2,,26,,1,abs21841
1,5,,0,,1,abs21842
1,6,,0,,0,abs21843
1,1 2,2,5,,0,abs21844
1,2,,,,0,abs21845
1,3,,0,1,1,abs21846
1,,2,0,,1,abs21847
1,1 2,,,,1,abs21848
1,6,,,,1,abs21849
1,5,,,,1,abs21850
1,5,,0,,0,abs21851
1,,,0,,1,abs21852
1,6,,0,,0,abs21853
0,,,,,1,abs21854
1,3 5 6,,0,1,1,abs21855
1,4 5 6,,0,,0,abs21856
1,2,1,,,1,abs21857
1,2,2,,,1,abs21858
1,,,0,1,1,abs21859
1,2,,22 26,,1,abs21860
1,,2,0,,1,abs21861
1,1 2,,,1,1,abs21862
1,,,0,,1,abs21863
1,2,,,,1,abs21864
1,,,0,,1,abs21865
1,2,2,12,1,1,abs21866
1,1 2,,22,1,1,abs21867
1,,,0,,1,abs21868
1,4 5 6,1,,1,0,abs21869
1,1 2,,,1,0,abs21870
1,,,0,,1,abs21871
1,2,,,1,1,abs21872
1,,2,0,,1,abs21873
1,1 2,,9,1,1,abs21874
1,1 2,,7,,0,abs21875
1,1 3,,7,,1,abs21876
1,1 2,,22,,1,abs21877
1,1 2,2,,,1,abs21878
1,5 6,1,0,,0,abs21879
1,3 5,,0,1,1,abs21880
1,3,,,1,1,abs21881
1,2,,,,1,abs21882
1,3,,0,1,1,abs21883
1,6,,0,,0,abs21884
1,1 2,,,1,1,abs21885
1,6,,0,,1,abs21886
1,5 6,2,0,,0,abs21887
1,2,,,,1,abs21888
1,3,,0,1,1,abs21889
1,1 2,2,22,,1,abs21890
1,1 2,,,1,1,abs21891
1,1 2,,10,,1,abs21892
1,6,,0,,1,abs21893
1,2,,,,0,abs21894
1,2,,,,0,abs21895
1,2,,,,0,abs21896
1,,2,,,1,abs21897
1,2,,0,,1,abs21898
1,2,2,0,,1,abs21899
1,,2,0,,1,abs21900
1,,,,,1,abs21901
1,6,,,,1,abs21902
1,2,,0,,1,abs21903
1,1 2,,,1,1,abs21904
1,1 2,,5 22,,1,abs21905
1,1 2,,9,1,1,abs21906
1,,,0,,1,abs21907
1,,2,0,,1,abs21908
1,5 7,1,0,1,1,abs21909
1,2,,,,0,abs21910
1,1 2,,,,0,abs21911
1,5,,0,,0,abs21912
1,,2,0,,1,abs21913
0,,,,,1,abs21914
1,1 2,,,1,0,abs21915
1,3 7,2,0,1,1,abs21916
1,,,0,,1,abs21917
0,,,,,1,abs21918
1,7,,,,0,abs21919
1,,2,0,,0,abs21920
1,2,,0,,0,abs21921
0,,,,,0,abs21922
1,,,,,0,abs21923
1,2 3,2,,,0,abs21924
1,2,,12,,1,abs21925
1,,,,,1,abs21926
1,2,,,1,1,abs21927
1,,,0,,1,abs21928
1,2 3,1,,1,1,abs21929
1,6,,0,,0,abs21930
1,4 5,2,24,,1,abs21931
1,1 2,,,1,0,abs21932
1,1 2,2,,1,0,abs21933
1,2,,0,,1,abs21934
1,2,,0,,1,abs21935
1,5 6,,,,1,abs21936
1,6,,0,,0,abs21937
1,2,,9,,1,abs21938
1,1 2,,,,1,abs21939
1,,,0,,1,abs21940
1,7,,0,,0,abs21941
0,,,,,1,abs21942
0,,,,,1,abs21943
1,,,0,,1,abs21944
1,1 2,,22,1,1,abs21945
1,2 3,,,1,1,abs21946
1,5,,0,,1,abs21947
1,2,,,,1,abs21948
1,1 2 3,,,1,1,abs21949
1,,2,,,1,abs21950
1,2,,,,1,abs21951
1,7,,,,1,abs21952
1,2,,0,,1,abs21953
1,2,,0,,1,abs21954
1,,,0,,1,abs21955
1,2,,,,1,abs21956
1,,2,0,,1,abs21957
1,2,2,,,1,abs21958
1,,,0,,1,abs21959
1,,,,,1,abs21960
1,2,,,,1,abs21961
1,,,0,,1,abs21962
1,1 2,2,,1,0,abs21963
1,1 2,,,,1,abs21964
1,2,,,,1,abs21965
1,,2,0,,1,abs21966
0,,,,,1,abs21967
0,,,,,0,abs21968
1,1 3,,,,0,abs21969
1,6,,,,0,abs21970
1,6,,0,,1,abs21971
1,1 2,,10 22,,1,abs21972
1,5,,0,,0,abs21973
1,1 2 6,2,,,1,abs21974
1,,,0,,1,abs21975
1,2,,0,,0,abs21976
0,,,,,1,abs21977
1,,2,0,,1,abs21978
1,0,2,0,,1,abs21979
0,,,,,1,abs21980
1,,,,,1,abs21981
1,6,,0,,0,abs21982
1,2,,,,0,abs21983
1,3,,0,1,1,abs21984
1,0,,0,,1,abs21985
1,,2,0,,1,abs21986
1,2,,0,,1,abs21987
1,2,,0,,1,abs21988
1,,,0,,1,abs21989
1,2,,,,1,abs21990
1,1 2,,26,1,1,abs21991
1,,,0,,1,abs21992
1,6,,0,,0,abs21993
1,,2,0,,1,abs21994
1,,,0,,1,abs21995
1,,2,0,,1,abs21996
1,,,0,,1,abs21997
1,,2,0,,1,abs21998
1,1 2,,7,,0,abs21999
1,2,,,,0,abs22000
1,,,,,1,abs22001
1,,1,8,,1,abs22002
1,1 3,,7,1,1,abs22003
1,2,2,0,,0,abs22004
1,3,2,0,,0,abs22005
1,,,0,,1,abs22006
1,,2,0,,1,abs22007
1,,,0,,1,abs22008
1,2 3,,,1,1,abs22009
1,1 2,,22,,1,abs22010
1,1 2,1,,1,1,abs22011
1,3,2,0,1,1,abs22012
1,2,2,,1,1,abs22013
1,3,,0,,1,abs22014
1,2,2,,,1,abs22015
1,2,,,1,0,abs22016
1,2,2,,,1,abs22017
1,5,,0,,0,abs22018
1,,,0,,0,abs22019
1,1 2,2,,,1,abs22020
1,2,,,,1,abs22021
1,1 2,,,,1,abs22022
1,,2,0,,1,abs22023
1,6,2,0,,1,abs22024
1,6,2,0,,0,abs22025
0,,,,,1,abs22026
1,1 2,,7,,1,abs22027
1,2,,25,,0,abs22028
1,1 2,,,1,1,abs22029
1,6,,0,,1,abs22030
1,,,0,,1,abs22031
1,5 6,1,0,,0,abs22032
1,,,0,,1,abs22033
1,2 3,,0,,1,abs22034
1,,2,0,,1,abs22035
0,,,,,1,abs22036
1,,,,,0,abs22037
1,,,,1,1,abs22038
1,,2,0,,1,abs22039
1,1 2 3,2,,1,0,abs22040
1,1 2,,,,1,abs22041
1,2,,0,,1,abs22042
1,1 2,,,1,1,abs22043
1,2,2,0,,1,abs22044
0,,,,,0,abs22045
1,,2,0,,1,abs22046
1,5 6,1,,,0,abs22047
1,0,,0,,1,abs22048
1,2 3,,12,1,1,abs22049
1,,,,,1,abs22050
1,,2,0,,1,abs22051
1,2,2,,,0,abs22052
0,,,,,0,abs22053
1,,,,,1,abs22054
1,,,,,1,abs22055
1,,,0,,1,abs22056
1,,,0,,0,abs22057
1,,,0,,1,abs22058
1,2,,,,1,abs22059
1,2,,,,1,abs22060
1,3,,0,,0,abs22061
1,,,0,,1,abs22062
1,1 2 6,,,,1,abs22063
0,,,,,1,abs22064
1,6,,,,1,abs22065
1,,,,,1,abs22066
0,,,,,1,abs22067
1,,2,,,1,abs22068
1,3,,,1,1,abs22069
1,,2,0,,1,abs22070
1,2,,,,1,abs22071
1,,2,0,,1,abs22072
1,1 2,,,1,0,abs22073
1,,2,,,1,abs22074
1,,,0,,1,abs22075
1,2,,,,1,abs22076
1,1 2 3,,,1,1,abs22077
1,,,0,,1,abs22078
1,3,,,,1,abs22079
1,3 6,,0,1,1,abs22080
1,2,,0,4,0,abs22081
1,,2,0,,1,abs22082
1,0,,,,1,abs22083
1,,,0,,0,abs22084
1,2,,,,1,abs22085
1,,,0,,1,abs22086
1,,,,,0,abs22087
0,,,,,0,abs22088
0,,,,,1,abs22089
1,3,,0,,1,abs22090
1,1 2,,22,,1,abs22091
1,5 6,,0,,0,abs22092
1,,2,,,0,abs22093
1,2,2,12,,1,abs22094
1,5 6,,0,,0,abs22095
1,7,,0,,1,abs22096
1,,,0,,1,abs22097
1,,,,,1,abs22098
1,3,2,0,1,1,abs22099
1,6,1,0,,0,abs22100
1,1 2,,,,1,abs22101
1,,2,0,,1,abs22102
1,,2,0,,1,abs22103
1,,2,0,,1,abs22104
1,2,,0,,1,abs22105
0,,,,,1,abs22106
1,2,,0,,1,abs22107
1,3,2,0,1,1,abs22108
0,,,,,1,abs22109
1,1 2,,7,,1,abs22110
1,1 2,,,1,1,abs22111
1,2 3 4 5 6,,16,1,0,abs22112
1,,,,,0,abs22113
1,1 2,,,1,1,abs22114
1,3,2,0,,1,abs22115
1,4 5,,0,1,0,abs22116
1,2,,,1,1,abs22117
1,,,0,,1,abs22118
1,,2,0,,1,abs22119
1,,,0,,1,abs22120
1,,,,,1,abs22121
1,1 2,,26,,1,abs22122
1,6,2,0,1,1,abs22123
1,3 6,,0,,0,abs22124
1,,,,,1,abs22125
1,,,,,1,abs22126
1,2 3,1,,,0,abs22127
1,6,,0,,0,abs22128
1,3,,0,1,1,abs22129
1,1 2,,,,1,abs22130
1,2,,,,1,abs22131
1,,2,0,,0,abs22132
1,1 2 3 6,2,,,1,abs22133
1,1 2,,,,1,abs22134
1,6,1,,,0,abs22135
1,6,2,0,,0,abs22136
1,,2,0,,1,abs22137
1,,2,0,,1,abs22138
1,2,,,,1,abs22139
1,,,0,,1,abs22140
1,,2,0,,1,abs22141
1,3,,0,,1,abs22142
1,2,,,,1,abs22143
1,,2,0,,1,abs22144
1,,,,,1,abs22145
1,,,0,,1,abs22146
1,2,,,,0,abs22147
1,1 2,,,,0,abs22148
1,1 2 6,2,,,1,abs22149
1,2 3,,,,1,abs22150
1,1 2,2,,1,0,abs22151
1,2,,,,1,abs22152
1,2,,16,,1,abs22153
1,0,,0,,0,abs22154
1,,2,0,,1,abs22155
1,,2,,,1,abs22156
1,,2,0,,1,abs22157
1,,,0,,1,abs22158
1,,,,,1,abs22159
1,,,0,,1,abs22160
1,,,,,1,abs22161
1,2,,12 15,,1,abs22162
1,2 3 6,,,,1,abs22163
1,,2,0,,1,abs22164
1,5,,40,1,1,abs22165
1,2,,,,1,abs22166
1,3,,0,1,1,abs22167
1,,,,,0,abs22168
1,2,,0,,1,abs22169
1,2,,,,1,abs22170
1,2,,,,1,abs22171
1,,2,0,,1,abs22172
1,2,,,,1,abs22173
1,,2,0,,1,abs22174
1,2,,,1,1,abs22175
1,2,2,0,,1,abs22176
1,1 2,,,1,1,abs22177
1,,,0,,1,abs22178
1,,,0,,1,abs22179
1,,2,0,,1,abs22180
1,,,,,0,abs22181
1,,2,,,1,abs22182
0,,,,,0,abs22183
1,2,,0,,1,abs22184
1,6,2,0,,0,abs22185
1,1 2,,,,1,abs22186
1,1 2,,22,,0,abs22187
1,,,,,1,abs22188
1,1 2,2,26,,1,abs22189
0,,,,,1,abs22190
1,,,,,1,abs22191
0,,,,,1,abs22192
1,,2,0,,1,abs22193
1,2,,,,1,abs22194
1,5 6,,0,1,0,abs22195
1,6,,0,,1,abs22196
1,6,2,0,,0,abs22197
1,,,0,,1,abs22198
1,2,,,1,1,abs22199
1,3,,0,,0,abs22200
1,2,2,,,1,abs22201
1,2,,5,,0,abs22202
1,,2,0,,1,abs22203
1,,2,0,,1,abs22204
1,,2,0,,1,abs22205
1,2,,,,1,abs22206
1,2,,12,,1,abs22207
1,2,,0,,0,abs22208
1,,,,,1,abs22209
1,2,,,,1,abs22210
1,3,2,0,1,1,abs22211
1,,2,0,,1,abs22212
1,2,2,,1,0,abs22213
1,,,0,,1,abs22214
1,6,2,0,,1,abs22215
1,,2,0,,1,abs22216
1,,2,,,1,abs22217
1,1 2,2,,,0,abs22218
0,,,,,1,abs22219
1,1 2,,,,0,abs22220
1,2,,,,1,abs22221
1,2,2,0,1,1,abs22222
1,5 6,,0,,0,abs22223
1,2,,0,,1,abs22224
1,1 2,,,1,1,abs22225
1,1 2,,,1,1,abs22226
1,1 2,,,,1,abs22227
1,2,,16,,1,abs22228
1,,,,,1,abs22229
1,6,,0,,1,abs22230
1,2,2,,1,1,abs22231
1,3,2,0,1,1,abs22232
1,1 2,,,,1,abs22233
1,2,,0,,1,abs22234
1,,,0,,1,abs22235
1,3,,0,,0,abs22236
1,2,,0,,1,abs22237
1,2,,,,1,abs22238
1,2,,0,,1,abs22239
1,4 5 6,,0,,0,abs22240
1,1 2,,,1,0,abs22241
1,3,2,0,1,1,abs22242
1,1 2,,7,,1,abs22243
1,,,,,1,abs22244
1,,2,0,,0,abs22245
1,,,,,1,abs22246
1,1 2,,,,1,abs22247
1,6,2,0,,1,abs22248
1,5 6,,0,,0,abs22249
0,,,,,0,abs22250
1,2,2,7,,1,abs22251
1,,,0,,1,abs22252
1,2,2,,,1,abs22253
1,,,0,,1,abs22254
1,,2,,,1,abs22255
1,2,,,,1,abs22256
1,1 2,2,7,,1,abs22257
1,,,0,,1,abs22258
1,1 2,,,1,1,abs22259
1,6,,0,,1,abs22260
1,1 2,,,,1,abs22261
1,2,,,,1,abs22262
1,0,,0,,1,abs22263
1,,2,0,,1,abs22264
1,,2,0,,1,abs22265
1,2,,,,0,abs22266
